date,sp500,vix,treasury_10y,treasury_2y,high_yield_spread,return_1d,return_5d,volatility_5d,volatility_10d,volatility_20d,vix_change_1d,vix_change_5d,vix_vs_realized_vol,yield_curve,treasury_10y_change_5d,treasury_2y_change_5d
2016-08-08,2180.89,11.5,1.59,0.74,,,,,,,,,,0.8500000000000001,,
2016-08-09,2181.74,11.66,1.55,0.71,,0.0003896732066463202,,,,,0.16000000000000014,,,0.8400000000000001,,
2016-08-10,2175.49,12.05,1.5,0.69,,-0.0028687970506289257,,,,,0.39000000000000057,,,0.81,,
2016-08-11,2185.79,11.68,1.57,0.76,,0.004723392742399634,,,,,-0.370000000000001,,,0.81,,
2016-08-12,2184.05,11.55,1.51,0.71,,-0.0007963678724891165,,,,,-0.129999999999999,,,0.8,,
2016-08-15,2190.15,11.81,1.55,0.72,,0.0027890832400516256,0.004236984265979537,0.0473016788711417,,,0.2599999999999998,0.3100000000000005,,0.8300000000000001,-0.040000000000000036,-0.020000000000000018
2016-08-16,2178.15,12.64,1.57,0.76,,-0.0054941419708265955,-0.0016468309114932359,0.06573886915097836,,,0.8300000000000001,0.9800000000000004,,0.81,0.020000000000000018,0.050000000000000044
2016-08-17,2182.22,12.19,1.56,0.74,,0.0018668145969237696,0.003088780736059454,0.06274252664633613,,,-0.45000000000000107,0.1399999999999988,,0.8200000000000001,0.06000000000000005,0.050000000000000044
2016-08-18,2187.02,11.43,1.53,0.71,,0.0021971793405895896,0.0005625673342493964,0.05432705653075329,,,-0.7599999999999998,-0.25,,0.8200000000000001,-0.040000000000000036,-0.050000000000000044
2016-08-19,2183.87,11.34,1.58,0.76,,-0.0014413542987100584,-8.241909197156694e-05,0.05519292600310245,,,-0.08999999999999986,-0.21000000000000085,,0.8200000000000001,0.07000000000000006,0.050000000000000044
2016-08-22,2182.64,12.27,1.55,0.76,,-0.0005633790063612297,-0.0034348813383843616,0.04927072736082646,0.047309175930996636,,0.9299999999999997,0.4599999999999991,,0.79,0.0,0.040000000000000036
2016-08-23,2186.9,12.38,1.55,0.74,,0.0019498626169790064,0.00400912324942118,0.026675364372912517,0.04823419640665466,,0.11000000000000121,-0.2599999999999998,,0.81,-0.020000000000000018,-0.020000000000000018
2016-08-24,2175.44,13.45,1.56,0.76,,-0.005254072980571481,-0.0031117643280740258,0.048079798156424776,0.05370911870855018,,1.0699999999999985,1.2599999999999998,,0.8,0.0,0.020000000000000018
2016-08-25,2172.47,13.63,1.58,0.78,,-0.0013661738453380294,-0.006675117514001649,0.041057272908966144,0.046985333155412035,,0.1800000000000015,2.200000000000001,,0.8,0.050000000000000044,0.07000000000000006
2016-08-26,2169.04,13.65,1.62,0.84,,-0.0015800957333464785,-0.006813858948638166,0.04109171000412779,0.047235838991991234,,0.019999999999999574,2.3100000000000005,,0.7800000000000001,0.040000000000000036,0.07999999999999996
2016-08-29,2180.38,12.94,1.57,0.81,,0.005214500184160159,-0.0010359797581167667,0.06287324346801851,0.053403720678711075,,-0.7100000000000009,0.6699999999999999,,0.76,0.020000000000000018,0.050000000000000044
2016-08-30,2176.12,13.12,1.57,0.8,,-0.0019556990050680497,-0.004941541380163882,0.060500632373433325,0.04655521111814654,,0.17999999999999972,0.7399999999999984,,0.77,0.020000000000000018,0.06000000000000005
2016-08-31,2170.95,13.42,1.58,0.8,,-0.0023786147623904054,-0.002066083161982861,0.05031428494531467,0.0464283581429277,,0.3000000000000007,-0.02999999999999936,,0.78,0.020000000000000018,0.040000000000000036
2016-09-01,2170.86,13.48,1.57,0.78,,-4.145736456113779e-05,-0.00074136668120584,0.04960756739625906,0.04406273111550373,,0.0600000000000005,-0.15000000000000036,,0.79,-0.010000000000000009,0.0
2016-09-02,2179.98,11.98,1.6,0.8,,0.004192300041961849,0.00503102909410244,0.05566750284903775,0.050205347890460356,,-1.5,-1.67,,0.8,-0.020000000000000018,-0.039999999999999925
2016-09-06,2186.48,12.02,1.55,0.74,,0.0029772423433708003,0.00279377125331306,0.046527885720273485,0.05253693282291026,0.048664314728244285,0.03999999999999915,-0.9199999999999999,0.07153568527175572,0.81,-0.020000000000000018,-0.07000000000000006
2016-09-07,2186.16,11.94,1.54,0.74,,-0.00014636466783063686,0.004603105590550379,0.04191184617271412,0.05160043569024781,0.0486632832227047,-0.08000000000000007,-1.1799999999999997,0.07073671677729529,0.8,-0.030000000000000027,-0.06000000000000005
2016-09-08,2181.3,12.51,1.61,0.78,,-0.0022255507805430696,0.004756169572397784,0.04116010669773484,0.0448151927952482,0.048193897776465364,0.5700000000000003,-0.9100000000000001,0.07690610222353463,0.8300000000000001,0.030000000000000027,-0.020000000000000018
2016-09-09,2127.81,17.5,1.67,0.79,,-0.024827747563078314,-0.020030120626119505,0.189098266637868,0.13426841801163206,0.09862961292761993,4.99,4.02,0.07637038707238006,0.8799999999999999,0.09999999999999987,0.010000000000000009
2016-09-12,2159.04,15.16,1.68,0.79,,0.014570396678017971,-0.009652023990063326,0.22783094379118887,0.1582740797531334,0.11369451414148535,-2.34,3.1799999999999997,0.037905485858514665,0.8899999999999999,0.07999999999999985,-0.010000000000000009
2016-09-13,2127.02,17.85,1.73,0.8,,-0.014941739368126835,-0.02757100570156098,0.2387664658801029,0.16994508048771315,0.12371341771724986,2.6900000000000013,5.830000000000002,0.05478658228275016,0.9299999999999999,0.17999999999999994,0.06000000000000005
2016-09-14,2125.77,18.14,1.7,0.77,,-0.000587849405212359,-0.028012490438942696,0.23816097828728194,0.17020125366534325,0.12281530564165272,0.28999999999999915,6.200000000000001,0.05858469435834729,0.9299999999999999,0.15999999999999992,0.030000000000000027
2016-09-15,2147.26,16.3,1.71,0.74,,0.010058521089340135,-0.01572841856905951,0.26372854912572363,0.181218710857199,0.1288379987590426,-1.8399999999999999,3.790000000000001,0.03416200124095742,0.97,0.09999999999999987,-0.040000000000000036
2016-09-16,2139.16,15.37,1.7,0.77,,-0.0037793821611113664,0.005319946832907497,0.18541513713704097,0.18158006599123813,0.1287359385042543,-0.9300000000000015,-2.130000000000001,0.024964061495745704,0.9299999999999999,0.030000000000000027,-0.020000000000000018
2016-09-19,2139.12,15.53,1.7,0.79,,-1.869910337847447e-05,-0.00926914894848904,0.14240142394199085,0.17911638429587803,0.12878587125156357,0.16000000000000014,0.3699999999999992,0.026514128748436422,0.9099999999999999,0.020000000000000018,0.0
2016-09-20,2139.76,15.92,1.69,0.79,,0.0002991437033863788,0.005971734123024299,0.08277633385180858,0.1775757411647101,0.12886415095549633,0.39000000000000057,-1.9300000000000015,0.030335849044503677,0.8999999999999999,-0.040000000000000036,-0.010000000000000009
2016-09-21,2163.12,13.3,1.66,0.79,,0.010857950722306076,0.01741753425054275,0.10432837398798638,0.18927645882904487,0.13528121154163547,-2.619999999999999,-4.84,-0.002281211541635464,0.8699999999999999,-0.040000000000000036,0.020000000000000018
2016-09-22,2177.18,12.02,1.63,0.79,,0.006478837490987623,0.013837850652190153,0.09254537647304983,0.1927861558736084,0.13627343039125783,-1.2800000000000011,-4.280000000000001,-0.01607343039125783,0.8399999999999999,-0.08000000000000007,0.050000000000000044
2016-09-23,2164.69,12.29,1.62,0.77,,-0.005753297289882613,0.011863935523418918,0.10192809445791733,0.14148089683951218,0.1377555724921515,0.2699999999999996,-3.08,-0.014855572492151511,0.8500000000000001,-0.07999999999999985,0.0
2016-09-26,2146.1,14.5,1.59,0.76,,-0.008624922689932854,0.003257711936864456,0.129288852133635,0.12992712993858924,0.14093859258013433,2.210000000000001,-1.0299999999999994,0.004061407419865659,0.8300000000000001,-0.10999999999999988,-0.030000000000000027
2016-09-27,2159.93,13.1,1.56,0.75,,0.006423572318235906,0.009382140551713934,0.13540348487282863,0.10595449684821866,0.14165591124901122,-1.4000000000000004,-2.8200000000000003,-0.010655911249011218,0.81,-0.1299999999999999,-0.040000000000000036
2016-09-28,2171.37,12.39,1.57,0.75,,0.0052824909853757054,0.0038066808147835377,0.11658145114043007,0.10675569816872922,0.1429737565920064,-0.7099999999999991,-0.9100000000000001,-0.019073756592006386,0.8200000000000001,-0.08999999999999986,-0.040000000000000036
2016-09-29,2151.13,14.02,1.56,0.73,,-0.009365019283515956,-0.012037175959720023,0.12177454353326592,0.1107783437980271,0.1465505522762444,1.629999999999999,2.0,-0.006350552276244398,0.8300000000000001,-0.06999999999999984,-0.06000000000000005
2016-09-30,2168.27,13.29,1.6,0.77,,0.007936329103087052,0.0016524504332495688,0.13602588532158535,0.11459941208332369,0.1495568925096969,-0.7300000000000004,1.0,-0.016656892509696902,0.8300000000000001,-0.020000000000000018,0.0
2016-10-03,2161.2,13.57,1.63,0.8,,-0.0032659915807079186,0.007011381542474624,0.11791316470425812,0.11682444363765539,0.14908700579209402,0.28000000000000114,-0.9299999999999997,-0.013387005792094009,0.8299999999999998,0.039999999999999813,0.040000000000000036
2016-10-04,2150.49,13.63,1.69,0.82,,-0.004967899838307758,-0.004380090614069043,0.11505002562416317,0.12067187070507042,0.1493441345433686,0.0600000000000005,0.5300000000000011,-0.013044134543368585,0.87,0.1299999999999999,0.06999999999999995
2016-10-05,2159.73,12.99,1.72,0.85,,0.0042874907334568115,-0.005375090865987911,0.11186739113348135,0.10880496111149436,0.15043857050341974,-0.6400000000000006,0.5999999999999996,-0.02053857050341973,0.87,0.1499999999999999,0.09999999999999998
2016-10-06,2160.77,12.84,1.75,0.86,,0.0004814257702057039,0.004471354187733744,0.08435467448194212,0.10254906562390265,0.15035941886576498,-0.15000000000000036,-1.1799999999999997,-0.021959418865764996,0.89,0.18999999999999995,0.13
2016-10-07,2153.74,13.48,1.73,0.83,,-0.0032587738683275704,-0.0067237487836808284,0.059151942251357593,0.09987549191881265,0.12056191140901244,0.6400000000000006,0.19000000000000128,0.01423808859098756,0.9,0.1299999999999999,0.05999999999999994
2016-10-10,2163.66,13.38,1.73,0.83,,0.0045953664043352545,0.0011376092013623083,0.06863432327408528,0.09148537785147484,0.10997182038367777,-0.09999999999999964,-0.1899999999999995,0.023828179616322234,0.9,0.10000000000000009,0.029999999999999916
2016-10-11,2136.73,15.36,1.77,0.87,,-0.01252460917831065,-0.006419100138640613,0.11196205342959771,0.10707879223843193,0.10584203523229764,1.9799999999999986,1.7299999999999986,0.047757964767702346,0.9,0.08000000000000007,0.050000000000000044
2016-10-12,2139.18,15.91,1.79,0.87,,0.0011459550215575632,-0.009560635850539786,0.10405575429436108,0.10209425178667303,0.10584376757729332,0.5500000000000007,2.92,0.053256232422706676,0.92,0.07000000000000006,0.020000000000000018
2016-10-13,2132.55,16.69,1.75,0.85,,-0.003104131264702985,-0.013146192885448493,0.1019519183658075,0.09301203254093336,0.0999184918521602,0.7800000000000011,3.8500000000000014,0.06698150814783982,0.9,0.0,-0.010000000000000009
2016-10-14,2132.98,16.12,1.8,0.84,,0.00020161621250175643,-0.009685802804619103,0.10355295846331092,0.0796588341810995,0.09909885386626235,-0.5700000000000003,2.6400000000000006,0.062101146133737656,0.9600000000000001,0.07000000000000006,0.010000000000000009
2016-10-17,2126.5,16.21,1.77,0.81,,-0.003042627268630379,-0.017323796477584648,0.08588758815793326,0.07953905030759612,0.09962778414043222,0.08999999999999986,2.83,0.0624722158595678,0.96,0.040000000000000036,-0.019999999999999907
2016-10-18,2139.6,15.28,1.75,0.82,,0.006141459963406811,0.00134227266413268,0.06024175204611092,0.08574918261170275,0.1022153453776907,-0.9300000000000015,-0.08000000000000007,0.050584654622309294,0.93,-0.020000000000000018,-0.050000000000000044
2016-10-19,2144.29,14.41,1.76,0.81,,0.002189599580657028,0.0023859172232321714,0.06163890565546145,0.0830691586392965,0.09432504519879671,-0.8699999999999992,-1.5,0.049774954801203294,0.95,-0.030000000000000027,-0.05999999999999994
2016-10-20,2141.34,13.75,1.76,0.84,,-0.0013766939590792353,0.0041133545288559005,0.056304988347908244,0.08284165572166399,0.09073923714106016,-0.6600000000000001,-2.9400000000000013,0.04676076285893985,0.92,0.010000000000000009,-0.010000000000000009
2016-10-21,2141.16,13.34,1.74,0.84,,-8.406304733510687e-05,0.0038276752690191433,0.05653954561163761,0.08184104970883463,0.08887171191439769,-0.41000000000000014,-2.780000000000001,0.0445282880856023,0.9,-0.06000000000000005,0.0
2016-10-24,2151.33,13.02,1.77,0.84,,0.0047385172845472385,0.0116088198221967,0.05014613324524383,0.08209755465440395,0.08535007983455367,-0.3200000000000003,-3.1900000000000013,0.04484992016544631,0.93,0.0,0.029999999999999916
2016-10-25,2143.16,13.46,1.77,0.86,,-0.003804880140132455,0.001662479718657396,0.05209317798009019,0.053097034178586286,0.08302421350455197,0.4400000000000013,-1.8199999999999985,0.05157578649544803,0.91,0.020000000000000018,0.040000000000000036
2016-10-26,2139.43,14.24,1.79,0.86,,-0.0017419369788728072,-0.0022690568408722626,0.05072248853939865,0.053784090461847685,0.08036056720859526,0.7799999999999994,-0.16999999999999993,0.06203943279140474,0.93,0.030000000000000027,0.04999999999999993
2016-10-27,2133.04,15.36,1.85,0.87,,-0.002991246171217767,-0.0038836090530108775,0.05377636846858157,0.053603662833653004,0.07424014809792923,1.1199999999999992,1.6099999999999994,0.07935985190207076,0.9800000000000001,0.09000000000000008,0.030000000000000027
2016-10-28,2126.41,16.19,1.86,0.86,,-0.0031130804936909326,-0.00691262649936669,0.05558738713588249,0.055830730461293804,0.06782348204738649,0.8300000000000018,2.8500000000000014,0.09407651795261353,1.0,0.1200000000000001,0.020000000000000018
2016-10-31,2126.15,17.06,1.84,0.86,,-0.0001222792860412358,-0.011773423069955205,0.023062517594507986,0.0537107846735233,0.06733110987264479,0.8699999999999974,4.039999999999999,0.10326889012735518,0.9800000000000001,0.07000000000000006,0.020000000000000018
2016-11-01,2111.72,18.56,1.83,0.83,,-0.0068100511662960534,-0.014778594096118832,0.03919392257144863,0.05143629881342763,0.06913064522490997,1.5,5.099999999999998,0.11646935477509002,1.0,0.06000000000000005,-0.030000000000000027
2016-11-02,2097.94,19.32,1.81,0.81,,-0.00654687039773644,-0.01958352751498245,0.04432739583676555,0.053443101631813726,0.06902493554588998,0.7600000000000016,5.08,0.12417506445411003,1.0,0.020000000000000018,-0.04999999999999993
2016-11-03,2088.66,22.08,1.82,0.81,,-0.004433198871881832,-0.021025480215646465,0.04360697250232871,0.05434327705455316,0.06940320122895113,2.759999999999998,6.719999999999999,0.15139679877104886,1.01,-0.030000000000000027,-0.05999999999999994
2016-11-04,2085.18,22.51,1.79,0.8,,-0.001667529568162566,-0.019579929290118085,0.04696577314210741,0.05294291677891758,0.06915771906550595,0.43000000000000327,6.32,0.15594228093449408,0.99,-0.07000000000000006,-0.05999999999999994
2016-11-07,2131.52,18.71,1.83,0.82,,0.021980157782961814,0.0025225077788848843,0.19337062189615856,0.13201284626877707,0.1070327388683615,-3.8000000000000007,1.6500000000000021,0.08006726113163852,1.0100000000000002,-0.010000000000000009,-0.040000000000000036
2016-11-08,2139.56,18.74,1.88,0.87,,0.0037648601743320194,0.013097419119512883,0.18243402188871705,0.13285562794026956,0.09854357464098083,0.029999999999997584,0.17999999999999972,0.08885642535901915,1.0099999999999998,0.04999999999999982,0.040000000000000036
2016-11-09,2163.26,14.38,2.07,0.9,,0.011016142751234132,0.030660432268483466,0.16894951581261816,0.14362439676962882,0.10592942189153236,-4.359999999999998,-4.9399999999999995,0.037870578108467653,1.17,0.2599999999999998,0.08999999999999997
2016-11-10,2167.48,14.74,2.15,0.92,,0.0019488592414451842,0.03704249038181066,0.14866338845297408,0.14180624204373407,0.10512690624554137,0.35999999999999943,-7.339999999999998,0.04227309375445863,1.23,0.32999999999999985,0.10999999999999999
2016-11-11,2164.45,14.17,2.15,0.92,,-0.001398914799700448,0.03731110515027274,0.14763894230340682,0.14046519042002353,0.10540338107654504,-0.5700000000000003,-8.340000000000002,0.036296618923454954,1.23,0.3599999999999999,0.12
2016-11-14,2164.2,14.48,2.23,1.0,,-0.0001155094545772426,0.01521543791273372,0.07736116137563992,0.1404626367034725,0.10452139598562009,0.3100000000000005,-4.23,0.04027860401437992,1.23,0.3999999999999999,0.18000000000000005
2016-11-15,2180.39,13.37,2.23,1.02,,0.0074529817276226176,0.018903559466024268,0.08370013340378515,0.13416451865503976,0.1054963841459946,-1.1100000000000012,-5.369999999999999,0.02820361585400538,1.21,0.3500000000000001,0.15000000000000002
2016-11-16,2176.94,13.72,2.22,1.0,,-0.00158353887400465,0.00630387784078529,0.05933070196952097,0.1261418849710781,0.10575548845872747,0.3500000000000014,-0.6600000000000001,0.03144451154127255,1.2200000000000002,0.15000000000000036,0.09999999999999998
2016-11-17,2187.12,13.35,2.29,1.04,,0.004665388864814815,0.009020407464155156,0.06424624369656619,0.117710335279288,0.10631302399946126,-0.370000000000001,-1.3900000000000006,0.02718697600053875,1.25,0.14000000000000012,0.12
2016-11-18,2181.9,12.85,2.34,1.07,,-0.002389553027376295,0.008029769236479216,0.0676523459426623,0.11883825793117435,0.1069544618226604,-0.5,-1.3200000000000003,0.021545538177339604,1.2699999999999998,0.18999999999999995,0.15000000000000002
2016-11-21,2198.18,12.42,2.33,1.08,,0.007433688411606853,0.015578967102663255,0.07623451603648879,0.07241019968539923,0.10863782566389733,-0.4299999999999997,-2.0600000000000005,0.015562174336102672,1.25,0.10000000000000009,0.08000000000000007
2016-11-22,2202.94,12.41,2.31,1.07,,0.0021630866034014736,0.010289071978442078,0.06581179204108627,0.0724321091779206,0.10713579014433176,-0.009999999999999787,-0.9599999999999991,0.01696420985566824,1.24,0.08000000000000007,0.050000000000000044
2016-11-23,2204.72,12.43,2.36,1.12,,0.000807684847182356,0.012680295699629106,0.05934861511839813,0.05695432927587013,0.10653234756393036,0.019999999999999574,-1.290000000000001,0.017767652436069634,1.2399999999999998,0.13999999999999968,0.1200000000000001
2016-11-25,2213.35,12.34,2.36,1.12,,0.0039066882037051285,0.011921595038519382,0.057859430468923743,0.05784392766040226,0.1054813508514823,-0.08999999999999986,-1.0099999999999998,0.017918649148517693,1.2399999999999998,0.06999999999999984,0.08000000000000007
2016-11-28,2201.72,13.15,2.32,1.11,,-0.005268331826910543,0.009042816238985297,0.07414179072805253,0.0669338330278575,0.10709094380408053,0.8100000000000005,0.3000000000000007,0.024409056195919474,1.2099999999999997,-0.020000000000000018,0.040000000000000036
2016-11-29,2204.66,12.9,2.3,1.09,,0.0013344289127455414,0.002943556740123956,0.05521763741427754,0.0662201935150024,0.10687955669373413,-0.25,0.4800000000000004,0.022120443306265877,1.2099999999999997,-0.03000000000000025,0.010000000000000009
2016-11-30,2198.81,13.33,2.37,1.11,,-0.002656997068934635,-0.0018765269322121283,0.057129457518779625,0.06156253625645025,0.10339535628037048,0.4299999999999997,0.9199999999999999,0.029904643719629517,1.26,0.06000000000000005,0.040000000000000036
2016-12-01,2191.08,14.07,2.45,1.14,,-0.003521731974758958,-0.006205943754153415,0.05969201012094612,0.06440338654034437,0.10059025148763089,0.7400000000000002,1.6400000000000006,0.040109748512369106,1.3100000000000003,0.0900000000000003,0.019999999999999796
2016-12-02,2191.95,14.12,2.4,1.11,,0.0003969856521291979,-0.009715646305729544,0.04367444046472813,0.06038632216700045,0.09780628583966908,0.049999999999998934,1.7799999999999994,0.043393714160330915,1.2899999999999998,0.040000000000000036,-0.010000000000000009
2016-12-05,2204.71,12.14,2.39,1.13,,0.0058044223683808216,0.001357107889561803,0.0587160999587732,0.0643487968896426,0.09726595524525611,-1.9799999999999986,-1.0099999999999998,0.0241340447547439,1.2600000000000002,0.07000000000000028,0.019999999999999796
2016-12-06,2212.23,11.79,2.39,1.12,,0.0034050755798857375,0.0034277545567019513,0.06277749989762169,0.05574337626589134,0.06596282514835876,-0.3500000000000014,-1.1100000000000012,0.05193717485164123,1.27,0.0900000000000003,0.030000000000000027
2016-12-07,2241.35,12.22,2.34,1.1,,0.013077306345682039,0.01916205797131865,0.0989534301355403,0.08391550034769954,0.0769074668375132,0.4300000000000015,-1.1099999999999994,0.0452925331624868,1.2399999999999998,-0.03000000000000025,-0.010000000000000009
2016-12-08,2246.19,12.64,2.4,1.12,,0.0021570846729904334,0.024840874619068098,0.07845388387958663,0.08377416476323482,0.0697207563948013,0.41999999999999993,-1.4299999999999997,0.056679243605198715,1.2799999999999998,-0.050000000000000266,-0.019999999999999796
2016-12-09,2259.53,11.75,2.47,1.15,,0.005921379481215525,0.030365268448154355,0.06716607439989013,0.08573748197194028,0.07118271492053374,-0.8900000000000006,-2.369999999999999,0.04631728507946625,1.3200000000000003,0.07000000000000028,0.039999999999999813
2016-12-12,2256.96,12.64,2.49,1.15,,-0.0011380520171109239,0.02342279406266249,0.08470799244829955,0.07800415877407617,0.07101947674750944,0.8900000000000006,0.5,0.05538052325249057,1.3400000000000003,0.10000000000000009,0.020000000000000018
2016-12-13,2271.72,12.72,2.48,1.17,,0.006518478790004478,0.026536197272781236,0.08462894496683028,0.08018665337988279,0.07217833898060763,0.08000000000000007,0.9300000000000015,0.055021661019392376,1.31,0.08999999999999986,0.04999999999999982
2016-12-14,2253.28,13.19,2.54,1.27,,-0.008150321360078533,0.005308569567020719,0.09534390965971752,0.09449593297042089,0.07871464330176846,0.46999999999999886,0.9699999999999989,0.05318535669823153,1.27,0.20000000000000018,0.16999999999999993
2016-12-15,2262.03,12.79,2.6,1.29,,0.0038757077378476596,0.007027192631877986,0.09734744243276423,0.08852042631673877,0.07812875757661786,-0.40000000000000036,0.14999999999999858,0.04977124242338213,1.31,0.20000000000000018,0.16999999999999993
2016-12-16,2258.07,12.2,2.6,1.28,,-0.0017521740727583343,-0.0006463609220958552,0.08987731340520176,0.09103859083871911,0.07845499175707982,-0.5899999999999999,0.4499999999999993,0.04354500824292018,1.32,0.1299999999999999,0.13000000000000012
2016-12-19,2262.53,11.71,2.54,1.24,,0.0019731900398514256,0.0024648811348665957,0.09038991323256028,0.08972291994761099,0.07703078594528945,-0.48999999999999844,-0.9299999999999997,0.04006921405471056,1.3,0.04999999999999982,0.09000000000000008
2016-12-20,2270.76,11.45,2.57,1.25,,0.003630921049278551,-0.00042267660585932015,0.07998936671739745,0.08978759296402984,0.0744923639669815,-0.26000000000000156,-1.2700000000000014,0.04000763603301849,1.3199999999999998,0.08999999999999986,0.08000000000000007
2016-12-21,2265.18,11.27,2.55,1.21,,-0.0024603512457385653,0.005267293508480718,0.04740656934065397,0.07098624173189419,0.07584435826817144,-0.17999999999999972,-1.92,0.03685564173182855,1.3399999999999999,0.009999999999999787,-0.06000000000000005
2016-12-22,2260.96,11.43,2.55,1.22,,-0.0018647241237848297,-0.00047313835315181336,0.04320734628942077,0.0721042627815205,0.07670626064956484,0.16000000000000014,-1.3599999999999994,0.037593739350435154,1.3299999999999998,-0.050000000000000266,-0.07000000000000006
2016-12-23,2263.79,11.44,2.55,1.22,,0.0012508980027710417,0.00252993372237755,0.041160783509206336,0.06611673617117672,0.07606725611728778,0.009999999999999787,-0.7599999999999998,0.038332743882712225,1.3299999999999998,-0.050000000000000266,-0.06000000000000005
2016-12-27,2268.88,11.99,2.57,1.28,,0.0022459178098379177,0.0028026614923639484,0.04181360311589284,0.06639756562409536,0.07227025116249235,0.5500000000000007,0.27999999999999936,0.04762974883750766,1.2899999999999998,0.029999999999999805,0.040000000000000036
2016-12-28,2249.92,12.95,2.51,1.26,,-0.008391657636248401,-0.00921991719316287,0.06619782090825253,0.07076727544138227,0.08036315876150363,0.9599999999999991,1.5,0.049136841238496376,1.2499999999999998,-0.06000000000000005,0.010000000000000009
2016-12-29,2249.26,13.37,2.49,1.22,,-0.0002933867970315136,-0.007052952744455761,0.06671225521054411,0.058325428640211376,0.07936205492131343,0.41999999999999993,2.0999999999999996,0.054337945078686556,1.2700000000000002,-0.05999999999999961,0.010000000000000009
2016-12-30,2238.83,14.04,2.45,1.2,,-0.0046478652506068445,-0.009836093871277877,0.07071188526817056,0.05742370624893753,0.08033305050947552,0.6699999999999999,2.6099999999999994,0.06006694949052448,1.2500000000000002,-0.09999999999999964,-0.020000000000000018
2017-01-03,2257.83,12.85,2.45,1.22,,0.008450767046807911,-0.002636224827241045,0.10262667351221441,0.07422065043123816,0.08441090130257058,-1.1899999999999995,1.4100000000000001,0.04408909869742943,1.2300000000000002,-0.09999999999999964,0.0
2017-01-04,2270.75,11.85,2.46,1.24,,0.005705998372356855,0.0008238557352778963,0.11110646717310113,0.07921193285030775,0.08434473102149648,-1.0,-0.14000000000000057,0.03415526897850352,1.22,-0.10999999999999988,-0.040000000000000036
2017-01-05,2269.0,11.67,2.37,1.17,,-0.0007709676024811847,0.008444545769045098,0.08399809824104719,0.07718273119205409,0.08438035139401948,-0.17999999999999972,-1.2799999999999994,0.03231964860598052,1.2000000000000002,-0.13999999999999968,-0.09000000000000008
2017-01-06,2276.98,11.32,2.42,1.22,,0.0035107977582784673,0.01224873032435511,0.08267340423641403,0.07783890221286494,0.07263686969676435,-0.34999999999999964,-2.049999999999999,0.04056313030323566,1.2,-0.07000000000000028,0.0
2017-01-09,2268.9,11.56,2.38,1.21,,-0.003554871008026604,0.013341724566935286,0.07692618381948257,0.07972798048030522,0.07402605181979668,0.2400000000000002,-2.4799999999999986,0.041573948180203324,1.17,-0.07000000000000028,0.010000000000000009
2017-01-10,2268.9,11.49,2.38,1.19,,0.0,0.004890957520127443,0.05796441513614017,0.07957960633514598,0.07120791081468933,-0.07000000000000028,-1.3599999999999994,0.04369208918531067,1.19,-0.07000000000000028,-0.030000000000000027
2017-01-11,2275.32,11.26,2.38,1.2,,0.00282556930401906,0.002010528451789763,0.0454109413869228,0.08004352220522545,0.07160381303664759,-0.23000000000000043,-0.5899999999999999,0.0409961869633524,1.18,-0.08000000000000007,-0.040000000000000036
2017-01-12,2270.44,11.54,2.36,1.18,,-0.00214705654265648,0.000634439511614454,0.04858999882423692,0.06599984639811024,0.06832282186892293,0.27999999999999936,-0.13000000000000078,0.04707717813107706,1.18,-0.010000000000000231,0.010000000000000009
2017-01-13,2274.64,11.23,2.4,1.21,,0.0018481528138047062,-0.0010282054328592954,0.04232501428421038,0.06578363135726328,0.06142839324112566,-0.3099999999999987,-0.08999999999999986,0.05087160675887435,1.19,-0.020000000000000018,-0.010000000000000009
2017-01-17,2267.89,11.87,2.33,1.17,,-0.0029719143156583245,-0.00044524874049098594,0.039528790004230124,0.06210267836056095,0.06120422407836957,0.6399999999999988,0.3099999999999987,0.05749577592163042,1.1600000000000001,-0.04999999999999982,-0.040000000000000036
2017-01-18,2271.89,12.48,2.42,1.23,,0.0017622003864136812,0.0013169516459227493,0.04169900778720276,0.04797755880891608,0.06104239720454123,0.6100000000000012,0.9900000000000002,0.06375760279545878,1.19,0.040000000000000036,0.040000000000000036
2017-01-19,2263.69,12.78,2.47,1.25,,-0.0036158590231882884,-0.005124476681284579,0.04183883810540544,0.04286083034725064,0.06222907451087932,0.29999999999999893,1.5199999999999996,0.06557092548912068,1.2200000000000002,0.0900000000000003,0.050000000000000044
2017-01-20,2271.31,11.54,2.48,1.2,,0.0033605323797867037,0.0003831122411586415,0.05000567811670949,0.04648514109859485,0.06202838257872469,-1.2400000000000002,0.0,0.053371617421275296,1.28,0.1200000000000001,0.020000000000000018
2017-01-23,2265.2,11.77,2.41,1.16,,-0.00269370229296495,-0.004158742865611173,0.05026371752699662,0.04411897954337586,0.0621571455183759,0.23000000000000043,0.5399999999999991,0.0555428544816241,1.2500000000000002,0.010000000000000231,-0.050000000000000044
2017-01-24,2280.07,11.07,2.47,1.21,,0.006543088991933502,0.005356260441980557,0.06725768069884691,0.052907311645894996,0.06586529182645426,-0.6999999999999993,-0.7999999999999989,0.04483470817354575,1.2600000000000002,0.14000000000000012,0.040000000000000036
2017-01-25,2298.37,10.81,2.53,1.23,,0.007994031790009634,0.011588091845576553,0.08380606225220305,0.06472811562550028,0.07113108402812716,-0.2599999999999998,-1.67,0.03696891597187284,1.2999999999999998,0.10999999999999988,0.0
2017-01-26,2296.68,10.63,2.51,1.21,,-0.0007355741836108801,0.014468376685154051,0.07272017118393283,0.06483193678076009,0.07109120128235498,-0.17999999999999972,-2.1499999999999986,0.035208798717645026,1.2999999999999998,0.03999999999999959,-0.040000000000000036
2017-01-27,2294.69,10.58,2.49,1.22,,-0.0008668437196784661,0.010241000585688758,0.07707292583297601,0.06343159011383212,0.06301461761142929,-0.05000000000000071,-0.9599999999999991,0.042785382388570714,1.2700000000000002,0.010000000000000231,0.020000000000000018
2017-01-30,2280.9,11.88,2.49,1.22,,-0.006027656215802972,0.00690704666285084,0.09215429580771653,0.07238876902499174,0.06767297128214203,1.3000000000000007,0.11000000000000121,0.05112702871785797,1.2700000000000002,0.08000000000000007,0.06000000000000005
2017-01-31,2278.87,11.99,2.45,1.19,,-0.0008903958463327385,-0.000526438175415343,0.08026720409431348,0.07050433672131046,0.06499729983875822,0.10999999999999943,0.9199999999999999,0.05490270016124178,1.2600000000000002,-0.020000000000000018,-0.020000000000000018
2017-02-01,2279.55,11.81,2.48,1.22,,0.0002983489915560355,-0.008222120973869053,0.03967538547759068,0.07014268896506266,0.05853399912052927,-0.17999999999999972,1.0,0.05956600087947074,1.26,-0.04999999999999982,-0.010000000000000009
2017-02-02,2280.85,11.93,2.48,1.21,,0.0005701254430369949,-0.006916421347221228,0.04253919433069805,0.06659615186982198,0.05519452627493707,0.11999999999999922,1.299999999999999,0.06410547372506294,1.27,-0.029999999999999805,0.0
2017-02-03,2297.42,10.97,2.49,1.21,,0.007238573675816557,0.0011889960482739375,0.0751543975540936,0.0733473735677323,0.06036399653507957,-0.9599999999999991,0.39000000000000057,0.04933600346492044,1.2800000000000002,0.0,-0.010000000000000009
2017-02-06,2292.56,11.37,2.42,1.16,,-0.002117657077464753,0.00509899518661207,0.05772317370384599,0.07255641187424701,0.06009764055662259,0.3999999999999986,-0.5100000000000016,0.053602359443377406,1.26,-0.07000000000000028,-0.06000000000000005
2017-02-07,2293.08,11.29,2.4,1.16,,0.0002267949521675034,0.006216185985112259,0.05591045717932893,0.06618230731249213,0.05831907418326924,-0.08000000000000007,-0.7000000000000011,0.05458092581673075,1.24,-0.050000000000000266,-0.030000000000000027
2017-02-08,2294.67,11.45,2.34,1.15,,0.0006931502647968556,0.006610987258353054,0.05555926156004243,0.05184207080403657,0.0582874129989074,0.16000000000000014,-0.3600000000000012,0.05621258700109259,1.19,-0.14000000000000012,-0.07000000000000006
2017-02-09,2307.87,10.88,2.4,1.2,,0.005735978912330699,0.011776840727647021,0.06278762813699511,0.05945429242506875,0.06065225138863815,-0.5699999999999985,-1.049999999999999,0.04814774861136186,1.2,-0.08000000000000007,-0.010000000000000009
2017-02-10,2316.1,10.85,2.41,1.2,,0.003559715435258431,0.008097982487088705,0.04858865618508513,0.06077194444568076,0.06046908327007096,-0.030000000000001137,-0.120000000000001,0.04803091672992904,1.2100000000000002,-0.08000000000000007,-0.010000000000000009
2017-02-13,2328.25,11.07,2.43,1.2,,0.005232175748100871,0.015447815312654475,0.040279968232573675,0.05001847887273013,0.06226824534206679,0.22000000000000064,-0.29999999999999893,0.048431754657933215,1.2300000000000002,0.010000000000000231,0.040000000000000036
2017-02-14,2337.58,10.74,2.47,1.25,,0.003999293774357182,0.019220314134843968,0.03128869529144022,0.04793670814883784,0.06103041025029308,-0.33000000000000007,-0.5499999999999989,0.04636958974970692,1.2200000000000002,0.07000000000000028,0.09000000000000008
2017-02-15,2349.25,11.97,2.51,1.27,,0.004979922087050161,0.023507085957097273,0.014256262114682306,0.047556211919870965,0.06226083322026952,1.2300000000000004,0.5200000000000014,0.05743916677973048,1.2399999999999998,0.16999999999999993,0.1200000000000001
2017-02-16,2347.22,11.76,2.45,1.22,,-0.0008644791200295176,0.016906627924737055,0.03922459057796337,0.050096074222811544,0.05988075503168725,-0.21000000000000085,0.879999999999999,0.057719244968312745,1.2300000000000002,0.050000000000000266,0.020000000000000018
2017-02-17,2351.16,11.49,2.42,1.21,,0.0016771742275309119,0.015024086717009347,0.040925176282239475,0.04390871519853318,0.05960077259542003,-0.2699999999999996,0.6400000000000006,0.05529922740457997,1.21,0.009999999999999787,0.010000000000000009
2017-02-21,2365.38,11.57,2.43,1.22,,0.006029862181035704,0.015821773149944127,0.043940962536391764,0.03974454567507275,0.05905938920367733,0.08000000000000007,0.5,0.05664061079632267,1.2100000000000002,0.0,0.020000000000000018
2017-02-22,2362.82,11.74,2.42,1.22,,-0.0010828646208509895,0.010739614754736181,0.05194132559117526,0.0428433529534246,0.05774844793132677,0.16999999999999993,1.0,0.05965155206867324,1.2,-0.050000000000000266,-0.030000000000000027
2017-02-23,2363.81,11.71,2.38,1.18,,0.0004189031146829564,0.00617859578236914,0.04603096935361639,0.04327603160616853,0.053007109372984945,-0.02999999999999936,-0.2599999999999998,0.06409289062701506,1.2,-0.1299999999999999,-0.09000000000000008
2017-02-24,2367.34,11.47,2.31,1.12,,0.0014922378935534736,0.008535312795952134,0.04213230756195564,0.040853108264786143,0.05240101030790989,-0.2400000000000002,-0.28999999999999915,0.06229898969209012,1.19,-0.14000000000000012,-0.09999999999999987
2017-02-27,2369.75,12.09,2.36,1.2,,0.0010175023940541276,0.007875640962475205,0.042421080036571766,0.041076350743714,0.051686977813235405,0.6199999999999992,0.5999999999999996,0.06921302218676459,1.16,-0.06000000000000005,-0.010000000000000009
2017-02-28,2363.64,12.92,2.36,1.22,,-0.0025816606675474183,-0.0007358818861079244,0.02652376605989377,0.04402777294425709,0.046076817908360226,0.8300000000000001,1.3499999999999996,0.08312318209163978,1.14,-0.07000000000000028,0.0
2017-03-01,2395.96,12.54,2.46,1.29,,0.013581181939563836,0.013928164674306817,0.09905752861147726,0.07475692888732881,0.06112376718387222,-0.3800000000000008,0.7999999999999989,0.06427623281612777,1.17,0.040000000000000036,0.07000000000000006
2017-03-02,2381.92,11.81,2.49,1.32,,-0.0058771004764203,0.007632161083203707,0.11699466342694613,0.08385148876474899,0.06766196516913421,-0.7299999999999986,0.09999999999999964,0.0504380348308658,1.1700000000000002,0.11000000000000032,0.14000000000000012
2017-03-03,2383.12,10.96,2.49,1.32,,0.0005036683953830516,0.006643591585033374,0.11722314147576743,0.08310352706921652,0.06768355891575743,-0.8499999999999996,-0.5099999999999998,0.04191644108424257,1.1700000000000002,0.18000000000000016,0.19999999999999996
2017-03-06,2375.31,11.24,2.49,1.31,,-0.003282598257417541,0.0023434909335617138,0.12182703008058128,0.08649773997962479,0.06758473418276024,0.27999999999999936,-0.8499999999999996,0.044815265817239755,1.1800000000000002,0.13000000000000034,0.1100000000000001
2017-03-07,2368.39,11.45,2.52,1.32,,-0.002917555877758864,0.002007595723350205,0.12237896626914269,0.08360632503527364,0.06823535576266142,0.20999999999999908,-1.4700000000000006,0.04626464423733857,1.2,0.16000000000000014,0.10000000000000009
2017-03-08,2362.98,11.86,2.57,1.36,,-0.0022868650550458714,-0.013860451271259408,0.03627672860826011,0.08430974695992076,0.06949132403665266,0.41000000000000014,-0.6799999999999997,0.04910867596334734,1.2099999999999997,0.10999999999999988,0.07000000000000006
2017-03-09,2364.87,12.3,2.6,1.37,,0.0007995177937872365,-0.007183833001051977,0.03083166460214068,0.08438346073059819,0.06947593983530484,0.4400000000000013,0.4900000000000002,0.05352406016469517,1.23,0.10999999999999988,0.050000000000000044
2017-03-10,2372.6,11.66,2.58,1.36,,0.0032633480993077457,-0.004424153297127348,0.04482361923939845,0.08569231806062867,0.06801870279482211,-0.6400000000000006,0.6999999999999993,0.048581297205177884,1.22,0.08999999999999986,0.040000000000000036
2017-03-13,2373.47,11.35,2.62,1.4,,0.00036661912266134326,-0.0007749359170484823,0.039721858678529474,0.08558534715468877,0.06760656407889445,-0.3100000000000005,0.10999999999999943,0.045893435921105535,1.2200000000000002,0.1299999999999999,0.08999999999999986
2017-03-14,2365.45,12.3,2.6,1.4,,-0.003384740682155033,-0.0012421207214445664,0.041850278829528104,0.0863959601991104,0.06774887725562018,0.9500000000000011,0.8500000000000014,0.055251122744379835,1.2000000000000002,0.08000000000000007,0.07999999999999985
2017-03-15,2385.26,11.63,2.51,1.33,,0.008339854388317126,0.009384598721918255,0.06865544853641596,0.0647513721935132,0.07208688973005357,-0.6699999999999999,-0.22999999999999865,0.04421311026994644,1.1799999999999997,-0.06000000000000005,-0.030000000000000027
2017-03-16,2381.38,11.21,2.53,1.35,,-0.0016279814951152382,0.00695709943301578,0.07307602073062286,0.0579290062044224,0.07106869237640873,-0.41999999999999993,-1.0899999999999999,0.04103130762359128,1.1799999999999997,-0.07000000000000028,-0.020000000000000018
2017-03-17,2378.25,11.28,2.5,1.33,,-0.001315228474144621,0.0023785228595635606,0.07291599086448919,0.058185297507927364,0.07121640536653585,0.06999999999999851,-0.3800000000000008,0.041583594633464144,1.17,-0.08000000000000007,-0.030000000000000027
2017-03-20,2373.47,11.34,2.47,1.3,,-0.002011903736902209,0.0,0.0750637426684277,0.056632047589975636,0.07171742303305323,0.0600000000000005,-0.009999999999999787,0.04168257696694677,1.1700000000000002,-0.1499999999999999,-0.09999999999999987
2017-03-21,2344.02,12.47,2.43,1.27,,-0.012485615265953647,-0.009100874583798688,0.11700559130438273,0.0838804501442184,0.08205687566154728,1.1300000000000008,0.16999999999999993,0.04264312433845273,1.1600000000000001,-0.16999999999999993,-0.1299999999999999
2017-03-22,2348.45,12.81,2.4,1.27,,0.00188813197147545,-0.015552597000640328,0.08676942780037676,0.08474863674216307,0.0824315101418823,0.33999999999999986,1.1799999999999997,0.045668489858117695,1.13,-0.10999999999999988,-0.06000000000000005
2017-03-23,2345.96,13.12,2.41,1.26,,-0.0010608362855033045,-0.014985451791028358,0.0874704952818521,0.08439191204601358,0.08242650032958462,0.3099999999999987,1.9099999999999984,0.04877349967041536,1.1500000000000001,-0.11999999999999966,-0.09000000000000008
2017-03-24,2343.98,12.96,2.4,1.26,,-0.0008443605323889107,-0.014514583849272658,0.08810247359030517,0.08131328446452654,0.08213974772651589,-0.15999999999999837,1.6800000000000015,0.04746025227348413,1.14,-0.10000000000000009,-0.07000000000000006
2017-03-27,2341.59,12.5,2.38,1.27,,-0.0010201534529525073,-0.013522833565322894,0.08901100593437321,0.08085539057118958,0.08196008739997086,-0.46000000000000085,1.1600000000000001,0.04303991260002914,1.1099999999999999,-0.0900000000000003,-0.030000000000000027
2017-03-28,2358.57,11.53,2.42,1.3,,0.007225317380816645,0.006188099081447507,0.05667820189197869,0.09037051897687436,0.0860997908754753,-0.9700000000000006,-0.9400000000000013,0.0292002091245247,1.1199999999999999,-0.010000000000000231,0.030000000000000027
2017-03-29,2361.13,11.42,2.39,1.26,,0.0010848148191858569,0.005384781929157906,0.05638350029369089,0.07737294352193183,0.06959356958436079,-0.10999999999999943,-1.3900000000000006,0.044606430415639206,1.1300000000000001,-0.009999999999999787,-0.010000000000000009
2017-03-30,2368.06,11.54,2.42,1.28,,0.0029307365363928895,0.009376354751054056,0.05391592807868814,0.07971351436738941,0.06796095904582714,0.11999999999999922,-1.58,0.047439040954172854,1.14,0.009999999999999787,0.020000000000000018
2017-03-31,2362.72,12.37,2.4,1.27,,-0.0022575567952728324,0.007963158488170034,0.0590918550895997,0.08010260438093127,0.06823851830921249,0.8300000000000001,-0.5900000000000016,0.055461481690787504,1.13,0.0,0.010000000000000009
2017-04-03,2358.84,12.38,2.35,1.24,,-0.0016435249677560892,0.007339786973366425,0.060964359198684426,0.07994909648610643,0.06757449772701556,0.010000000000001563,-0.11999999999999922,0.05622550227298445,1.11,-0.029999999999999805,-0.030000000000000027
2017-04-04,2360.16,11.79,2.36,1.25,,0.0005594405740311779,0.000673910166580991,0.033474063627174526,0.04484289149946448,0.06694502339862604,-0.5900000000000016,0.2599999999999998,0.05095497660137395,1.1099999999999999,-0.06000000000000005,-0.050000000000000044
2017-04-05,2352.95,12.89,2.34,1.24,,-0.0030595532989129127,-0.003470457951517752,0.038601484702908494,0.047903560288501124,0.06732358006328927,1.1000000000000014,1.4700000000000006,0.061576419936710744,1.0999999999999999,-0.050000000000000266,-0.020000000000000018
2017-04-06,2357.49,12.39,2.34,1.24,,0.0019276336842417722,-0.004473560803668687,0.03290353126205553,0.04806494071611835,0.06766675439921767,-0.5,0.8500000000000014,0.05623324560078234,1.0999999999999999,-0.08000000000000007,-0.040000000000000036
2017-04-07,2355.54,12.87,2.38,1.29,,-0.0008274931885733614,-0.003043497196969169,0.03066180408175015,0.048051899370560244,0.06647232424477344,0.47999999999999865,0.5,0.062227675755226544,1.0899999999999999,-0.020000000000000018,0.020000000000000018
2017-04-10,2357.16,14.05,2.37,1.29,,0.0006875040056906727,-0.0007124682235224376,0.030167304607913784,0.04730611370625049,0.06652863413937388,1.1800000000000015,1.67,0.07397136586062614,1.08,0.020000000000000018,0.050000000000000044
2017-04-11,2353.78,15.07,2.32,1.24,,-0.001434958025354097,-0.0027068668229077966,0.030563811801153848,0.03074386183913944,0.06570183650863728,1.0199999999999996,3.280000000000001,0.08499816349136272,1.0799999999999998,-0.040000000000000036,-0.010000000000000009
2017-04-12,2344.93,15.77,2.28,1.24,,-0.003766995820262467,-0.003414309344257305,0.034406909780475545,0.03447337087413069,0.0583594483722939,0.6999999999999993,2.879999999999999,0.09934055162770611,1.0399999999999998,-0.06000000000000005,0.0
2017-04-13,2328.95,15.96,2.24,1.21,,-0.006838028476069099,-0.01217997150456841,0.04661747361295939,0.04016621267063445,0.062088673199113036,0.19000000000000128,3.5700000000000003,0.09751132680088698,1.0300000000000002,-0.09999999999999964,-0.030000000000000027
2017-04-17,2349.01,14.66,2.26,1.21,,0.00857644056804569,-0.00277603774794928,0.0923913790103461,0.06489911423017976,0.07095649136483631,-1.3000000000000007,1.790000000000001,0.0756435086351637,1.0499999999999998,-0.1200000000000001,-0.08000000000000007
2017-04-18,2342.19,14.42,2.18,1.18,,-0.00290757367184553,-0.006371115425485427,0.09286895449039852,0.06578225627302019,0.07126034093302004,-0.2400000000000002,0.3699999999999992,0.07293965906697995,1.0000000000000002,-0.18999999999999995,-0.1100000000000001
2017-04-19,2338.17,14.93,2.21,1.19,,-0.0017178170006366042,-0.006653974400767981,0.09292149268170796,0.06554625929107746,0.05623299849795864,0.5099999999999998,-0.14000000000000057,0.09306700150204135,1.02,-0.10999999999999988,-0.050000000000000044
2017-04-20,2355.84,14.15,2.24,1.21,,0.007528779642538523,0.004641801062033106,0.10769309474521299,0.0765666415909892,0.06216309581352314,-0.7799999999999994,-1.6199999999999992,0.07933690418647688,1.0300000000000002,-0.03999999999999959,-0.030000000000000027
2017-04-21,2348.69,14.63,2.24,1.2,,-0.003039625852145616,0.008440203685956597,0.09277921727255546,0.07734447977301719,0.06306755213240556,0.4800000000000004,-1.33,0.08323244786759446,1.0400000000000003,0.0,-0.010000000000000009
2017-04-24,2374.15,10.84,2.28,1.25,,0.010781752773837281,0.01064551589174815,0.10376499272453873,0.0953081800705424,0.07350021334682298,-3.790000000000001,-3.8200000000000003,0.034899786653177015,1.0299999999999998,0.020000000000000018,0.040000000000000036
2017-04-25,2388.61,10.76,2.35,1.29,,0.006072128106062107,0.01962521766965569,0.09556395800388152,0.09891570279606005,0.07565607136457142,-0.08000000000000007,-3.66,0.03194392863542858,1.06,0.16999999999999993,0.1100000000000001
2017-04-26,2387.45,10.85,2.32,1.28,,-0.00048575605114247193,0.020857278619149933,0.09128515819445111,0.09828678870859063,0.07210039221204928,0.08999999999999986,-4.08,0.03639960778795072,1.0399999999999998,0.10999999999999988,0.09000000000000008
2017-04-27,2388.77,10.36,2.3,1.25,,0.000552738372021074,0.013881237348632388,0.08851372295054645,0.09421086292307984,0.0720785072620984,-0.4900000000000002,-3.790000000000001,0.0315214927379016,1.0499999999999998,0.05999999999999961,0.040000000000000036
2017-04-28,2384.2,10.82,2.29,1.28,,-0.0019149508153329291,0.015005912385445153,0.08410866717957056,0.0842056603956686,0.0720364789274048,0.46000000000000085,-3.8100000000000005,0.0361635210725952,1.01,0.04999999999999982,0.08000000000000007
2017-05-01,2388.33,10.11,2.33,1.28,,0.0017307386358750435,0.005954898247482831,0.04826904352021738,0.07669763493080765,0.07151858130288288,-0.7100000000000009,-0.7300000000000004,0.029581418697117112,1.05,0.050000000000000266,0.030000000000000027
2017-05-02,2391.17,10.59,2.29,1.27,,0.0011884089692428136,0.0010711791106636363,0.022986268809143413,0.07250939681104876,0.07107743180795711,0.4800000000000004,-0.16999999999999993,0.03482256819204288,1.02,-0.06000000000000005,-0.020000000000000018
2017-05-03,2388.13,10.68,2.33,1.3,,-0.0012721529972957541,0.0002847821645103594,0.02507780562730454,0.07188945336660728,0.07141540122137013,0.08999999999999986,-0.16999999999999993,0.03538459877862986,1.03,0.010000000000000231,0.020000000000000018
2017-05-04,2389.52,10.46,2.36,1.32,,0.0005818760433345327,0.00031391983582367895,0.025114922102332644,0.06540503793399167,0.07010565211296278,-0.21999999999999886,0.10000000000000142,0.03449434788703723,1.0399999999999998,0.06000000000000005,0.07000000000000006
2017-05-05,2399.29,10.57,2.36,1.32,,0.00408035130033309,0.006309221951489889,0.030794842682702567,0.06146028348978862,0.07098756055577529,0.10999999999999943,-0.25,0.03471243944422471,1.0399999999999998,0.06999999999999984,0.040000000000000036
2017-05-08,2399.38,9.77,2.39,1.33,,3.7510393509375765e-05,0.004615993709124126,0.03150846189916138,0.038493737010892204,0.07077789686864165,-0.8000000000000007,-0.33999999999999986,0.026922103131358344,1.06,0.06000000000000005,0.050000000000000044
2017-05-09,2396.92,9.96,2.42,1.37,,-0.0010257908036239289,0.0024017939362573834,0.034145094722720495,0.027531076768049268,0.07111367334002501,0.19000000000000128,-0.629999999999999,0.028486326659974998,1.0499999999999998,0.1299999999999999,0.10000000000000009
2017-05-10,2399.63,10.21,2.41,1.35,,0.0011299789591918902,0.004803925892745027,0.030434801639447655,0.02735638251055024,0.07060816128632189,0.25,-0.46999999999999886,0.031491838713678125,1.06,0.08000000000000007,0.050000000000000044
2017-05-11,2394.44,10.6,2.39,1.35,,-0.0021651757390083516,0.0020568741104020844,0.037917826980115595,0.030460609314696577,0.06940313041946994,0.3899999999999988,0.1399999999999988,0.03659686958053006,1.04,0.03000000000000025,0.030000000000000027
2017-05-12,2390.9,10.4,2.33,1.29,,-0.0014795189665720563,-0.0035029961565031338,0.020626588373525698,0.029667341686970806,0.0637034096165984,-0.1999999999999993,-0.16999999999999993,0.04029659038340161,1.04,-0.029999999999999805,-0.030000000000000027
2017-05-15,2402.32,10.42,2.34,1.31,,0.004765073002474167,0.0012245664524617695,0.04462690209630621,0.03685891882804996,0.0592180280499574,0.019999999999999574,0.6500000000000004,0.0449819719500426,1.0299999999999998,-0.050000000000000266,-0.020000000000000018
2017-05-16,2400.67,10.65,2.33,1.29,,-0.0006870720384216807,0.001563285217664152,0.04408073248524016,0.03719873343331959,0.05771957235425436,0.23000000000000043,0.6899999999999995,0.04878042764574564,1.04,-0.08999999999999986,-0.08000000000000007
2017-05-17,2357.03,15.59,2.22,1.26,,-0.01834551314368625,-0.017912206885214086,0.13803598250167792,0.1016117940505093,0.09009303210631005,4.9399999999999995,5.379999999999999,0.06580696789368996,0.9600000000000002,-0.18999999999999995,-0.09000000000000008
2017-05-18,2365.72,14.66,2.23,1.27,,0.003680063440703132,-0.012066967705502635,0.14771511968348128,0.10438020353844364,0.08703891428056763,-0.9299999999999997,4.0600000000000005,0.059561085719432375,0.96,-0.16000000000000014,-0.08000000000000007
2017-05-19,2381.73,12.04,2.23,1.28,,0.006744699024732498,-0.00384274971419807,0.16185310829241836,0.10877624748174462,0.08909987490379842,-2.620000000000001,1.6399999999999988,0.03130012509620157,0.95,-0.10000000000000009,-0.010000000000000009
2017-05-22,2394.02,10.93,2.25,1.29,,0.00514684693721281,-0.00346097577945942,0.1626959165128884,0.11274323585234011,0.08265399819966393,-1.1099999999999994,0.5099999999999998,0.026646001800336064,0.96,-0.08999999999999986,-0.020000000000000018
2017-05-23,2398.42,10.72,2.29,1.31,,0.00183622590425737,-0.0009376778367804454,0.1636841119640863,0.11308797917838603,0.08013929169478964,-0.20999999999999908,0.07000000000000028,0.02706070830521036,0.98,-0.040000000000000036,0.020000000000000018
2017-05-24,2404.39,10.02,2.26,1.29,,0.0024860459084413127,0.0198938812153471,0.03167224221439916,0.11364986242575773,0.08049308637825314,-0.7000000000000011,-5.57,0.019706913621746855,0.9699999999999998,0.03999999999999959,0.030000000000000027
2017-05-25,2415.07,9.99,2.25,1.3,,0.0044320390592464875,0.02064585683389052,0.03167534944683329,0.11462963810765806,0.08178786214463325,-0.02999999999999936,-4.67,0.01811213785536675,0.95,0.020000000000000018,0.030000000000000027
2017-05-26,2415.82,9.81,2.25,1.3,,0.00031050179408999626,0.014211659603247998,0.031135198695722843,0.11395786345115327,0.08127910298180548,-0.17999999999999972,-2.2299999999999986,0.01682089701819453,0.95,0.020000000000000018,0.020000000000000018
2017-05-30,2412.91,10.38,2.21,1.28,,-0.001205286007825416,0.007859526658209607,0.034037600928015714,0.11241962721514746,0.08143352880110714,0.5700000000000003,-0.5499999999999989,0.02236647119889286,0.9299999999999999,-0.040000000000000036,-0.010000000000000009
2017-05-31,2411.8,10.41,2.21,1.28,,-0.0004601312906201269,0.0055631694633322005,0.03671309871518748,0.11236168687698715,0.08146214666442715,0.02999999999999936,-0.3100000000000005,0.022637853335572847,0.9299999999999999,-0.08000000000000007,-0.030000000000000027
2017-06-01,2430.06,9.89,2.21,1.28,,0.00754259171830006,0.010619715273190845,0.05925830467801592,0.04740624229835285,0.08495414111145541,-0.5199999999999996,-0.129999999999999,0.01394585888854459,0.9299999999999999,-0.04999999999999982,-0.010000000000000009
2017-06-02,2439.07,9.75,2.15,1.28,,0.0037008707032855424,0.009888546917230066,0.05767020394032889,0.04741408323342821,0.08553315410014628,-0.14000000000000057,-0.2400000000000002,0.011966845899853723,0.8699999999999999,-0.10000000000000009,-0.020000000000000018
2017-06-05,2436.1,10.07,2.18,1.32,,-0.0012184192007356274,0.008359625922404397,0.06135833315167468,0.04690414491821434,0.08509060184107625,0.3200000000000003,0.2599999999999998,0.015609398158923746,0.8600000000000001,-0.06999999999999984,0.020000000000000018
2017-06-06,2429.33,10.45,2.14,1.3,,-0.0027829007381501205,0.0067820111920798625,0.06679980899656554,0.050013719487822815,0.0859929570490485,0.379999999999999,0.06999999999999851,0.0185070429509515,0.8400000000000001,-0.06999999999999984,0.020000000000000018
2017-06-07,2433.14,10.39,2.18,1.32,,0.0015671051049044751,0.008809247587604294,0.06484861080819786,0.04997589279782423,0.08582706303627913,-0.05999999999999872,-0.019999999999999574,0.01807293696372088,0.8600000000000001,-0.029999999999999805,0.040000000000000036
2017-06-08,2433.79,10.16,2.19,1.33,,0.0002671088361100848,0.0015337647054143257,0.0396721424393654,0.049913342213962826,0.0858310346225439,-0.23000000000000043,0.2699999999999996,0.01576896537745609,0.8599999999999999,-0.020000000000000018,0.050000000000000044
2017-06-09,2431.77,10.7,2.21,1.35,,-0.0008303258478185228,-0.002997431845689745,0.02590120537494737,0.04734192452112313,0.08536818027766284,0.5399999999999991,0.9499999999999993,0.02163181972233716,0.8599999999999999,0.06000000000000005,0.07000000000000006
2017-06-12,2429.39,11.46,2.21,1.35,,-0.0009791902303832095,-0.002758202875337191,0.02559493030702615,0.048067841145066646,0.08521137571704186,0.7600000000000016,1.3900000000000006,0.029388624282958145,0.8599999999999999,0.029999999999999805,0.030000000000000027
2017-06-13,2440.35,10.42,2.21,1.38,,0.004501274608283941,0.0045259724710968756,0.03579693410468488,0.05066535152130609,0.08505350673342539,-1.040000000000001,-0.02999999999999936,0.01914649326657461,0.8300000000000001,0.06999999999999984,0.07999999999999985
2017-06-14,2437.92,10.64,2.15,1.35,,-0.0009962549022444363,0.0019626124639479936,0.03740058060730097,0.051205325905157764,0.0851315414225908,0.22000000000000064,0.25,0.021268458577409208,0.7999999999999998,-0.03000000000000025,0.030000000000000027
2017-06-15,2432.46,10.9,2.16,1.35,,-0.0022421257837553104,-0.0005466221559173245,0.04190210114568165,0.038626021315267586,0.04847067298859534,0.2599999999999998,0.7400000000000002,0.06052932701140466,0.81,-0.029999999999999805,0.020000000000000018
2017-06-16,2433.15,10.38,2.16,1.32,,0.00028362322694394307,0.0005673269188452152,0.041438249770185405,0.033119703874831784,0.04801150736547211,-0.5199999999999996,-0.3199999999999985,0.05578849263452789,0.8400000000000001,-0.04999999999999982,-0.030000000000000027
2017-06-19,2453.46,10.37,2.19,1.36,,0.008312558992556568,0.009859076141784913,0.06920444668078779,0.05353000818037482,0.05057810496523791,-0.010000000000001563,-1.0900000000000016,0.05312189503476208,0.8299999999999998,-0.020000000000000018,0.010000000000000009
2017-06-20,2437.03,10.86,2.16,1.36,,-0.006719188389873109,-0.0013613868563723298,0.08693940173130618,0.06344987300136924,0.05638449028022203,0.4900000000000002,0.4399999999999995,0.05221550971977796,0.8,-0.04999999999999982,-0.019999999999999796
2017-06-21,2435.61,10.75,2.16,1.36,,-0.0005828462764329325,-0.0009479782305608102,0.08677189437017141,0.06318064321347676,0.056499964787583325,-0.10999999999999943,0.10999999999999943,0.051000035212416674,0.8,0.010000000000000231,0.010000000000000009
2017-06-22,2434.5,10.48,2.15,1.34,,-0.00045584186772818,0.0008383056854662954,0.08501889137148498,0.0632317835998887,0.056279027412156776,-0.2699999999999996,-0.41999999999999993,0.04852097258784323,0.8099999999999998,-0.010000000000000231,-0.010000000000000009
2017-06-23,2438.3,10.02,2.15,1.34,,0.001559678529930483,0.0021143609884528556,0.08560913387429521,0.0634599794359395,0.05459858498128135,-0.46000000000000085,-0.3600000000000012,0.045601415018718644,0.8099999999999998,-0.010000000000000231,0.020000000000000018
2017-06-26,2439.07,9.9,2.14,1.36,,0.0003157439383918202,-0.005882454065711979,0.05101291837147249,0.06307909198526261,0.05459837403958144,-0.11999999999999922,-0.46999999999999886,0.044401625960418564,0.78,-0.04999999999999982,0.0
2017-06-27,2419.38,11.06,2.21,1.38,,-0.008105510111856201,-0.007268775787695093,0.060558733556424146,0.07132296628861849,0.06236326695039346,1.1600000000000001,0.20000000000000107,0.048236733049606545,0.8300000000000001,0.04999999999999982,0.019999999999999796
2017-06-28,2440.69,10.03,2.22,1.34,,0.008769477216597063,0.002083547705334915,0.09540396767420355,0.08612439747873414,0.06940521260181708,-1.0300000000000011,-0.7200000000000006,0.030894787398182924,0.8800000000000001,0.06000000000000005,-0.020000000000000018
2017-06-29,2419.7,11.44,2.27,1.38,,-0.008637220671771834,-0.006097831098708796,0.11564995400849963,0.09639321486306618,0.07165129572141128,1.4100000000000001,0.9599999999999991,0.04274870427858872,0.8900000000000001,0.1200000000000001,0.039999999999999813
2017-06-30,2423.41,11.18,2.31,1.38,,0.001532073698797482,-0.006125435929841804,0.11560831922912325,0.09688926341893778,0.07048385056896765,-0.2599999999999998,1.1600000000000001,0.041316149431032345,0.9300000000000002,0.16000000000000014,0.039999999999999813
2017-07-03,2429.01,11.22,2.35,1.41,,0.0023081276913972876,-0.0041330521768363415,0.11811926918305249,0.08582607776975838,0.07099874878387268,0.040000000000000924,1.3200000000000003,0.04120125121612733,0.9400000000000002,0.20999999999999996,0.04999999999999982
2017-07-05,2432.54,11.07,2.33,1.41,,0.0014522119983846045,0.005424669933404572,0.09894656195412119,0.08020213570841027,0.07050215251721113,-0.15000000000000036,0.009999999999999787,0.04019784748278887,0.9200000000000002,0.1200000000000001,0.030000000000000027
2017-07-06,2409.75,12.54,2.37,1.4,,-0.009412971248548743,-0.012757778531741126,0.09406133151580895,0.09270531666571101,0.07779736068824811,1.4699999999999989,2.51,0.047602639311751876,0.9700000000000002,0.1499999999999999,0.05999999999999983
2017-07-07,2425.18,11.19,2.39,1.4,,0.00638274075695685,0.0022621828969875525,0.09327659280295178,0.10003497295412385,0.08151910585461108,-1.3499999999999996,-0.25,0.030380894145388915,0.9900000000000002,0.1200000000000001,0.020000000000000018
2017-07-10,2427.43,11.11,2.38,1.4,,0.0009273360773855018,0.0016574452755756775,0.09293379031531641,0.09974096287318394,0.08157106800319071,-0.08000000000000007,-0.07000000000000028,0.029528931996809282,0.98,0.06999999999999984,0.020000000000000018
2017-07-11,2425.53,10.89,2.37,1.37,,-0.0007830273058416915,-0.0014337097216633305,0.09136958625671104,0.09965823303918883,0.08154565307155179,-0.21999999999999886,-0.33000000000000007,0.027354346928448223,1.0,0.020000000000000018,-0.039999999999999813
2017-07-12,2443.25,10.3,2.33,1.35,,0.007279063026366936,0.0043931413063189,0.10647207444517638,0.09691560654609296,0.0841691693589371,-0.5899999999999999,-0.7699999999999996,0.018830830641062904,0.98,0.0,-0.05999999999999983
2017-07-13,2447.83,9.9,2.35,1.37,,0.0018727975574500866,0.015678910112317705,0.05586549689323401,0.08708349243800838,0.08430792251905647,-0.40000000000000036,-2.639999999999999,0.014692077480943533,0.98,-0.020000000000000018,-0.029999999999999805
2017-07-14,2459.27,9.51,2.33,1.35,,0.004662640144143031,0.013958809499503995,0.050659179702729776,0.07342050884692133,0.08520989757513009,-0.39000000000000057,-1.6799999999999997,0.009890102424869915,0.98,-0.06000000000000005,-0.04999999999999982
2017-07-17,2459.14,9.82,2.31,1.36,,-5.2862612116695394e-05,0.012978610810001701,0.05333893750087983,0.07390442779445659,0.08523211637243991,0.3100000000000005,-1.2899999999999991,0.0129678836275601,0.95,-0.06999999999999984,-0.039999999999999813
2017-07-18,2460.61,9.89,2.27,1.36,,0.0005975913588075912,0.014359229474651099,0.04851133635401618,0.07385594897234755,0.08013758363441377,0.07000000000000028,-1.0,0.018762416365586232,0.9099999999999999,-0.10000000000000009,-0.010000000000000009
2017-07-19,2473.83,9.79,2.27,1.37,,0.005358270292070911,0.012438436740354933,0.038375299190225844,0.07664273519217546,0.07785041851656424,-0.10000000000000142,-0.5100000000000016,0.020049581483435747,0.8999999999999999,-0.06000000000000005,0.020000000000000018
2017-07-20,2473.45,9.58,2.27,1.37,,-0.00015361976712352472,0.010412019415781489,0.04285584478635214,0.04776023470265333,0.07776786381774323,-0.20999999999999908,-0.3200000000000003,0.01803213618225677,0.8999999999999999,-0.08000000000000007,0.0
2017-07-21,2472.54,9.36,2.24,1.36,,-0.0003679748686383202,0.005381404403000012,0.03842653449771772,0.04475341761872896,0.07775010481775,-0.22000000000000064,-0.15000000000000036,0.015849895182249996,0.8800000000000001,-0.08999999999999986,0.010000000000000009
2017-07-24,2469.91,9.43,2.26,1.37,,-0.0010642496123316407,0.0043700174027850895,0.04089064722487211,0.047064810780367713,0.07795658779046342,0.07000000000000028,-0.39000000000000057,0.01634341220953657,0.8899999999999997,-0.050000000000000266,0.010000000000000009
2017-07-25,2477.13,9.43,2.33,1.4,,0.002918919243124604,0.006691345287102053,0.04315995336147425,0.045149376522695094,0.07835779859521805,0.0,-0.46000000000000085,0.015942201404781947,0.9300000000000002,0.06000000000000005,0.039999999999999813
2017-07-26,2477.83,9.6,2.29,1.36,,0.0002825451687427182,0.0016156201637738351,0.02429565734193355,0.03528224427929096,0.07106829953479295,0.16999999999999993,-0.1899999999999995,0.024931700465207055,0.9299999999999999,0.020000000000000018,-0.010000000000000009
2017-07-27,2475.42,10.11,2.32,1.36,,-0.0009730985474882821,0.0007961413834090585,0.025949002241418714,0.037073526612083,0.06548890320911412,0.5099999999999998,0.5299999999999994,0.03561109679088588,0.9599999999999997,0.04999999999999982,-0.010000000000000009
2017-07-28,2472.1,10.29,2.3,1.34,,-0.0013420867417742238,-0.0001779704897268345,0.028033602733874615,0.03304672332515922,0.05613582422780568,0.17999999999999972,0.9299999999999997,0.046764175772194314,0.9599999999999997,0.05999999999999961,-0.020000000000000018
2017-07-31,2470.3,10.26,2.3,1.34,,-0.0007283910972737436,0.00015788802533111315,0.027350269245746878,0.03354504150677933,0.05646219492454739,-0.02999999999999936,0.8300000000000001,0.046137805075452606,0.9599999999999997,0.040000000000000036,-0.030000000000000027
2017-08-01,2476.35,10.09,2.26,1.34,,0.002446101105449387,-0.00031493011234402834,0.02423408499744951,0.03501952590679422,0.0565080521751076,-0.16999999999999993,0.6600000000000001,0.044391947824892405,0.9199999999999997,-0.07000000000000028,-0.05999999999999983
2017-08-02,2477.57,10.28,2.27,1.36,,0.0004925392516085572,-0.00010493602947827697,0.02446744547591917,0.023166880858125474,0.05650100809317226,0.1899999999999995,0.6799999999999997,0.04629899190682773,0.9099999999999999,-0.020000000000000018,0.0
2017-08-03,2472.16,10.44,2.24,1.34,,-0.0021859786914876496,-0.0013178161734775952,0.02860598969058469,0.02598980063009852,0.0432448930535855,0.16000000000000014,0.33000000000000007,0.061155106946414496,0.9000000000000001,-0.07999999999999963,-0.020000000000000018
2017-08-04,2476.83,10.03,2.27,1.36,,0.001887254323046072,0.0019115248913425923,0.03008418750292353,0.027636103302432227,0.03893688112920197,-0.41000000000000014,-0.2599999999999998,0.06136311887079803,0.9099999999999999,-0.029999999999999805,0.020000000000000018
2017-08-07,2480.91,9.93,2.26,1.36,,0.0016459116133836385,0.004285827602000175,0.02927286652490839,0.0275865443757264,0.03898946408753729,-0.09999999999999964,-0.33000000000000007,0.06031053591246271,0.8999999999999997,-0.040000000000000036,0.020000000000000018
2017-08-08,2474.92,10.96,2.29,1.36,,-0.00241735609047731,-0.0005776295939266308,0.032792225449758336,0.02718705325066346,0.04043535000931025,1.0300000000000011,0.870000000000001,0.06916464999068975,0.9299999999999999,0.03000000000000025,0.020000000000000018
2017-08-09,2474.02,11.11,2.24,1.33,,-0.00036371425392981165,-0.0014338830994648291,0.0323524175543262,0.027133097801680158,0.03316062335525679,0.14999999999999858,0.8300000000000001,0.07793937664474321,0.9100000000000001,-0.029999999999999805,-0.030000000000000027
2017-08-10,2438.21,16.04,2.2,1.33,,-0.014580194485226952,-0.01382809889320416,0.10841994268571564,0.07762926656769173,0.06297782182534274,4.93,5.6,0.09742217817465725,0.8700000000000001,-0.040000000000000036,-0.010000000000000009
2017-08-11,2441.32,15.51,2.19,1.3,,0.001274713106023881,-0.014440640110226534,0.10683952765255585,0.07889323530565467,0.060614416410808246,-0.5299999999999994,5.48,0.09448558358919174,0.8899999999999999,-0.08000000000000007,-0.06000000000000005
2017-08-14,2465.84,12.33,2.22,1.33,,0.00999364360375926,-0.006092908119851043,0.14034157403075356,0.09713972180701352,0.07091812256446774,-3.1799999999999997,2.4000000000000004,0.05238187743553227,0.8900000000000001,-0.03999999999999959,-0.030000000000000027
2017-08-15,2464.61,12.04,2.27,1.35,,-0.0004989402693533612,-0.004174492298726969,0.13996955832092803,0.09602849822561754,0.0709302829119152,-0.2900000000000009,1.0799999999999983,0.0494697170880848,0.9199999999999999,-0.020000000000000018,-0.010000000000000009
2017-08-16,2468.11,11.74,2.23,1.33,,0.0014190955851406412,-0.002391682459656461,0.14091668878683206,0.09640187087125315,0.0683755179914995,-0.29999999999999893,0.6300000000000008,0.0490244820085005,0.8999999999999999,-0.010000000000000231,0.0
2017-08-17,2430.01,15.55,2.19,1.32,,-0.015557302982010086,-0.003368790956439665,0.14711149455175296,0.12308240721488735,0.08763750986433284,3.8100000000000005,-0.48999999999999844,0.06786249013566716,0.8699999999999999,-0.010000000000000231,-0.010000000000000009
2017-08-18,2425.55,14.26,2.19,1.33,,-0.001837069773336156,-0.006480573835799686,0.14617065050183073,0.12143535722393795,0.08767749131201125,-1.290000000000001,-1.25,0.05492250868798876,0.8599999999999999,0.0,0.030000000000000027
2017-08-21,2428.37,13.19,2.18,1.32,,0.0011619475876316547,-0.015312269851927225,0.112844270428486,0.12104189457221842,0.08799769788669101,-1.0700000000000003,0.8599999999999994,0.04390230211330898,0.8600000000000001,-0.040000000000000036,-0.010000000000000009
2017-08-22,2452.51,11.35,2.22,1.33,,0.009891739536413192,-0.004921590046160747,0.1467363114782808,0.1351978611592577,0.09514706893536425,-1.8399999999999999,-0.6899999999999995,0.018352931064635744,0.8900000000000001,-0.04999999999999982,-0.020000000000000018
2017-08-23,2444.04,12.25,2.17,1.32,,-0.003459582133507087,-0.009800267764808631,0.14578659058565277,0.1357400000514759,0.09566496841074712,0.9000000000000004,0.5099999999999998,0.026835031589252878,0.8499999999999999,-0.06000000000000005,-0.010000000000000009
2017-08-24,2438.97,12.23,2.19,1.33,,-0.0020765887523938203,0.00368044646480758,0.08553960952380658,0.11406016860612311,0.09578891968734292,-0.019999999999999574,-3.3200000000000003,0.026511080312657087,0.8599999999999999,0.0,0.010000000000000009
2017-08-25,2443.05,11.28,2.17,1.35,,0.001671439670407706,0.007188955908551632,0.08246155780304291,0.11419858075991564,0.0961350586788224,-0.9500000000000011,-2.9800000000000004,0.0166649413211776,0.8199999999999998,-0.020000000000000018,0.020000000000000018
2017-08-28,2444.24,11.32,2.16,1.33,,0.0004869774552017658,0.006513985776121699,0.08274254916758642,0.10018069685469062,0.09620879909914605,0.040000000000000924,-1.8699999999999992,0.01699120090085396,0.8300000000000001,-0.020000000000000018,0.010000000000000009
2017-08-29,2446.3,11.7,2.13,1.33,,0.0008424428066569343,-0.002535310953634425,0.03435642593400537,0.100549122047168,0.09571794233210347,0.379999999999999,0.34999999999999964,0.021282057667896523,0.7999999999999998,-0.0900000000000003,0.0
2017-08-30,2457.59,11.22,2.15,1.33,,0.004604515985119675,0.0055287871649922,0.0381821171846065,0.10369180315840919,0.0974437225258756,-0.47999999999999865,-1.0299999999999994,0.014756277474124405,0.8199999999999998,-0.020000000000000018,0.010000000000000009
2017-08-31,2471.65,10.59,2.12,1.33,,0.005704748858195643,0.01331012477558175,0.03727502972971062,0.06425869963189855,0.09953385947151366,-0.6300000000000008,-1.6400000000000006,0.00636614052848633,0.79,-0.06999999999999984,0.0
2017-09-01,2476.55,10.13,2.16,1.35,,0.0019805188155972674,0.013619203920771372,0.036819359355305725,0.061159415383010896,0.09955798962796486,-0.4599999999999991,-1.1499999999999986,0.001742010372035141,0.81,-0.009999999999999787,0.0
2017-09-05,2457.85,12.23,2.07,1.3,,-0.007579478568344627,0.00555274789722493,0.08311778670249222,0.0782040549449064,0.10285907012043684,2.0999999999999996,0.9100000000000001,0.019440929879563168,0.7699999999999998,-0.0900000000000003,-0.030000000000000027
2017-09-06,2465.54,11.63,2.1,1.3,,0.0031238663821462308,0.007834171472714188,0.08422483776260818,0.06307527123674699,0.10334496772342543,-0.5999999999999996,-0.06999999999999851,0.012955032276574588,0.8,-0.029999999999999805,-0.030000000000000027
2017-09-07,2465.1,11.55,2.05,1.27,,-0.0001784758170006678,0.0030511796705937487,0.08010084016268719,0.059302207050980556,0.10334292641467611,-0.08000000000000007,0.33000000000000007,0.012157073585323891,0.7799999999999998,-0.10000000000000009,-0.06000000000000005
2017-09-08,2461.43,12.12,2.06,1.27,,-0.0014898927557054817,-0.004143461943307323,0.06638290901370658,0.0585577507666166,0.08853681086508089,0.5699999999999985,1.5299999999999994,0.0326631891349191,0.79,-0.06000000000000005,-0.06000000000000005
2017-09-11,2488.11,10.73,2.14,1.32,,0.010780904250841916,0.004656923491937492,0.10688778379808402,0.07684528500726343,0.09580883010634728,-1.3899999999999988,0.5999999999999996,0.01149116989365273,0.8200000000000001,-0.020000000000000018,-0.030000000000000027
2017-09-12,2496.48,10.58,2.17,1.33,,0.0033583535924836664,0.015594755652765854,0.07566552566906035,0.07679450887660878,0.09023395615354791,-0.15000000000000036,-1.6500000000000004,0.01556604384645209,0.8399999999999999,0.10000000000000009,0.030000000000000027
2017-09-13,2498.37,10.5,2.2,1.35,,0.0007567795189854543,0.013227668789605091,0.07749969056382017,0.07683544077358974,0.09013793889308104,-0.08000000000000007,-1.1300000000000008,0.014862061106918956,0.8500000000000001,0.10000000000000009,0.050000000000000044
2017-09-14,2495.62,10.44,2.2,1.37,,-0.0011013239025146775,0.012304820704091125,0.07985923701683602,0.07697939270466704,0.0903077636719918,-0.0600000000000005,-1.1100000000000012,0.014092236328008198,0.8300000000000001,0.15000000000000036,0.10000000000000009
2017-09-15,2500.23,10.17,2.2,1.39,,0.0018455323152087293,0.0156402457750053,0.07264846592379048,0.07348553685069663,0.06733421389751,-0.2699999999999996,-1.9499999999999993,0.03436578610249,0.8100000000000003,0.14000000000000012,0.11999999999999988
2017-09-18,2503.87,10.15,2.23,1.4,,0.001454807314799407,0.0063141488389628145,0.025857579384074555,0.0733664017282203,0.06622418360647384,-0.019999999999999574,-0.5800000000000001,0.03527581639352617,0.8300000000000001,0.08999999999999986,0.07999999999999985
2017-09-19,2506.65,10.18,2.24,1.4,,0.0011096653781502376,0.004065460624629365,0.01815853352241744,0.05534710419279653,0.06622891469613025,0.02999999999999936,-0.40000000000000036,0.03557108530386975,0.8400000000000003,0.07000000000000028,0.06999999999999984
2017-09-20,2508.24,9.78,2.28,1.45,,0.0006341116368564334,0.003942792742500206,0.018203326766703196,0.055299907008508856,0.058536945546501504,-0.40000000000000036,-0.7200000000000006,0.039263054453498494,0.8299999999999998,0.07999999999999963,0.09999999999999987
2017-09-21,2500.6,9.67,2.27,1.45,,-0.0030506088934585734,0.0019935077515562468,0.031417199835591846,0.05975644710430982,0.05812883979213406,-0.10999999999999943,-0.7699999999999996,0.03857116020786593,0.8200000000000001,0.06999999999999984,0.07999999999999985
2017-09-22,2502.22,9.59,2.26,1.46,,0.000647634756646368,0.0007956101929940256,0.028999738306025192,0.0577622430233268,0.05691876980807126,-0.08000000000000007,-0.5800000000000001,0.03898123019192874,0.7999999999999998,0.05999999999999961,0.07000000000000006
2017-09-25,2496.66,10.21,2.22,1.44,,-0.002224499204924677,-0.0028836963267301037,0.03037423957722916,0.030725965005068846,0.058228456588555445,0.620000000000001,0.0600000000000005,0.043871543411444565,0.7800000000000002,-0.009999999999999787,0.040000000000000036
2017-09-26,2496.84,10.17,2.24,1.45,,7.209372186979258e-05,-0.003921267983010573,0.02750240582057255,0.025716212083883867,0.0583035765305042,-0.040000000000000924,-0.009999999999999787,0.0433964234694958,0.7900000000000003,0.0,0.050000000000000044
2017-09-27,2507.04,9.87,2.31,1.47,,0.0040768420216074665,-0.000478537598259595,0.044373495386867905,0.032819517355183264,0.05926264294590389,-0.3000000000000007,0.08999999999999986,0.03943735705409611,0.8400000000000001,0.03000000000000025,0.020000000000000018
2017-09-28,2510.06,9.55,2.31,1.45,,0.0012038828664962132,0.0037759541616951588,0.036017500369125884,0.03200219856434251,0.057905399346035315,-0.3199999999999985,-0.11999999999999922,0.03759460065396469,0.8600000000000001,0.040000000000000036,0.0
2017-09-29,2519.36,9.51,2.33,1.47,,0.0036982437735080622,0.0068265631785567014,0.04153253585265733,0.03524569280433107,0.056181381878498894,-0.040000000000000924,-0.08000000000000007,0.03891861812150111,0.8600000000000001,0.07000000000000028,0.010000000000000009
2017-10-02,2529.12,9.45,2.34,1.49,,0.0038665151329828713,0.012917577516464255,0.02897843129800351,0.03850154119463029,0.057030022156080634,-0.0600000000000005,-0.7600000000000016,0.03746997784391935,0.8499999999999999,0.11999999999999966,0.050000000000000044
2017-10-03,2534.58,9.51,2.33,1.47,,0.0021565266962995347,0.01500201049089425,0.01997834525070197,0.038938621527514,0.04709627125980148,0.0600000000000005,-0.6600000000000001,0.04800372874019852,0.8600000000000001,0.08999999999999986,0.020000000000000018
2017-10-04,2537.74,9.63,2.33,1.47,,0.0012459783329185144,0.012171146802205206,0.02047132542397431,0.038851133000382884,0.0467273721023824,0.120000000000001,-0.23999999999999844,0.04957262789761761,0.8600000000000001,0.020000000000000018,0.0
2017-10-05,2552.07,9.19,2.35,1.49,,0.005630873397280621,0.016598137332989857,0.02684284734520334,0.03683942084531314,0.04856732212242092,-0.4400000000000013,-0.3600000000000012,0.04333267787757908,0.8600000000000001,0.040000000000000036,0.040000000000000036
2017-10-06,2549.33,9.65,2.37,1.54,,-0.0010742150246923344,0.011825678534789478,0.040506713967676154,0.0395709752396284,0.04822258971261886,0.46000000000000085,0.14000000000000057,0.04827741028738114,0.8300000000000001,0.040000000000000036,0.07000000000000006
2017-10-09,2544.73,10.33,2.37,1.54,,-0.0018060255475314134,0.006153137854275072,0.04679160963703487,0.038398364373506,0.03616399661283348,0.6799999999999997,0.8800000000000008,0.06713600338716652,0.8300000000000001,0.03000000000000025,0.050000000000000044
2017-10-10,2550.64,10.08,2.35,1.51,,0.0023197540709582955,0.006316365228934011,0.04700893735239054,0.037024011438476064,0.035495046984517845,-0.25,0.5700000000000003,0.06530495301548216,0.8400000000000001,0.020000000000000018,0.040000000000000036
2017-10-11,2555.24,9.85,2.35,1.51,,0.0018018446358107835,0.00687223153182619,0.047161444488198236,0.035403525122641645,0.03556528999400816,-0.23000000000000043,0.21999999999999886,0.06293471000599182,0.8400000000000001,0.020000000000000018,0.040000000000000036
2017-10-12,2550.93,9.91,2.33,1.51,,-0.001688154144329805,-0.0004467960097844326,0.031603338812573704,0.03971927558618683,0.0361094281225622,0.0600000000000005,0.7200000000000006,0.06299057187743781,0.8200000000000001,-0.020000000000000018,0.020000000000000018
2017-10-13,2553.17,9.61,2.28,1.51,,0.0008777258062376878,0.0015051448211455775,0.030799006262586796,0.03806665023274058,0.03600626839966742,-0.3000000000000007,-0.040000000000000924,0.06009373160033257,0.7699999999999998,-0.0900000000000003,-0.030000000000000027
2017-10-16,2557.64,9.91,2.3,1.54,,0.0017492339334793062,0.005060404302156316,0.025332714360028586,0.03551978333862721,0.036065545086264084,0.3000000000000007,-0.41999999999999993,0.06303445491373592,0.7599999999999998,-0.07000000000000028,0.0
2017-10-17,2559.36,10.31,2.3,1.54,,0.000672268932882235,0.003412919164079988,0.022518693770125824,0.035087451090973144,0.03609134782346806,0.40000000000000036,0.23000000000000043,0.06700865217653196,0.7599999999999998,-0.050000000000000266,0.030000000000000027
2017-10-18,2561.26,10.07,2.34,1.59,,0.000742097670671056,0.0023531721989403648,0.020352915956565798,0.035068827480000085,0.03607725355837468,-0.2400000000000002,0.22000000000000064,0.06462274644162531,0.7499999999999998,-0.010000000000000231,0.08000000000000007
2017-10-19,2562.1,10.05,2.33,1.58,,0.00032790981212586,0.004369236155395824,0.008408831649020378,0.02324366311200678,0.03283689621875747,-0.019999999999999574,0.14000000000000057,0.06766310378124255,0.75,0.0,0.07000000000000006
2017-10-20,2575.21,9.97,2.39,1.6,,0.005103849469401585,0.008595359818559831,0.03119172755116527,0.03153982238560028,0.035516540331810065,-0.08000000000000007,0.3600000000000012,0.06418345966818995,0.79,0.11000000000000032,0.09000000000000008
2017-10-23,2564.98,11.07,2.38,1.58,,-0.003980402867081287,0.0028657230179991856,0.05104622706393784,0.038168098708073445,0.038351618733040084,1.0999999999999996,1.1600000000000001,0.07234838126695992,0.7999999999999998,0.08000000000000007,0.040000000000000036
2017-10-24,2569.13,11.16,2.42,1.6,,0.0016166388736675908,0.003810092958784539,0.05159903705699254,0.037538401082197075,0.03805988333732445,0.08999999999999986,0.8499999999999996,0.07354011666267556,0.8199999999999998,0.1200000000000001,0.06000000000000005
2017-10-25,2557.15,11.23,2.44,1.61,,-0.004673963111462271,-0.001605967823348711,0.06445521188084354,0.045545907008452444,0.04240680363369542,0.07000000000000028,1.1600000000000001,0.06989319636630459,0.8299999999999998,0.10000000000000009,0.020000000000000018
2017-10-26,2560.4,11.3,2.46,1.63,,0.0012701392021270566,-0.0006637384333473338,0.06539328258611414,0.04475401462472569,0.04241189740738389,0.07000000000000028,1.25,0.07058810259261611,0.8300000000000001,0.1299999999999999,0.04999999999999982
2017-10-27,2581.07,9.8,2.42,1.59,,0.00804054535381592,0.0022729574510668552,0.08153897947754177,0.05915462789654825,0.04845587485435886,-1.5,-0.16999999999999993,0.049544125145641146,0.8299999999999998,0.029999999999999805,-0.010000000000000009
2017-10-30,2572.83,10.5,2.37,1.58,,-0.0031975812572382673,0.003055779060910013,0.07900659968967645,0.06270916167753908,0.049788879212551776,0.6999999999999993,-0.5700000000000003,0.05521112078744822,0.79,-0.009999999999999787,0.0
2017-10-31,2575.26,10.18,2.38,1.6,,0.0009440395099815039,0.0023831796972240294,0.07861062937034373,0.06273371940505842,0.04955453218719324,-0.3200000000000003,-0.9800000000000004,0.05224546781280676,0.7799999999999998,-0.040000000000000036,0.0
2017-11-01,2579.36,10.2,2.37,1.61,,0.0015908062532808776,0.008647949061967097,0.06396885988964648,0.06292460775167098,0.04961113452024508,0.019999999999999574,-1.0300000000000011,0.052388865479754916,0.76,-0.06999999999999984,0.0
2017-11-02,2579.85,9.93,2.35,1.61,,0.00018995156292258536,0.00756776142276264,0.06491036069946349,0.0629515127336482,0.04624901672336203,-0.2699999999999996,-1.370000000000001,0.05305098327663797,0.74,-0.10999999999999988,-0.019999999999999796
2017-11-03,2587.84,9.14,2.34,1.63,,0.0030922932168462635,0.0026195092857932466,0.03712089483829883,0.05973021802267697,0.04668139050561344,-0.7899999999999991,-0.6600000000000001,0.044718609494386566,0.71,-0.08000000000000007,0.039999999999999813
2017-11-06,2591.13,9.4,2.32,1.61,,0.001270523074112308,0.007087613617143831,0.01700057070456749,0.05429742390085462,0.04571483172815301,0.2599999999999998,-1.0999999999999996,0.04828516827184699,0.7099999999999997,-0.050000000000000266,0.030000000000000027
2017-11-07,2590.64,9.89,2.32,1.63,,-0.00018912456610798272,0.005954449541054134,0.020526552924423375,0.05449289627601685,0.045551081552683816,0.4900000000000002,-0.28999999999999915,0.053348918447316186,0.69,-0.06000000000000005,0.029999999999999805
2017-11-08,2594.38,9.78,2.32,1.65,,0.001442617636431107,0.0058062609242043655,0.02037103355035862,0.045007988178725034,0.045461754337520546,-0.11000000000000121,-0.41999999999999993,0.05233824566247945,0.6699999999999999,-0.050000000000000266,0.039999999999999813
2017-11-09,2584.62,10.5,2.33,1.63,,-0.0037690718494426323,0.0018472375118391646,0.04110307182163556,0.05210664756203299,0.047502332794942655,0.7200000000000006,0.5700000000000003,0.05749766720505734,0.7000000000000002,-0.020000000000000018,0.019999999999999796
2017-11-10,2582.3,11.29,2.4,1.67,,-0.0008980205445067916,-0.0021430762495140386,0.03351075426116567,0.034278788238204856,0.04780962123591552,0.7899999999999991,2.1499999999999986,0.06509037876408447,0.73,0.06000000000000005,0.040000000000000036
2017-11-13,2584.84,11.5,2.4,1.7,,0.0009831358177202925,-0.0024304635059061047,0.03264362282492235,0.029252664879743536,0.04763543485911,0.21000000000000085,2.0999999999999996,0.06736456514089001,0.7,0.08000000000000007,0.08999999999999986
2017-11-14,2578.87,11.59,2.38,1.68,,-0.0023122919993494805,-0.00455363093914756,0.03483326854293391,0.03218239982231272,0.048682878022374705,0.08999999999999986,1.6999999999999993,0.0672171219776253,0.7,0.06000000000000005,0.050000000000000044
2017-11-15,2564.62,13.13,2.33,1.68,,-0.005540998994613265,-0.011537247570191844,0.04000773407199189,0.041689970554744396,0.05298148280203135,1.540000000000001,3.3500000000000014,0.07831851719796865,0.6500000000000001,0.010000000000000231,0.030000000000000027
2017-11-16,2585.64,11.76,2.37,1.72,,0.00816274002244117,0.00039456430169200745,0.08110830797296803,0.06066781965930679,0.06029103675126693,-1.370000000000001,1.2599999999999998,0.057308963248733066,0.6500000000000001,0.040000000000000036,0.09000000000000008
2017-11-17,2578.85,11.43,2.35,1.73,,-0.002629496392601535,-0.0013369115464027341,0.08332341128018042,0.059888251113212346,0.05861199303973299,-0.33000000000000007,0.14000000000000057,0.05568800696026701,0.6200000000000001,-0.04999999999999982,0.06000000000000005
2017-11-20,2582.14,10.65,2.37,1.77,,0.0012749493588078771,-0.0010450980053152462,0.08362453210654415,0.05989160459759006,0.0567329512523965,-0.7799999999999994,-0.8499999999999996,0.049767048747603494,0.6000000000000001,-0.029999999999999805,0.07000000000000006
2017-11-21,2599.03,9.73,2.36,1.77,,0.006519786005639133,0.007786979999673329,0.09264952888865671,0.06914308216135666,0.06073256748676873,-0.9199999999999999,-1.8599999999999994,0.03656743251323127,0.5899999999999999,-0.020000000000000018,0.09000000000000008
2017-11-22,2597.08,9.88,2.32,1.74,,-0.0007505615129562197,0.012577417481330216,0.0738645550007031,0.0690254343315207,0.05775595927204935,0.15000000000000036,-3.25,0.04104404072795066,0.5799999999999998,-0.010000000000000231,0.06000000000000005
2017-11-24,2602.42,9.67,2.34,1.75,,0.0020540443802283723,0.006468721839117577,0.054681242534082984,0.06600012411767006,0.05791196291941274,-0.21000000000000085,-2.09,0.038788037080587257,0.5899999999999999,-0.03000000000000025,0.030000000000000027
2017-11-27,2601.42,9.87,2.32,1.74,,-0.00038433157526338035,0.008713886656455758,0.04619788151163151,0.06570456420462985,0.05131384648625837,0.1999999999999993,-1.5600000000000005,0.047386153513741626,0.5799999999999998,-0.03000000000000025,0.010000000000000009
2017-11-28,2627.04,10.03,2.34,1.75,,0.009800287295721388,0.017239224593369313,0.07276571185032907,0.07998362289132271,0.059362830835352404,0.16000000000000014,-0.620000000000001,0.0409371691646476,0.5899999999999999,-0.03000000000000025,-0.020000000000000018
2017-11-29,2626.07,10.7,2.37,1.78,,-0.0003693050444495722,0.010350133543280706,0.07085399292332901,0.07787629215571254,0.05957441989269119,0.6699999999999999,0.9699999999999989,0.04742558010730881,0.5900000000000001,0.010000000000000231,0.010000000000000009
2017-11-30,2647.58,11.28,2.42,1.78,,0.00815758318578807,0.019258278242025008,0.07651065428377411,0.07177448100375682,0.06480273255257865,0.5800000000000001,1.3999999999999986,0.047997267447421346,0.6399999999999999,0.10000000000000009,0.040000000000000036
2017-12-01,2642.22,11.43,2.37,1.78,,-0.002026542339749596,0.015177691522046878,0.08727742540502706,0.07019090803392897,0.06577894479036277,0.15000000000000036,1.7599999999999998,0.04852105520963723,0.5900000000000001,0.03000000000000025,0.030000000000000027
2017-12-04,2639.44,11.68,2.37,1.8,,-0.001052699437952113,0.014509323659358149,0.08903856228036662,0.06757286929747773,0.06583824817200325,0.25,1.8100000000000005,0.050961751827996754,0.5700000000000001,0.050000000000000266,0.06000000000000005
2017-12-05,2629.57,11.33,2.36,1.83,,-0.0037464387216745616,0.0009625976419620559,0.07349917879322848,0.07413509646983163,0.06792720733936976,-0.34999999999999964,1.3000000000000007,0.04537279266063024,0.5299999999999998,0.020000000000000018,0.08000000000000007
2017-12-06,2629.27,11.02,2.33,1.78,,-0.00011409360251520882,0.0012178090838965605,0.07339853941978491,0.06970748344119508,0.06791417036668125,-0.3100000000000005,0.3200000000000003,0.04228582963331874,0.55,-0.040000000000000036,0.0
2017-12-07,2636.98,10.16,2.37,1.8,,0.0029280818451754833,-0.004011692256715929,0.039382538275514835,0.06933417037998219,0.06832145395851036,-0.8599999999999994,-1.1199999999999992,0.03327854604148964,0.5700000000000001,-0.04999999999999982,0.020000000000000018
2017-12-08,2651.5,9.58,2.38,1.8,,0.005491194628844653,0.0035060447118782164,0.056919247435926634,0.07215841200318651,0.06798846092746128,-0.5800000000000001,-1.8499999999999996,0.02781153907253872,0.5799999999999998,0.009999999999999787,0.020000000000000018
2017-12-11,2659.99,9.34,2.39,1.82,,0.0031968457929972233,0.007755589942827524,0.05666426103725586,0.07126185029646322,0.06780423390096418,-0.2400000000000002,-2.34,0.025595766099035813,0.5700000000000001,0.020000000000000018,0.020000000000000018
2017-12-12,2664.11,9.92,2.4,1.83,,0.0015476797289272538,0.01304970839342933,0.03300987095316001,0.05739608897023527,0.06777874179026122,0.5800000000000001,-1.4100000000000001,0.031421258209738775,0.5699999999999998,0.040000000000000036,0.0
2017-12-13,2662.85,10.18,2.36,1.79,,-0.0004730653218714308,0.012690736674073118,0.03491927067645779,0.057488000211510376,0.06670894413779853,0.2599999999999998,-0.8399999999999999,0.03509105586220147,0.5699999999999998,0.029999999999999805,0.010000000000000009
2017-12-14,2652.01,10.49,2.35,1.82,,-0.004079134739528824,0.005683520089368681,0.05787722617720962,0.04940957904579068,0.0648074744279172,0.3100000000000005,0.33000000000000007,0.0400925255720828,0.53,-0.020000000000000018,0.020000000000000018
2017-12-15,2675.81,9.42,2.35,1.84,,0.008934295194916394,0.009126620655440643,0.07639616447840405,0.06420521675408879,0.06588082593357084,-1.0700000000000003,-0.16000000000000014,0.02831917406642917,0.51,-0.029999999999999805,0.040000000000000036
2017-12-18,2690.16,9.53,2.39,1.84,,0.0053485331483242,0.01127830801076772,0.08025927103555353,0.06576243164046278,0.0649851177225682,0.10999999999999943,0.1899999999999995,0.0303148822774318,0.55,0.0,0.020000000000000018
2017-12-19,2681.47,10.03,2.46,1.87,,-0.003235519788593535,0.0064951084932467415,0.08956193837388098,0.0645726391961295,0.06767315807323096,0.5,0.10999999999999943,0.03262684192676904,0.5899999999999999,0.06000000000000005,0.040000000000000036
2017-12-20,2679.25,9.72,2.49,1.87,,-0.000828246999249518,0.006139926815868657,0.09003890817854891,0.06530854305964534,0.06600784045896445,-0.3099999999999987,-0.4599999999999991,0.03119215954103556,0.6200000000000001,0.13000000000000034,0.08000000000000007
2017-12-21,2684.57,9.62,2.48,1.89,,0.001983661548850703,0.012202723104248329,0.07684665530520185,0.06505700676806261,0.06547179624337102,-0.10000000000000142,-0.870000000000001,0.030728203756628977,0.5900000000000001,0.1299999999999999,0.06999999999999984
2017-12-22,2683.34,9.9,2.48,1.91,,-0.0004582789284942958,0.002810148980837543,0.051639101559879275,0.06237637368870468,0.06587564336670548,0.28000000000000114,0.4800000000000004,0.03312435663329452,0.5700000000000001,0.1299999999999999,0.06999999999999984
2017-12-26,2680.5,10.25,2.47,1.92,,-0.0010589429458703716,-0.0035973271133571006,0.029520526307720965,0.06220791138976762,0.06617862101039243,0.34999999999999964,0.7200000000000006,0.036321378989607564,0.5500000000000003,0.08000000000000007,0.07999999999999985
2017-12-27,2682.62,10.47,2.42,1.89,,0.0007905846262701684,0.0004287773015064767,0.02029911381643665,0.06205817050343492,0.05846404375737123,0.22000000000000064,0.4400000000000013,0.04623595624262877,0.53,-0.040000000000000036,0.019999999999999796
2017-12-28,2687.54,10.18,2.43,1.91,,0.0018323481522244368,0.003089372452980631,0.02150391247673672,0.06192486592241068,0.05827878284659883,-0.2900000000000009,0.4599999999999991,0.043521217153401175,0.5200000000000002,-0.06000000000000005,0.039999999999999813
2017-12-29,2673.61,11.04,2.4,1.89,,-0.005196657936668189,-0.004090947032538407,0.04272277175956173,0.06464670098494324,0.05624527161755771,0.8599999999999994,1.42,0.054154728382442285,0.51,-0.08000000000000007,0.0
2018-01-02,2695.81,9.77,2.46,1.92,,0.008269096661866973,0.004636428557822894,0.07784492025460646,0.06235183608112008,0.06174200791149377,-1.2699999999999996,-0.13000000000000078,0.035957992088506224,0.54,-0.020000000000000018,0.010000000000000009
2018-01-03,2713.06,9.15,2.44,1.94,,0.006378433382130943,0.012073804885824269,0.08358452122534463,0.06465297189769827,0.06405044173286978,-0.6199999999999992,-1.0999999999999996,0.02744955826713022,0.5,-0.03000000000000025,0.020000000000000018
2018-01-04,2723.99,9.22,2.46,1.96,,0.004020568037294825,0.015303788296848947,0.08277186146851469,0.06202942158900057,0.061703276784663176,0.07000000000000028,-1.25,0.030496723215336828,0.5,0.040000000000000036,0.07000000000000006
2018-01-05,2743.15,9.22,2.47,1.96,,0.007009177903581761,0.02048061804820636,0.08602680723987285,0.06589047809414979,0.06396703899541942,0.0,-0.9599999999999991,0.028232961004580587,0.5100000000000002,0.040000000000000036,0.050000000000000044
2018-01-08,2747.71,9.52,2.49,1.96,,0.0016609423836402202,0.027338218368514588,0.04172837702484578,0.06596155457412643,0.06391285149971215,0.29999999999999893,-1.5199999999999996,0.03128714850028784,0.5300000000000002,0.0900000000000003,0.07000000000000006
2018-01-09,2751.29,10.08,2.55,1.98,,0.0013020551030292105,0.020371176809676695,0.04157413807750001,0.06445673509293974,0.06264436516396503,0.5600000000000005,0.3100000000000005,0.03815563483603497,0.5699999999999998,0.08999999999999986,0.06000000000000005
2018-01-10,2748.23,9.82,2.55,1.98,,-0.001112824506788398,0.012879918920757521,0.04880445401350131,0.06454056703604209,0.06327756801132904,-0.2599999999999998,0.6699999999999999,0.03492243198867097,0.5699999999999998,0.10999999999999988,0.040000000000000036
2018-01-11,2767.56,9.88,2.54,1.98,,0.007008997490407507,0.01586834837387,0.0581027482132743,0.06742606943182108,0.0660884339495494,0.0600000000000005,0.6600000000000001,0.03271156605045061,0.56,0.08000000000000007,0.020000000000000018
2018-01-12,2786.24,10.16,2.55,1.99,,0.006726951075669084,0.015586121545957463,0.056952180918914505,0.06926626846267739,0.06757750795890324,0.27999999999999936,0.9399999999999995,0.03402249204109675,0.5599999999999998,0.07999999999999963,0.030000000000000027
2018-01-16,2776.42,11.66,2.54,2.03,,-0.003530688627795424,0.010394490534521933,0.07452921595962285,0.06361176666844666,0.06691947674981541,1.5,2.1400000000000006,0.049680523250184586,0.5100000000000002,0.04999999999999982,0.06999999999999984
2018-01-17,2802.56,11.91,2.57,2.05,,0.00937095716052361,0.018463392592016282,0.08970063483744804,0.06598835783864206,0.06750965993825196,0.25,1.83,0.051590340061748036,0.52,0.020000000000000018,0.06999999999999984
2018-01-18,2798.03,12.22,2.62,2.05,,-0.0016176870607860264,0.0179585300380186,0.09145895849773415,0.06963111454448938,0.06788427370337566,0.3100000000000005,2.4000000000000004,0.054315726296624345,0.5700000000000003,0.07000000000000028,0.06999999999999984
2018-01-19,2810.3,11.27,2.64,2.06,,0.004375641082824612,0.015325173630435946,0.08706535456236661,0.06978749986592718,0.06548339174793519,-0.9500000000000011,1.3899999999999988,0.04721660825206481,0.5800000000000001,0.10000000000000009,0.08000000000000007
2018-01-22,2832.97,11.03,2.66,2.08,,0.008034392098314767,0.016632614653081326,0.09093835837555576,0.07155490624299421,0.06731599774876196,-0.2400000000000002,0.8699999999999992,0.04298400225123804,0.5800000000000001,0.11000000000000032,0.09000000000000008
2018-01-23,2839.13,11.1,2.63,2.06,,0.002172035902672236,0.022335339183548946,0.07058075832143751,0.07128822821780705,0.06728940707599738,0.07000000000000028,-0.5600000000000005,0.04371059292400262,0.5699999999999998,0.08999999999999986,0.03000000000000025
2018-01-24,2837.54,11.47,2.65,2.08,,-0.0005601875894072049,0.012404194433618298,0.0617747580172025,0.07331400374631589,0.0673557721704331,0.370000000000001,-0.4399999999999995,0.047344227829566904,0.5699999999999998,0.08000000000000007,0.03000000000000025
2018-01-25,2839.25,11.58,2.63,2.08,,0.0006024531651585847,0.01462433465956288,0.054018805758363334,0.0710330398105209,0.06634596945905279,0.10999999999999943,-0.6400000000000006,0.049454030540947214,0.5499999999999998,0.009999999999999787,0.03000000000000025
2018-01-26,2872.87,11.08,2.66,2.13,,0.011771597314994501,0.022020290891732852,0.08382650237180471,0.08134877835416436,0.07289331530822153,-0.5,-0.1899999999999995,0.037906684691778464,0.5300000000000002,0.020000000000000018,0.06999999999999984
2018-01-29,2853.53,13.84,2.7,2.11,,-0.006754705760662041,0.007231193032756252,0.10623267118077674,0.09454452646401934,0.08127427131362404,2.76,2.8100000000000005,0.05712572868637596,0.5900000000000003,0.040000000000000036,0.029999999999999805
2018-01-30,2822.43,14.79,2.73,2.13,,-0.010958608318405548,-0.005899451188321532,0.13701909863673478,0.11309437195293817,0.09097308224004136,0.9499999999999993,3.6899999999999995,0.056926917759958645,0.6000000000000001,0.10000000000000009,0.06999999999999984
2018-01-31,2823.81,13.54,2.72,2.14,,0.0004888208887610065,-0.004850442710153448,0.13751946675990712,0.10456975605824402,0.08883238019737426,-1.25,2.0699999999999985,0.046567619802625734,0.5800000000000001,0.07000000000000028,0.06000000000000005
2018-02-01,2821.98,13.47,2.78,2.16,,-0.0006482706810167338,-0.00610116655632874,0.13690371151654873,0.10406579099922159,0.08807236046891129,-0.06999999999999851,1.8900000000000006,0.04662763953108873,0.6199999999999997,0.1499999999999999,0.08000000000000007
2018-02-02,2762.13,17.31,2.84,2.15,,-0.021436645011316622,-0.039309408882640035,0.14128761718003907,0.1500895515456113,0.12056700560830419,3.839999999999998,6.229999999999999,0.052532994391695786,0.69,0.17999999999999972,0.020000000000000018
2018-02-05,2648.94,37.32,2.77,2.08,,-0.04184256124518214,-0.07439726436716011,0.2777006148668439,0.24072225007793405,0.1908513116776946,20.01,23.48,0.18234868832230539,0.69,0.06999999999999984,-0.029999999999999805
2018-02-06,2695.14,29.98,2.79,2.1,,0.017290591086863923,-0.04614806496189045,0.3623445217398015,0.266894466503931,0.2022753086225745,-7.34,15.190000000000001,0.0975246913774255,0.69,0.06000000000000005,-0.029999999999999805
2018-02-07,2681.66,27.73,2.84,2.15,,-0.0050141453066676256,-0.05165103115731911,0.35507927352051066,0.26565788627856524,0.20257834695984944,-2.25,14.190000000000001,0.07472165304015055,0.69,0.11999999999999966,0.009999999999999787
2018-02-08,2581.0,33.46,2.85,2.13,,-0.038259085020510716,-0.08926184549681301,0.3892216040447569,0.30826034016704956,0.24136618037399402,5.73,19.990000000000002,0.09323381962600599,0.7200000000000002,0.07000000000000028,-0.03000000000000025
2018-02-09,2619.55,29.06,2.83,2.05,,0.0148256265596341,-0.05299957392586228,0.4487653425406988,0.31448954996468037,0.24724813670410176,-4.400000000000002,11.75,0.04335186329589821,0.7800000000000002,-0.009999999999999787,-0.10000000000000009
2018-02-12,2656.0,25.61,2.86,2.09,,0.013818684318076369,0.002661671637396392,0.3720534014797611,0.3352950718029024,0.25208682354240947,-3.4499999999999993,-11.71,0.004013176457590528,0.77,0.08999999999999986,0.009999999999999787
2018-02-13,2662.94,24.97,2.83,2.1,,0.002609543983683735,-0.012019375465783933,0.34392874356362296,0.33791423500872336,0.2526610562965638,-0.6400000000000006,-5.010000000000002,-0.0029610562965638465,0.73,0.040000000000000036,0.0
2018-02-14,2698.63,19.26,2.91,2.17,,0.013313461230303598,0.006308231071187223,0.3594280992055642,0.35051282320764554,0.25540494446351625,-5.709999999999997,-8.469999999999999,-0.06280494446351623,0.7400000000000002,0.07000000000000028,0.020000000000000018
2018-02-15,2731.2,19.13,2.9,2.19,,0.011996836229864197,0.05656415232156227,0.07890948764233689,0.3600562058749628,0.2601255618578632,-0.13000000000000256,-14.330000000000002,-0.06882556185786318,0.71,0.04999999999999982,0.06000000000000005
2018-02-16,2732.22,19.46,2.87,2.21,,0.0003733924947562478,0.042111918256684366,0.10176871260706438,0.3455997929436564,0.2593728412884615,0.33000000000000185,-9.599999999999998,-0.0647728412884615,0.6600000000000001,0.040000000000000036,0.16000000000000014
2018-02-20,2716.26,20.6,2.88,2.25,,-0.005858531424820395,0.022434702513787524,0.1284218954716331,0.26447351903939387,0.2573444054255673,1.1400000000000006,-5.009999999999998,-0.051344405425567285,0.6299999999999999,0.020000000000000018,0.16000000000000014
2018-02-21,2701.33,20.02,2.94,2.26,,-0.005511689809002755,0.01431346872110098,0.14743602243109238,0.25332710436400846,0.25709648352360953,-0.5800000000000018,-4.949999999999999,-0.05689648352360954,0.6800000000000002,0.10999999999999988,0.1599999999999997
2018-02-22,2703.96,18.72,2.92,2.25,,0.0009731208529212048,0.001973128343718505,0.11472913673587547,0.2516344173097398,0.25730647380744753,-1.3000000000000007,-0.5400000000000027,-0.07010647380744756,0.6699999999999999,0.009999999999999787,0.08000000000000007
2018-02-23,2747.3,16.49,2.88,2.25,,0.01590124602558474,0.005877538139439174,0.14013873922142142,0.1367091161248814,0.26528967899778766,-2.2300000000000004,-2.6400000000000006,-0.10038967899778767,0.6299999999999999,-0.020000000000000018,0.06000000000000005
2018-02-26,2779.6,15.8,2.86,2.22,,0.011688421260557077,0.017192566905239848,0.1579493638736465,0.13202189896794853,0.2652340416191608,-0.6899999999999977,-3.66,-0.10723404161916081,0.6399999999999997,-0.010000000000000231,0.010000000000000231
2018-02-27,2744.28,18.59,2.9,2.27,,-0.012788286983879777,0.010262811346180352,0.18837726242055128,0.15335007491436564,0.2676280141440406,2.789999999999999,-2.0100000000000016,-0.08172801414404057,0.6299999999999999,0.020000000000000018,0.020000000000000018
2018-02-28,2713.83,19.85,2.87,2.25,,-0.011157824195769547,0.0046166769594137205,0.2060921952938704,0.169710536077439,0.2677178544829125,1.2600000000000016,-0.16999999999999815,-0.06921785448291251,0.6200000000000001,-0.06999999999999984,-0.009999999999999787
2018-03-01,2677.67,22.47,2.81,2.22,,-0.013413907890662753,-0.009770351784170232,0.2298170316375165,0.17236585327929968,0.2705632415215702,2.6199999999999974,3.75,-0.0458632415215702,0.5899999999999999,-0.10999999999999988,-0.029999999999999805
2018-03-02,2691.25,19.59,2.86,2.25,,0.0050587563087125835,-0.02061284150104243,0.18533149869694346,0.16111775401840558,0.2718803893630221,-2.879999999999999,3.1000000000000014,-0.07598038936302212,0.6099999999999999,-0.020000000000000018,0.0
2018-03-05,2720.94,18.73,2.88,2.24,,0.01097163914490453,-0.02132962361669491,0.181509493958093,0.17287457324693148,0.26601322721458903,-0.8599999999999994,2.9299999999999997,-0.07871322721458904,0.6399999999999997,0.020000000000000018,0.020000000000000018
2018-03-06,2728.12,18.36,2.88,2.25,,0.0026353184422145334,-0.005906018190600611,0.1684431417489122,0.17062773072187706,0.21727501656581213,-0.370000000000001,-0.23000000000000043,-0.03367501656581215,0.6299999999999999,-0.020000000000000018,-0.020000000000000018
2018-03-07,2726.8,17.76,2.89,2.25,,-0.0004839667770615435,0.004767839228107297,0.14386663584862877,0.16755993398933353,0.20911996471207026,-0.5999999999999979,-2.09,-0.03151996471207025,0.6400000000000001,0.020000000000000018,0.0
2018-03-08,2738.97,16.54,2.86,2.25,,0.004453176811945213,0.022634923930715253,0.06664922832575536,0.16848821864555366,0.2084577594148797,-1.2200000000000024,-5.93,-0.043057759414879715,0.6099999999999999,0.04999999999999982,0.029999999999999805
2018-03-09,2786.57,14.64,2.9,2.27,,0.01722951151316988,0.03480567913517255,0.11279722669871547,0.17181335747589993,0.1561401365875276,-1.8999999999999986,-4.949999999999999,-0.009740136587527592,0.6299999999999999,0.040000000000000036,0.020000000000000018
2018-03-12,2783.02,15.78,2.87,2.27,,-0.00127477982427725,0.022559260165990525,0.11871621981846679,0.1621720789764271,0.15149465065788575,1.1399999999999988,-2.950000000000001,0.0063053493421142415,0.6000000000000001,-0.009999999999999787,0.029999999999999805
2018-03-13,2765.31,16.35,2.84,2.26,,-0.006383924585162931,0.013540017138613176,0.1425691262546597,0.15067460449653156,0.14936476059996232,0.5700000000000021,-2.009999999999998,0.014135239400037691,0.5800000000000001,-0.040000000000000036,0.009999999999999787
2018-03-14,2749.48,17.23,2.81,2.26,,-0.0057409415327189526,0.008283042382955802,0.15437970303358609,0.14080490606103072,0.15184561360292137,0.879999999999999,-0.5300000000000011,0.02045438639707864,0.5500000000000003,-0.08000000000000007,0.009999999999999787
2018-03-15,2747.33,16.59,2.82,2.29,,-0.0007822719394124938,0.0030475936315981023,0.15287167917723588,0.11590983091819582,0.14553511767332583,-0.6400000000000006,0.05000000000000071,0.02036488232667416,0.5299999999999998,-0.040000000000000036,0.040000000000000036
2018-03-16,2752.01,15.8,2.85,2.31,,0.0017020228353889482,-0.012479895046182653,0.05481720724922146,0.11511245009059884,0.13958484806744523,-0.7899999999999991,1.1600000000000001,0.018415151932554774,0.54,-0.04999999999999982,0.040000000000000036
2018-03-19,2712.92,19.02,2.85,2.31,,-0.014306008195445936,-0.02551112341735125,0.09776690447244521,0.13031535708693326,0.14900142922744591,3.219999999999999,3.24,0.041198570772554094,0.54,-0.020000000000000018,0.040000000000000036
2018-03-20,2716.94,18.2,2.89,2.34,,0.0014807014304161871,-0.01764649740177223,0.10679716417605953,0.1297158634672717,0.1476772351231806,-0.8200000000000003,1.8499999999999979,0.0343227648768194,0.5500000000000003,0.050000000000000266,0.08000000000000007
2018-03-21,2711.93,17.86,2.89,2.31,,-0.0018456884848011977,-0.013751244353854546,0.10528473395426043,0.12991737477191245,0.14642643248898174,-0.33999999999999986,0.629999999999999,0.03217356751101824,0.5800000000000001,0.08000000000000007,0.050000000000000266
2018-03-22,2643.69,23.34,2.83,2.29,,-0.02548489001614073,-0.038453862430582735,0.1889829170443148,0.17630179884040673,0.17238182379895922,5.48,6.75,0.061018176201040775,0.54,0.010000000000000231,0.0
2018-03-23,2588.26,24.87,2.82,2.28,,-0.021189833248420765,-0.06134571851439252,0.1871728563477039,0.15359713133068834,0.17405723479428567,1.5300000000000011,9.07,0.07464276520571433,0.54,-0.03000000000000025,-0.03000000000000025
2018-03-26,2658.55,21.03,2.85,2.33,,0.026795026112632157,-0.02024468420631445,0.3310978334426191,0.23032235943649926,0.19761069048050234,-3.84,2.0100000000000016,0.012689309519497677,0.52,0.0,0.020000000000000018
2018-03-27,2612.62,22.5,2.78,2.26,,-0.017427312133270447,-0.039152697770000994,0.3383349899752497,0.23924887519954285,0.2015461768267768,1.4699999999999989,4.300000000000001,0.0234538231732232,0.52,-0.11000000000000032,-0.08000000000000007
2018-03-28,2605.0,22.87,2.77,2.28,,-0.0029208740450646013,-0.04022788333026427,0.33722105664371954,0.2396472355962638,0.19893445772534918,0.370000000000001,5.010000000000002,0.029765542274650836,0.4900000000000002,-0.1200000000000001,-0.03000000000000025
2018-03-29,2640.87,19.97,2.74,2.27,,0.013675733119263357,-0.0010672601948603872,0.32397446105377786,0.2577508443077682,0.2016255472723637,-2.900000000000002,-3.370000000000001,-0.0019255472723637146,0.4700000000000002,-0.08999999999999986,-0.020000000000000018
2018-04-02,2581.88,23.62,2.73,2.25,,-0.022590592580476767,-0.0024680195269163136,0.3297886947415038,0.27132083262967893,0.214633721182003,3.650000000000002,-1.25,0.021566278817997026,0.48,-0.08999999999999986,-0.029999999999999805
2018-04-03,2614.45,21.1,2.79,2.28,,0.012535934603553565,-0.01672711103599488,0.26453733430872517,0.2825941168499179,0.21596252443830533,-2.5199999999999996,0.07000000000000028,-0.004962524438305305,0.5100000000000002,-0.06000000000000005,-0.050000000000000266
2018-04-04,2644.69,20.06,2.79,2.28,,0.011500105825438875,0.012200306922714258,0.24663343807545915,0.29205215979462373,0.22072397771462335,-1.0400000000000027,-2.4400000000000013,-0.020123977714623348,0.5100000000000002,0.010000000000000231,0.020000000000000018
2018-04-05,2662.84,18.94,2.83,2.3,,0.006839366240059898,0.021960547207838806,0.24297416725459162,0.2959873215164323,0.22271616035902125,-1.1199999999999974,-3.9299999999999997,-0.03331616035902124,0.5300000000000002,0.06000000000000005,0.020000000000000018
2018-04-06,2604.47,21.49,2.77,2.27,,-0.02216402280202734,-0.013879208713451831,0.28609713871141157,0.2889407045286886,0.23355331838641538,2.549999999999997,1.5199999999999996,-0.018653318386415402,0.5,0.029999999999999805,0.0
2018-04-09,2613.16,21.77,2.78,2.29,,0.0033310173527511624,0.012042401219776205,0.22583052780835136,0.2675705431587078,0.22293670507185426,0.28000000000000114,-1.8500000000000014,-0.005236705071854253,0.48999999999999977,0.04999999999999982,0.040000000000000036
2018-04-10,2656.87,20.47,2.8,2.32,,0.016588521255114928,0.016094987871337573,0.2387436078356848,0.24382638599231624,0.23375118494398195,-1.3000000000000007,-0.6300000000000026,-0.029051184943981956,0.48,0.009999999999999787,0.040000000000000036
2018-04-11,2642.19,20.24,2.79,2.32,,-0.005540619488903829,-0.0009457374430050416,0.23206325281098197,0.22683343132172015,0.23357580040633086,-0.23000000000000043,0.17999999999999972,-0.03117580040633086,0.4700000000000002,0.0,0.040000000000000036
2018-04-12,2663.99,18.49,2.83,2.34,,0.008216880187239336,0.00043177650417443677,0.23488062051530142,0.22815718367942386,0.23607193642196958,-1.75,-0.45000000000000284,-0.0511719364219696,0.4900000000000002,0.0,0.040000000000000036
2018-04-13,2656.3,17.41,2.82,2.37,,-0.002890821874502216,0.01970497743169967,0.14091474411417884,0.21991340973667461,0.23609616023734695,-1.0799999999999983,-4.079999999999998,-0.06199616023734694,0.44999999999999973,0.04999999999999982,0.10000000000000009
2018-04-16,2677.84,16.56,2.83,2.39,,0.008076322362107757,0.024450282441056355,0.1436215763362211,0.17962492308242778,0.23838208280627954,-0.8500000000000014,-5.210000000000001,-0.07278208280627954,0.43999999999999995,0.050000000000000266,0.10000000000000009
2018-04-17,2706.39,15.25,2.82,2.41,,0.010605144127271393,0.018466905313212562,0.11667039239489412,0.17719535295610825,0.2368425766304661,-1.3099999999999987,-5.219999999999999,-0.0843425766304661,0.4099999999999997,0.020000000000000018,0.0900000000000003
2018-04-18,2708.64,15.6,2.87,2.42,,0.0008310203745819628,0.02483854517669846,0.0908009241647498,0.17164120883689202,0.2367955445728346,0.34999999999999964,-4.639999999999999,-0.08079554457283461,0.4500000000000002,0.08000000000000007,0.10000000000000009
2018-04-19,2693.13,15.96,2.92,2.44,,-0.005742577941307845,0.010879087048151171,0.11113567262687073,0.1741106484697774,0.23756777120278724,0.3600000000000012,-2.5299999999999976,-0.07796777120278722,0.48,0.08999999999999986,0.10000000000000009
2018-04-20,2670.14,16.88,2.96,2.46,,-0.008573180471045841,0.00519672845160752,0.13268802317339817,0.13129975733205845,0.22082911513229628,0.9199999999999982,-0.5300000000000011,-0.0520291151322963,0.5,0.14000000000000012,0.08999999999999986
2018-04-23,2670.29,16.34,2.98,2.49,,5.617525182039568e-05,-0.0028234186586799646,0.117204276705342,0.13174096592074253,0.20550033990248673,-0.5399999999999991,-0.21999999999999886,-0.04210033990248674,0.48999999999999977,0.1499999999999999,0.10000000000000009
2018-04-24,2634.56,18.02,3.0,2.48,,-0.013470895618345118,-0.026899458404296306,0.09522033181233397,0.1258658295890423,0.18895951816343237,1.6799999999999997,2.7699999999999996,-0.008759518163432373,0.52,0.18000000000000016,0.06999999999999984
2018-04-25,2639.4,17.84,3.03,2.49,,0.0018354334726678417,-0.025895045306210514,0.09951776681157277,0.12358379275445537,0.1780666524013272,-0.17999999999999972,2.24,0.0003333475986727896,0.5399999999999996,0.1599999999999997,0.07000000000000028
2018-04-26,2666.94,16.24,3.0,2.49,,0.010380129158368218,-0.00977233820653454,0.1478512040599967,0.12805892545062886,0.1809044315098535,-1.6000000000000014,0.2799999999999976,-0.01850443150985351,0.5099999999999998,0.08000000000000007,0.050000000000000266
2018-04-27,2669.91,15.41,2.96,2.49,,0.0011130162199066156,-8.614151558219054e-05,0.13605421117438266,0.12700426025578157,0.17478322722385492,-0.8299999999999983,-1.4699999999999989,-0.020683227223854905,0.46999999999999975,0.0,0.03000000000000025
2018-04-30,2648.05,15.93,2.95,2.49,,-0.008221243907144358,-0.008363560674546836,0.1479438456007157,0.12617023935505792,0.15598592951696963,0.5199999999999996,-0.41000000000000014,0.003314070483030368,0.45999999999999996,-0.029999999999999805,0.0
2018-05-01,2654.8,15.49,2.97,2.5,,0.0025458022179105093,0.007653137161708775,0.10491313240068145,0.11074521842853892,0.1503409021398343,-0.4399999999999995,-2.5299999999999994,0.004559097860165701,0.4700000000000002,-0.029999999999999805,0.020000000000000018
2018-05-02,2635.67,15.97,2.97,2.49,,-0.007231903167589713,-0.0014141994785488773,0.12166447930201196,0.11251013950030371,0.1472745229060336,0.4800000000000004,-1.8699999999999992,0.012425477093966408,0.48,-0.05999999999999961,0.0
2018-05-03,2629.73,15.9,2.94,2.49,,-0.0022562397993906034,-0.014050568436307614,0.0766329894276653,0.11125127536881893,0.14505452485153641,-0.07000000000000028,-0.3399999999999981,0.013945475148463587,0.44999999999999973,-0.06000000000000005,0.0
2018-05-04,2663.42,14.77,2.95,2.51,,0.012729831933829549,-0.0024337527223846104,0.1357073119601071,0.128169928786409,0.12824296607685426,-1.1300000000000008,-0.6400000000000006,0.01945703392314574,0.4400000000000004,-0.009999999999999787,0.019999999999999574
2018-05-07,2672.63,14.75,2.95,2.49,,0.003451995069662222,0.00923948625442193,0.11793258867017588,0.12952501374386366,0.12827135703591813,-0.019999999999999574,-1.1799999999999997,0.01922864296408186,0.45999999999999996,0.0,0.0
2018-05-08,2671.92,14.71,2.97,2.51,,-0.00026569121971978244,0.006427992816791562,0.11857171027055913,0.10556824436712509,0.11453987174125534,-0.03999999999999915,-0.7799999999999994,0.03256012825874467,0.4600000000000004,0.0,0.009999999999999787
2018-05-09,2697.79,13.42,3.0,2.54,,0.009635604216150478,0.023295500200531807,0.10147117287726148,0.11342198645523904,0.11694958556368455,-1.290000000000001,-2.5500000000000007,0.017250414436315434,0.45999999999999996,0.029999999999999805,0.04999999999999982
2018-05-10,2723.07,13.23,2.97,2.54,,0.009327000979503942,0.034878740979426344,0.08346126651884933,0.11139735722563417,0.11791538260109427,-0.1899999999999995,-2.67,0.01438461739890573,0.43000000000000016,0.03000000000000025,0.04999999999999982
2018-05-11,2727.72,12.65,2.97,2.54,,0.0017061751151760478,0.023855084160772696,0.07140119254620615,0.11129251420942626,0.11697886931226698,-0.5800000000000001,-2.119999999999999,0.009521130687733026,0.43000000000000016,0.020000000000000018,0.03000000000000025
2018-05-14,2730.13,12.93,3.0,2.55,,0.0008831316934816184,0.021286220784592344,0.0765353486754142,0.09587036406456045,0.11422826901897536,0.27999999999999936,-1.8200000000000003,0.015071730981024642,0.4500000000000002,0.04999999999999982,0.05999999999999961
2018-05-15,2711.45,14.63,3.08,2.58,,-0.006865679959648896,0.014686232044663135,0.10869380271195699,0.10812183224879679,0.11147777085790042,1.700000000000001,-0.08000000000000007,0.03482222914209959,0.5,0.10999999999999988,0.07000000000000028
2018-05-16,2722.46,13.42,3.09,2.58,,0.0040523361876279775,0.009102964016140731,0.09313010466054547,0.09484165105701484,0.11234354380749428,-1.2100000000000009,0.0,0.021856456192505702,0.5099999999999998,0.08999999999999986,0.040000000000000036
2018-05-17,2720.13,13.43,3.11,2.57,,-0.0008562100552650634,-0.0010802470186283462,0.06533167836294296,0.09280856942969123,0.11020252567833295,0.009999999999999787,0.1999999999999993,0.024097474321667048,0.54,0.13999999999999968,0.029999999999999805
2018-05-18,2712.97,13.42,3.06,2.55,,-0.002635697537311794,-0.005422119671116095,0.06455043791177259,0.08073265542289018,0.10564072966286095,-0.009999999999999787,0.7699999999999996,0.028559270337139037,0.5100000000000002,0.08999999999999986,0.009999999999999787
2018-05-21,2733.01,13.08,3.06,2.58,,0.007359590175901056,0.0010543388113031006,0.08880514848974903,0.08517377530331596,0.10811468451122588,-0.33999999999999986,0.15000000000000036,0.022685315488774116,0.48,0.06000000000000005,0.03000000000000025
2018-05-22,2724.44,13.22,3.06,2.59,,-0.0031406635129493403,0.004779355258002568,0.07255549418073638,0.08868662329822508,0.09499447250780875,0.14000000000000057,-1.4100000000000001,0.03720552749219126,0.4700000000000002,-0.020000000000000018,0.009999999999999787
2018-05-23,2733.29,12.58,3.01,2.53,,0.003243109408800207,0.0039701284791749105,0.07058031253827814,0.07837453304111029,0.09515682210602931,-0.6400000000000006,-0.8399999999999999,0.030643177893970683,0.48,-0.08000000000000007,-0.050000000000000266
2018-05-24,2727.76,12.53,2.98,2.5,,-0.0020252522464269634,0.0028010862880129645,0.07275670939242035,0.06551225457280398,0.09029518160295734,-0.05000000000000071,-0.9000000000000004,0.035004818397042656,0.48,-0.1299999999999999,-0.06999999999999984
2018-05-25,2721.33,13.22,2.93,2.48,,-0.0023600281824850003,0.0030767556428397663,0.0720163929375867,0.06602415194604043,0.09114017384520458,0.6900000000000013,-0.1999999999999993,0.041059826154795434,0.4500000000000002,-0.1299999999999999,-0.06999999999999984
2018-05-29,2689.86,17.02,2.77,2.32,,-0.011631583739263906,-0.015914418272325082,0.08500384085070195,0.08673336222014855,0.09634875866116595,3.799999999999999,3.9399999999999995,0.07385124133883404,0.4500000000000002,-0.29000000000000004,-0.26000000000000023
2018-05-30,2724.01,14.94,2.84,2.42,,0.012615911702766044,-0.00015784305660967058,0.14079156508849988,0.1059142900383268,0.1050315310004369,-2.08,1.7199999999999989,0.04436846899956311,0.41999999999999993,-0.2200000000000002,-0.16999999999999993
2018-05-31,2705.27,15.43,2.83,2.4,,-0.006903336878120701,-0.010304289343530558,0.1443067709334349,0.10972633914841057,0.10468398540333912,0.4900000000000002,2.8499999999999996,0.04961601459666087,0.43000000000000016,-0.17999999999999972,-0.1299999999999999
2018-06-01,2734.62,13.46,2.89,2.47,,0.01079076407564197,0.002511726978538331,0.17076344622644182,0.12374565459530612,0.10895721680293736,-1.9699999999999989,0.9300000000000015,0.025642783197062632,0.41999999999999993,-0.08999999999999986,-0.029999999999999805
2018-06-04,2746.87,12.74,2.94,2.52,,0.004469595089461682,0.009341350250485134,0.17043425180124439,0.12379452412240582,0.10183615894131214,-0.7200000000000006,-0.4800000000000004,0.025563841058687878,0.41999999999999993,0.009999999999999787,0.040000000000000036
2018-06-05,2748.8,12.4,2.92,2.49,,0.0007023711683356189,0.021675305158084607,0.12543993332510703,0.11900074671978458,0.10161985543862738,-0.33999999999999986,-4.619999999999999,0.02238014456137262,0.4299999999999997,0.1499999999999999,0.17000000000000037
2018-06-06,2772.35,11.64,2.97,2.52,,0.00853088317566569,0.01759027663098421,0.11096827630200119,0.12314525548836132,0.10445918989313234,-0.7599999999999998,-3.299999999999999,0.011940810106867664,0.4500000000000002,0.13000000000000034,0.10000000000000009
2018-06-07,2770.37,12.13,2.93,2.5,,-0.0007144506972109346,0.023779162811894024,0.07821634607434899,0.12339788528476697,0.10061089291545441,0.4900000000000002,-3.299999999999999,0.02068910708454559,0.43000000000000016,0.10000000000000009,0.10000000000000009
2018-06-08,2779.03,12.18,2.93,2.5,,0.0031210606659344705,0.01610945940218642,0.057013078040398554,0.12215746685738905,0.09638943862852728,0.049999999999998934,-1.2800000000000011,0.025410561371472712,0.43000000000000016,0.040000000000000036,0.029999999999999805
2018-06-11,2782.0,12.35,2.96,2.52,,0.0010681475490628696,0.012708011861787601,0.05743576978543878,0.12003352980350016,0.09635554385910297,0.16999999999999993,-0.39000000000000057,0.027144456140897028,0.43999999999999995,0.020000000000000018,0.0
2018-06-12,2786.85,12.34,2.96,2.54,,0.0017418322369011133,0.013747472930352946,0.055789209036404955,0.09248079925080084,0.0963916839028141,-0.009999999999999787,-0.0600000000000005,0.027008316097185903,0.41999999999999993,0.040000000000000036,0.04999999999999982
2018-06-13,2775.63,12.94,2.98,2.59,,-0.004034177279463059,0.0011824124752242433,0.04377835897628639,0.08413369386838541,0.09380552690555015,0.5999999999999996,1.299999999999999,0.03559447309444984,0.3900000000000001,0.009999999999999787,0.06999999999999984
2018-06-14,2782.49,12.12,2.94,2.59,,0.0024684618120292836,0.004365324984464438,0.04523024218660174,0.06843658322004295,0.09332724308114694,-0.8200000000000003,-0.010000000000001563,0.027872756918853048,0.3500000000000001,0.009999999999999787,0.08999999999999986
2018-06-15,2779.66,11.98,2.93,2.55,,-0.0010175922059649557,0.00022667211256497657,0.04167476066885834,0.05406388491239881,0.09337363733012921,-0.1399999999999988,-0.1999999999999993,0.026426362669870793,0.38000000000000034,0.0,0.04999999999999982
2018-06-18,2773.75,12.31,2.92,2.56,,-0.002128422800086842,-0.0029698982365844893,0.04289311999859964,0.05451689908802704,0.09312275037696055,0.33000000000000007,-0.03999999999999915,0.02997724962303945,0.3599999999999999,-0.040000000000000036,0.040000000000000036
2018-06-19,2762.59,13.35,2.89,2.54,,-0.004031549765965106,-0.00874328023945079,0.04266816360669941,0.060073148347251484,0.09174818582312887,1.0399999999999991,1.0099999999999998,0.04175181417687114,0.3500000000000001,-0.06999999999999984,0.0
2018-06-20,2767.32,12.79,2.93,2.56,,0.0017106973363122029,-0.002998405623675523,0.04277345778126307,0.04139904785309499,0.09077909576965286,-0.5600000000000005,-0.15000000000000036,0.037120904230347126,0.3700000000000001,-0.04999999999999982,-0.029999999999999805
2018-06-21,2749.76,14.64,2.9,2.56,,-0.006365707692292354,-0.011832575127997201,0.0484535541712621,0.051839346355711774,0.09368345844311567,1.8500000000000014,2.5200000000000014,0.052716541556884336,0.33999999999999986,-0.040000000000000036,-0.029999999999999805
2018-06-22,2754.88,13.77,2.9,2.56,,0.0018602493447316098,-0.008954733577300616,0.057046371959020806,0.04954079332015187,0.09341903257941822,-0.870000000000001,1.7899999999999991,0.04428096742058177,0.33999999999999986,-0.03000000000000025,0.010000000000000231
2018-06-25,2717.07,17.33,2.87,2.54,,-0.013819790665146471,-0.0206461014423603,0.10315283855981278,0.08013530572371219,0.1060641657516987,3.5599999999999987,5.019999999999998,0.06723583424830128,0.33000000000000007,-0.04999999999999982,-0.020000000000000018
2018-06-26,2723.06,15.92,2.88,2.53,,0.0022021541473088704,-0.01441239752908623,0.11258649981933996,0.08082564812800791,0.09706358193142711,-1.4099999999999984,2.5700000000000003,0.062136418068572896,0.3500000000000001,-0.010000000000000231,-0.010000000000000231
2018-06-27,2699.63,17.91,2.83,2.52,,-0.008641521386801524,-0.02476461625219992,0.1099352671114428,0.08666684506063455,0.09136185904862362,1.9900000000000002,5.120000000000001,0.08773814095137639,0.31000000000000005,-0.10000000000000009,-0.040000000000000036
2018-06-28,2716.31,16.85,2.84,2.52,,0.0061596150392206625,-0.012239293520686801,0.1332781253562886,0.09454416429578762,0.09088859219135184,-1.0599999999999987,2.210000000000001,0.07761140780864817,0.31999999999999984,-0.06000000000000005,-0.040000000000000036
2018-06-29,2718.37,16.09,2.85,2.52,,0.0007580943491275485,-0.013341448516291009,0.13124788883898866,0.09568821932947072,0.08192332486507858,-0.7600000000000016,2.3200000000000003,0.0789766751349214,0.33000000000000007,-0.04999999999999982,-0.040000000000000036
2018-07-02,2726.71,15.6,2.87,2.57,,0.003063318269638806,0.003541660418494512,0.08871144086609191,0.09932221220443323,0.08098457736063136,-0.4900000000000002,-1.7299999999999986,0.07501542263936864,0.30000000000000027,0.0,0.029999999999999805
2018-07-03,2713.22,16.14,2.83,2.53,,-0.004959632808581322,-0.003620126537395767,0.09542951839451576,0.1000362013039398,0.08247197946223121,0.5400000000000009,0.22000000000000064,0.0789280205377688,0.30000000000000027,-0.04999999999999982,0.0
2018-07-05,2736.61,14.97,2.84,2.55,,0.008583806694084265,0.013605201543489856,0.08292773490206543,0.11202758103292723,0.08255030833261676,-1.17,-2.9399999999999995,0.06714969166738324,0.29000000000000004,0.009999999999999787,0.029999999999999805
2018-07-06,2759.82,13.37,2.82,2.53,,0.008445532084704199,0.015891118588973442,0.09017076904294925,0.11714974809415167,0.08863295635280567,-1.6000000000000014,-3.480000000000002,0.04506704364719431,0.29000000000000004,-0.020000000000000018,0.009999999999999787
2018-07-09,2784.17,12.69,2.86,2.57,,0.008784343615273702,0.023917367855119716,0.09449907389546594,0.12454693982663316,0.09358120147202648,-0.6799999999999997,-3.4000000000000004,0.03331879852797351,0.29000000000000004,0.009999999999999787,0.04999999999999982
2018-07-10,2793.84,12.64,2.87,2.59,,0.0034671897996766143,0.024321239385157498,0.09407848256475541,0.09295342514763998,0.09429768920242668,-0.049999999999998934,-2.959999999999999,0.032102310797573336,0.28000000000000025,0.0,0.020000000000000018
2018-07-11,2774.02,13.63,2.85,2.58,,-0.0071194619539736125,0.02216141023976527,0.10844042514374984,0.10552230076991441,0.0975803294738341,0.9900000000000002,-2.51,0.0387196705261659,0.27,0.020000000000000018,0.050000000000000266
2018-07-12,2798.29,12.58,2.85,2.6,,0.008710984661528809,0.022288588207209855,0.10875047943606592,0.09232479762822085,0.10140400760431821,-1.0500000000000007,-2.3900000000000006,0.024395992395681784,0.25,0.010000000000000231,0.050000000000000266
2018-07-13,2801.31,12.18,2.83,2.59,,0.0010786485794734959,0.014921704701979045,0.10421288536282539,0.09188643612666254,0.10114887305231783,-0.40000000000000036,-1.1899999999999995,0.02065112694768216,0.2400000000000002,0.010000000000000231,0.06000000000000005
2018-07-16,2798.43,12.83,2.85,2.59,,-0.001028619276585639,0.005108741810119513,0.09242423177448446,0.09357357032485993,0.10115083931577987,0.6500000000000004,0.14000000000000057,0.02714916068422013,0.26000000000000023,-0.009999999999999787,0.020000000000000018
2018-07-17,2809.55,12.06,2.86,2.62,,0.003965782536343808,0.005607334546786759,0.09331879226354622,0.09372651076948703,0.10149372875916729,-0.7699999999999996,-0.5800000000000001,0.01910627124083271,0.23999999999999977,-0.010000000000000231,0.03000000000000025
2018-07-18,2815.62,12.1,2.88,2.6,,0.002158157835582412,0.014884954336342736,0.05842136883056289,0.08301525173828622,0.10008243455065502,0.03999999999999915,-1.5300000000000011,0.020917565449344977,0.2799999999999998,0.029999999999999805,0.020000000000000018
2018-07-19,2804.49,12.87,2.84,2.6,,-0.003960781746415428,0.0022131879283985726,0.04848536298040835,0.08619495702688398,0.10152557999400916,0.7699999999999996,0.28999999999999915,0.027174420005990824,0.23999999999999977,-0.010000000000000231,0.0
2018-07-20,2801.83,12.86,2.89,2.6,,-0.0009489291369751974,0.00018561021194999784,0.0489442912420836,0.08061962746956386,0.09831896701592596,-0.009999999999999787,0.6799999999999997,0.03028103298407403,0.29000000000000004,0.06000000000000005,0.010000000000000231
2018-07-23,2806.98,12.62,2.96,2.64,,0.001836397184893872,0.0030506266734295065,0.04923940261524909,0.06989974779124795,0.09831603582336093,-0.2400000000000002,-0.21000000000000085,0.027883964176639048,0.31999999999999984,0.10999999999999988,0.050000000000000266
2018-07-24,2820.4,12.41,2.95,2.63,,0.0047695465529177935,0.003854390690003505,0.05288592189423562,0.07156869719451295,0.08211934819893034,-0.20999999999999908,0.34999999999999964,0.04198065180106966,0.3200000000000003,0.0900000000000003,0.009999999999999787
2018-07-25,2846.07,12.29,2.94,2.66,,0.009060376426541358,0.01075660928096255,0.08002810025060683,0.06641594699067843,0.08600780927009266,-0.120000000000001,0.1899999999999995,0.036892190729907334,0.2799999999999998,0.06000000000000005,0.06000000000000005
2018-07-26,2837.44,12.14,2.98,2.69,,-0.003036858079784692,0.011680532947593237,0.07573627444755913,0.062008911930558394,0.07861270786762538,-0.14999999999999858,-0.7299999999999986,0.04278729213237463,0.29000000000000004,0.14000000000000012,0.08999999999999986
2018-07-27,2818.82,13.03,2.96,2.67,,-0.006583879546122514,0.006045582538445887,0.09832957504796665,0.07387853818865281,0.08357915649155985,0.8899999999999988,0.16999999999999993,0.04672084350844015,0.29000000000000004,0.06999999999999984,0.06999999999999984
2018-07-30,2802.6,14.26,2.98,2.66,,-0.005770799909402402,-0.001561614555850382,0.10947178939743953,0.08039516262250673,0.08781830317223759,1.2300000000000004,1.6400000000000006,0.05478169682776242,0.31999999999999984,0.020000000000000018,0.020000000000000018
2018-07-31,2816.29,12.83,2.96,2.67,,0.004872858193980633,-0.0014583029147874848,0.10977596575971736,0.08171902834880451,0.08847098898321282,-1.4299999999999997,0.41999999999999993,0.03982901101678718,0.29000000000000004,0.009999999999999787,0.040000000000000036
2018-08-01,2813.36,13.15,3.0,2.67,,-0.0010409173801414606,-0.011559596721470377,0.07273552830315301,0.08119232619574317,0.0856565842659244,0.3200000000000003,0.8600000000000012,0.045843415734075604,0.33000000000000007,0.06000000000000005,0.009999999999999787
2018-08-02,2827.22,12.19,2.98,2.66,,0.004914398127409042,-0.0036083405142766692,0.08803740088791005,0.08153851176853753,0.08275010861643216,-0.9600000000000009,0.049999999999998934,0.039149891383567836,0.31999999999999984,0.0,-0.029999999999999805
2018-08-03,2840.35,11.64,2.95,2.63,,0.0046333873211502116,0.007608926352996189,0.076202111650124,0.08297486801706568,0.07963263402495568,-0.5499999999999989,-1.3899999999999988,0.03676736597504432,0.3200000000000003,-0.009999999999999787,-0.040000000000000036
2018-08-06,2850.4,11.27,2.94,2.64,,0.0035320512931104955,0.01691177755550893,0.040254936029377505,0.08367797987267558,0.07526910540342525,-0.370000000000001,-2.99,0.03743089459657474,0.2999999999999998,-0.040000000000000036,-0.020000000000000018
2018-08-07,2858.45,10.93,2.98,2.68,,0.0028201845679715165,0.014859103929499958,0.03804365589955984,0.08212593673201952,0.0750425271452919,-0.33999999999999986,-1.9000000000000004,0.03425747285470809,0.2999999999999998,0.020000000000000018,0.010000000000000231
2018-08-08,2857.7,10.85,2.96,2.68,,-0.0002624143888119613,0.01563760692082931,0.03292795946405151,0.07003091785000705,0.06870895956284188,-0.08000000000000007,-2.3000000000000007,0.039791040437158115,0.2799999999999998,-0.040000000000000036,0.010000000000000231
2018-08-09,2853.58,11.27,2.93,2.64,,-0.0014427591414417902,0.00928044965197852,0.04110713812520601,0.06827051585901729,0.0638276512364436,0.41999999999999993,-0.9199999999999999,0.048872348763556395,0.29000000000000004,-0.04999999999999982,-0.020000000000000018
2018-08-10,2833.28,13.16,2.87,2.61,,-0.007139295225622618,-0.0024922328947942682,0.06749304881617116,0.06993611050342084,0.07002162530037707,1.8900000000000006,1.5199999999999996,0.06157837469962292,0.26000000000000023,-0.08000000000000007,-0.020000000000000018
2018-08-13,2821.93,14.78,2.88,2.61,,-0.004014003101377949,-0.010038287289282724,0.059941861673484344,0.06596030599277031,0.07170575990957852,1.6199999999999992,3.51,0.07609424009042147,0.27,-0.06000000000000005,-0.03000000000000025
2018-08-14,2839.96,13.31,2.89,2.63,,0.006368919546678298,-0.006489552310576035,0.07991535773415012,0.06897698306117897,0.07376064086808254,-1.4699999999999989,2.380000000000001,0.05933935913191746,0.26000000000000023,-0.08999999999999986,-0.050000000000000266
2018-08-15,2818.37,14.64,2.86,2.61,,-0.007631263915857995,-0.013858401837622087,0.09034240027931549,0.08090348532135105,0.07891438504769274,1.33,3.790000000000001,0.06748561495230726,0.25,-0.10000000000000009,-0.07000000000000028
2018-08-16,2840.69,13.45,2.87,2.63,,0.007888276759113128,-0.004527365937067293,0.11879568510623258,0.08693124477080275,0.08207472194072163,-1.1900000000000013,2.1799999999999997,0.05242527805927835,0.2400000000000002,-0.06000000000000005,-0.010000000000000231
2018-08-17,2850.13,12.64,2.87,2.61,,0.0033176268652185398,0.0059295561537738095,0.1068176209915941,0.08540661680510328,0.08237507139689154,-0.8099999999999987,-0.5199999999999996,0.04402492860310847,0.26000000000000023,0.0,0.0
2018-08-20,2857.05,12.49,2.82,2.6,,0.002425016695182756,0.012368575950334647,0.09633722579954355,0.08442462314104163,0.08249453174314766,-0.15000000000000036,-2.289999999999999,0.04240546825685233,0.21999999999999975,-0.06000000000000005,-0.009999999999999787
2018-08-21,2862.96,12.86,2.85,2.61,,0.002066430689121701,0.008066087092778286,0.09001218204359575,0.0838607765292546,0.08135605342347446,0.3699999999999992,-0.45000000000000107,0.04724394657652553,0.2400000000000002,-0.040000000000000036,-0.020000000000000018
2018-08-22,2861.82,12.25,2.82,2.6,,-0.00039826858501759574,0.015299082423618542,0.048103054958287615,0.08388260098163211,0.07523759601058629,-0.6099999999999994,-2.3900000000000006,0.04726240398941371,0.21999999999999975,-0.040000000000000036,-0.009999999999999787
2018-08-23,2856.98,12.41,2.82,2.61,,-0.0016926632005294403,0.005718142463976076,0.033338153814300275,0.084024232183867,0.07460120355897565,0.16000000000000014,-1.0399999999999991,0.049498796441024354,0.20999999999999996,-0.050000000000000266,-0.020000000000000018
2018-08-24,2874.69,11.99,2.82,2.63,,0.006179719474590772,0.008580235073348461,0.04804459494684047,0.07820926822012904,0.0726134119446587,-0.41999999999999993,-0.6500000000000004,0.047286588055341305,0.18999999999999995,-0.050000000000000266,0.020000000000000018
2018-08-27,2896.74,12.16,2.85,2.67,,0.007641124395724228,0.013796342773889768,0.06438564305078168,0.07728508486221713,0.07167283962193152,0.16999999999999993,-0.33000000000000007,0.04992716037806848,0.18000000000000016,0.03000000000000025,0.06999999999999984
2018-08-28,2897.52,12.5,2.88,2.67,,0.00026923196567344023,0.01199914405044164,0.06682207903255825,0.07502544002843545,0.07078630107557782,0.33999999999999986,-0.35999999999999943,0.05421369892442218,0.20999999999999996,0.029999999999999805,0.06000000000000005
2018-08-29,2914.04,12.25,2.89,2.67,,0.005685235804660677,0.018082648440119843,0.06469654688187604,0.05394796252067987,0.07170321756907651,-0.25,0.0,0.05079678243092349,0.2200000000000002,0.07000000000000028,0.06999999999999984
2018-08-30,2901.13,13.53,2.86,2.64,,-0.004440118245784964,0.015335193394864267,0.08002512674584336,0.05999305783046028,0.07389668189926185,1.2799999999999994,1.1199999999999992,0.06140331810073815,0.21999999999999975,0.040000000000000036,0.03000000000000025
2018-08-31,2901.52,12.86,2.86,2.62,,0.0001344213421754606,0.009289895262448894,0.07664834068335456,0.06031923969420867,0.07291630473787279,-0.6699999999999999,0.8699999999999992,0.0556836952621272,0.23999999999999977,0.040000000000000036,-0.009999999999999787
2018-09-04,2896.72,13.16,2.9,2.66,,-0.0016556752036839839,-6.90433695932463e-06,0.0587937650189885,0.06254795319585894,0.07291393759071411,0.3000000000000007,1.0,0.05868606240928588,0.23999999999999977,0.04999999999999982,-0.009999999999999787
2018-09-05,2888.6,13.91,2.9,2.66,,-0.0028071067225424913,-0.0030832430251752628,0.06187722317230211,0.06575069045048637,0.07358516854050481,0.75,1.4100000000000001,0.06551483145949519,0.23999999999999977,0.020000000000000018,-0.009999999999999787
2018-09-06,2878.05,14.65,2.88,2.64,,-0.003658974194848502,-0.01242745302468443,0.028456579758408162,0.06947382479357572,0.07504031569557833,0.7400000000000002,2.4000000000000004,0.07145968430442166,0.23999999999999977,-0.010000000000000231,-0.029999999999999805
2018-09-07,2871.68,14.88,2.94,2.71,,-0.002215757124654065,-0.010203091903553618,0.02261244458945316,0.0699975518990791,0.07533549129648044,0.23000000000000043,1.3500000000000014,0.07346450870351957,0.22999999999999998,0.08000000000000007,0.06999999999999984
2018-09-10,2877.13,14.16,2.94,2.73,,0.0018960451407243311,-0.00844146810500475,0.03391919393384265,0.06326736108472361,0.07012267884037399,-0.7200000000000006,1.3000000000000007,0.07147732115962602,0.20999999999999996,0.08000000000000007,0.10999999999999988
2018-09-11,2887.89,13.22,2.98,2.76,,0.003732862156378708,-0.00305293074494203,0.05134286177957141,0.05228660081238727,0.0684887018194772,-0.9399999999999995,0.0600000000000005,0.06371129818052282,0.2200000000000002,0.08000000000000007,0.09999999999999964
2018-09-12,2888.92,13.14,2.97,2.74,,0.00035659819551439804,0.00011077417311480258,0.0475915170705822,0.05231534401442032,0.06568612593346032,-0.08000000000000007,-0.7699999999999996,0.0657138740665397,0.22999999999999998,0.07000000000000028,0.08000000000000007
2018-09-13,2904.18,12.37,2.97,2.76,,0.005268348654683924,0.009038097022647202,0.04627088672119886,0.051005977314951316,0.059225062745488305,-0.7700000000000014,-2.280000000000001,0.06447493725451169,0.2100000000000004,0.0900000000000003,0.11999999999999966
2018-09-14,2904.98,12.07,2.99,2.78,,0.0002754270858635385,0.01152928123316492,0.03450916999320346,0.045595665142390655,0.054292872904846017,-0.29999999999999893,-2.8100000000000005,0.06640712709515398,0.2100000000000004,0.050000000000000266,0.06999999999999984
2018-09-17,2888.8,13.68,2.99,2.78,,-0.005585314617480499,0.004047921474959985,0.06631830280231336,0.053877777615660316,0.05854215256615738,1.6099999999999994,-0.4800000000000004,0.07825784743384262,0.2100000000000004,0.050000000000000266,0.04999999999999982
2018-09-18,2904.31,12.79,3.05,2.81,,0.005354649595431229,0.005669708914012477,0.07161031307797329,0.06052899537814643,0.060592204043581135,-0.8900000000000006,-0.4300000000000015,0.06730779595641885,0.23999999999999977,0.06999999999999984,0.050000000000000266
2018-09-19,2907.95,11.75,3.08,2.81,,0.0012525249991826694,0.006565635717680598,0.07127931286525238,0.05814993622332202,0.06043888101834802,-1.0399999999999991,-1.3900000000000006,0.057061118981651976,0.27,0.10999999999999988,0.06999999999999984
2018-09-20,2930.75,11.8,3.07,2.81,,0.007809997394075651,0.009107284457072517,0.08168827397085021,0.06258860109132207,0.06515615561902117,0.05000000000000071,-0.5699999999999985,0.05284384438097883,0.2599999999999998,0.09999999999999964,0.050000000000000266
2018-09-21,2929.67,11.68,3.07,2.81,,-0.0003685742701806347,0.00846328310102843,0.08257922373977221,0.05988668254007196,0.06454584190695557,-0.120000000000001,-0.39000000000000057,0.05225415809304443,0.2599999999999998,0.07999999999999963,0.03000000000000025
2018-09-24,2919.37,12.2,3.08,2.83,,-0.0035219491222055663,0.01052664859630339,0.07170598710726096,0.06601111514423326,0.06391440201013592,0.5199999999999996,-1.4800000000000004,0.05808559798986408,0.25,0.08999999999999986,0.050000000000000266
2018-09-25,2915.56,12.42,3.1,2.83,,-0.0013059284486635185,0.0038660705522088955,0.06819620938325578,0.06599412268381084,0.05884904839973117,0.22000000000000064,-0.3699999999999992,0.06535095160026883,0.27,0.050000000000000266,0.020000000000000018
2018-09-26,2905.97,12.89,3.06,2.83,,-0.0032946695026326335,-0.000681123949606603,0.07360858073394662,0.06937758655667016,0.060236255717259955,0.47000000000000064,1.1400000000000006,0.06866374428274005,0.22999999999999998,-0.020000000000000018,0.020000000000000018
2018-09-27,2914.0,12.41,3.06,2.83,,0.0027594661468949336,-0.005731655196787567,0.04058456017813771,0.06568376646566203,0.0575007283309817,-0.4800000000000004,0.6099999999999994,0.0665992716690183,0.22999999999999998,-0.009999999999999787,0.020000000000000018
2018-09-28,2913.98,12.12,3.05,2.81,,-6.863441535533463e-06,-0.00536994436814229,0.04109923720275884,0.06570652610935653,0.05506271915428017,-0.2900000000000009,0.4399999999999995,0.06613728084571982,0.23999999999999977,-0.020000000000000018,0.0
2018-10-01,2924.59,12.0,3.09,2.82,,0.0036344555873070567,0.0017864603413702683,0.04542022118625329,0.05844658602802045,0.05637570423854959,-0.11999999999999922,-0.1999999999999993,0.0636242957614504,0.27,0.009999999999999787,-0.010000000000000231
2018-10-02,2923.43,12.05,3.05,2.82,,-0.0003967154747124362,0.002695673315321118,0.04375066446079214,0.05405130707460963,0.05594349518022373,0.05000000000000071,-0.3699999999999992,0.06455650481977629,0.22999999999999998,-0.050000000000000266,-0.010000000000000231
2018-10-03,2925.51,11.61,3.15,2.85,,0.0007112400153475563,0.0067015828333012615,0.02806800974815328,0.05395229906902502,0.05459699834732031,-0.4400000000000013,-1.2800000000000011,0.06150300165267968,0.2999999999999998,0.08999999999999986,0.020000000000000018
2018-10-04,2901.61,14.22,3.19,2.87,,-0.008203069104388573,-0.004260952417982149,0.06988920417229982,0.053935080625469756,0.06130722383783667,2.610000000000001,1.8100000000000005,0.08089277616216332,0.31999999999999984,0.1299999999999999,0.040000000000000036
2018-10-05,2885.57,14.82,3.23,2.88,,-0.005543301253226848,-0.009797390229673469,0.07641777426729984,0.05831835185452855,0.06426235584195804,0.5999999999999996,2.700000000000001,0.08393764415804196,0.3500000000000001,0.18000000000000016,0.06999999999999984
2018-10-08,2884.43,15.69,3.23,2.88,,-0.0003951473188331464,-0.013826993135813566,0.06178874127602534,0.05741334957746346,0.06399392360856596,0.8699999999999992,3.6899999999999995,0.09290607639143403,0.3500000000000001,0.14000000000000012,0.06000000000000005
2018-10-09,2880.34,15.95,3.21,2.88,,-0.0014189640475695234,-0.014849241708670594,0.05971115388333149,0.05742176904660604,0.0627441523869816,0.2599999999999998,3.8999999999999986,0.0967558476130184,0.33000000000000007,0.16000000000000014,0.06000000000000005
2018-10-10,2785.68,22.96,3.22,2.88,,-0.033416333989061714,-0.048976815713079776,0.21549225104783634,0.17224691971499148,0.13368545298708165,7.010000000000002,11.350000000000001,0.09591454701291835,0.3400000000000003,0.07000000000000028,0.029999999999999805
2018-10-11,2728.37,24.98,3.14,2.85,,-0.020787647463574973,-0.061561394072266136,0.22780256263839102,0.18554850132182507,0.14672149875896429,2.0199999999999996,10.76,0.10307850124103571,0.29000000000000004,-0.04999999999999982,-0.020000000000000018
2018-10-12,2767.13,21.31,3.15,2.85,,0.014106320709680948,-0.0419117721093584,0.29683803982227935,0.21129221398879047,0.15869492137761368,-3.6700000000000017,6.489999999999998,0.054405078622386305,0.2999999999999998,-0.08000000000000007,-0.029999999999999805
2018-10-15,2750.79,21.3,3.16,2.85,,-0.005922538841602318,-0.047439163632127496,0.289982662474546,0.20550792849672492,0.15878831554960016,-0.00999999999999801,5.610000000000001,0.05421168445039984,0.31000000000000005,-0.06999999999999984,-0.029999999999999805
2018-10-16,2809.92,17.62,3.16,2.87,,0.021267870038650147,-0.024752329545907788,0.36482274636118833,0.24700778790914862,0.1780391397998585,-3.6799999999999997,1.6700000000000017,-0.0018391397998584746,0.29000000000000004,-0.04999999999999982,-0.009999999999999787
2018-10-17,2809.21,17.4,3.19,2.89,,-0.00025270816079308065,0.008411296282360922,0.2637781538812363,0.2465443081535781,0.17779345062996402,-0.22000000000000242,-5.560000000000002,-0.003793450629964029,0.2999999999999998,-0.03000000000000025,0.010000000000000231
2018-10-18,2768.78,20.06,3.17,2.87,,-0.014496515061645461,0.014702428684290366,0.231866679820744,0.25148274950585664,0.17954593504269167,2.66,-4.920000000000002,0.021054064957308327,0.2999999999999998,0.029999999999999805,0.020000000000000018
2018-10-19,2767.78,19.89,3.2,2.92,,-0.00036123513910236955,0.00023487283550703596,0.20965937831958392,0.2523320711439778,0.17954727819843908,-0.16999999999999815,-1.4199999999999982,0.019352721801560918,0.28000000000000025,0.050000000000000266,0.06999999999999984
2018-10-22,2755.88,19.64,3.2,2.92,,-0.004308743988789517,0.0018486676883198603,0.20706154524832784,0.2514570491700727,0.17960849571505866,-0.25,-1.6600000000000001,0.01679150428494136,0.28000000000000025,0.040000000000000036,0.06999999999999984
2018-10-23,2740.69,20.71,3.17,2.89,,-0.005527097324213361,-0.02494629967454376,0.09222044165096752,0.25086559761895305,0.17974230482438236,1.0700000000000003,3.09,0.027357695175617647,0.2799999999999998,0.009999999999999787,0.020000000000000018
2018-10-24,2656.1,25.23,3.1,2.84,,-0.03135083200711912,-0.056044423520869746,0.1966890450327664,0.24443958193532855,0.20585369149175572,4.52,7.830000000000002,0.0464463085082443,0.26000000000000023,-0.08999999999999986,-0.050000000000000266
2018-10-25,2705.57,24.22,3.14,2.86,,0.01845372947933219,-0.023094178979892237,0.2824136016437941,0.2516785215532897,0.22022609979232696,-1.0100000000000016,4.16,0.021973900207673036,0.28000000000000025,-0.029999999999999805,-0.010000000000000231
2018-10-26,2658.69,24.16,3.08,2.81,,-0.017479090705260276,-0.040212034546050185,0.29213471997236923,0.24909279763538558,0.22500980747083502,-0.05999999999999872,4.27,0.016590192529164993,0.27,-0.1200000000000001,-0.10999999999999988
2018-10-29,2641.25,24.7,3.08,2.81,,-0.00658123033377329,-0.04248452089103394,0.2907471376505448,0.24925720826591863,0.2229735244709853,0.5399999999999991,5.059999999999999,0.024026475529014685,0.27,-0.1200000000000001,-0.10999999999999988
2018-10-30,2682.63,23.35,3.12,2.84,,0.015545366655688744,-0.021412056911131773,0.33882027551370875,0.23417228363419623,0.23432105658880237,-1.3499999999999979,2.6400000000000006,-0.0008210565888023547,0.28000000000000025,-0.04999999999999982,-0.050000000000000266
2018-10-31,2711.74,21.23,3.15,2.87,,0.010792838671999127,0.02073161376798651,0.24612593407435168,0.24621605980753905,0.23984706113793444,-2.120000000000001,-4.0,-0.027547061137934425,0.2799999999999998,0.04999999999999982,0.03000000000000025
2018-11-01,2740.37,19.34,3.14,2.84,,0.010502452503904892,0.01278033679255929,0.22232942553777826,0.24702298175531726,0.24443309506560512,-1.8900000000000006,-4.879999999999999,-0.05103309506560513,0.30000000000000027,0.0,-0.020000000000000018
2018-11-02,2723.06,19.51,3.22,2.91,,-0.006336699810107039,0.02392272768771236,0.16601052207928962,0.24838659360234283,0.2445648597833059,0.1700000000000017,-4.649999999999999,-0.049464859783305865,0.31000000000000005,0.14000000000000012,0.10000000000000009
2018-11-05,2738.31,19.96,3.2,2.91,,0.005584693817028391,0.03608865183851423,0.13265184425601903,0.25035529749632784,0.24629167129626195,0.4499999999999993,-4.739999999999998,-0.04669167129626195,0.29000000000000004,0.1200000000000001,0.10000000000000009
2018-11-06,2755.45,19.91,3.22,2.93,,0.006239826862749526,0.026783112045575142,0.11043851477870342,0.25089114310883814,0.248270954225939,-0.05000000000000071,-3.4400000000000013,-0.049170954225939006,0.29000000000000004,0.10000000000000009,0.0900000000000003
2018-11-07,2813.89,16.36,3.22,2.96,,0.02098709901578878,0.03697737238936474,0.15625964165275952,0.19625128616646392,0.23217611233236918,-3.5500000000000007,-4.870000000000001,-0.06857611233236918,0.26000000000000023,0.07000000000000028,0.08999999999999986
2018-11-08,2806.83,16.72,3.24,2.98,,-0.002512134997959903,0.023962784887500036,0.16690973933870468,0.18628178364100592,0.2186146578811781,0.35999999999999943,-2.620000000000001,-0.051414657881178105,0.26000000000000023,0.10000000000000009,0.14000000000000012
2018-11-09,2781.01,17.36,3.19,2.94,,-0.00924156159302086,0.021057923104586134,0.17988217120056926,0.16325684429451234,0.21633852957463748,0.6400000000000006,-2.150000000000002,-0.042738529574637474,0.25,-0.03000000000000025,0.029999999999999805
2018-11-12,2726.22,20.45,3.19,2.94,,-0.0198981367275931,-0.004424907440035359,0.24632752317944048,0.19845431147116863,0.22705002316596581,3.09,0.48999999999999844,-0.022550023165965827,0.25,-0.010000000000000231,0.029999999999999805
2018-11-13,2722.18,20.02,3.14,2.89,,-0.0014830044565126614,-0.012147738759297566,0.2382230601285179,0.18678001574423334,0.21205583380815485,-0.4299999999999997,0.10999999999999943,-0.011855833808154859,0.25,-0.08000000000000007,-0.040000000000000036
2018-11-14,2701.58,21.25,3.12,2.86,,-0.007596242848709706,-0.04073108062379615,0.11658611603499493,0.18385090720554012,0.21304321855634228,1.2300000000000004,4.890000000000001,-0.0005432185563422898,0.26000000000000023,-0.10000000000000009,-0.10000000000000009
2018-11-15,2730.2,19.98,3.11,2.86,,0.010538079545354202,-0.027680866080481956,0.17731362771416492,0.1839100067082073,0.21202499206452785,-1.2699999999999996,3.2600000000000016,-0.012224992064527845,0.25,-0.13000000000000034,-0.1200000000000001
2018-11-16,2736.27,18.14,3.08,2.81,,0.002220812515123669,-0.01621849197233754,0.18086026918359252,0.18113479148868483,0.21227791491983813,-1.8399999999999999,0.7800000000000011,-0.03087791491983813,0.27,-0.10999999999999988,-0.1299999999999999
2018-11-19,2690.73,20.1,3.06,2.79,,-0.016783146839093228,-0.01310350208383765,0.16328746752717693,0.19755679819974423,0.2196791599556101,1.9600000000000009,-0.34999999999999787,-0.018679159955610092,0.27,-0.1299999999999999,-0.1499999999999999
2018-11-20,2641.89,22.48,3.06,2.79,,-0.018317962154308476,-0.02993845978163343,0.19629994249158056,0.20792937396306155,0.22757376107850633,2.379999999999999,2.460000000000001,-0.002773761078506326,0.27,-0.08000000000000007,-0.10000000000000009
2018-11-21,2649.93,20.8,3.06,2.81,,0.003038654446444182,-0.01930356248647966,0.20513046189428602,0.1613325091029855,0.19941567225486342,-1.6799999999999997,-0.4499999999999993,0.008584327745136594,0.25,-0.06000000000000005,-0.04999999999999982
2018-11-23,2632.56,21.52,3.05,2.81,,-0.006576467765855121,-0.03641810979768896,0.16059584742389224,0.1601556009745673,0.18796521176218875,0.7199999999999989,1.5399999999999991,0.027234788237811253,0.23999999999999977,-0.06000000000000005,-0.04999999999999982
2018-11-26,2673.45,18.9,3.07,2.84,,0.015413016366781477,-0.023225905946031234,0.2244121010609946,0.19250464044108812,0.18683022460746773,-2.620000000000001,0.759999999999998,0.0021697753925322416,0.22999999999999998,-0.010000000000000231,0.029999999999999805
2018-11-27,2682.17,19.02,3.06,2.83,,0.003256395228060269,-0.0031863638788777416,0.19988106034490338,0.17286454299524967,0.18529786687586255,0.120000000000001,-1.0800000000000018,0.004902133124137453,0.22999999999999998,0.0,0.040000000000000036
2018-11-28,2743.79,18.49,3.06,2.81,,0.02271400793888423,0.03784560621431486,0.1827494255948462,0.21174145815224288,0.19440345517529495,-0.5300000000000011,-3.990000000000002,-0.009503455175294967,0.25,0.0,0.020000000000000018
2018-11-29,2737.76,18.79,3.03,2.81,,-0.0022001085212538245,0.03260684324661691,0.19434775927038012,0.20744595691155734,0.1912810944904926,0.3000000000000007,-2.0100000000000016,-0.00338109449049262,0.21999999999999975,-0.03000000000000025,0.0
2018-11-30,2760.17,18.07,3.01,2.8,,0.008152204233588811,0.04733551524606079,0.1561966171021992,0.2048097529841064,0.18982377110801615,-0.7199999999999989,-3.4499999999999993,-0.009123771108016154,0.20999999999999996,-0.040000000000000036,-0.010000000000000231
2018-12-03,2790.37,16.44,2.98,2.83,,0.010881931492828126,0.042804430372107634,0.14845036483011376,0.2106775687061037,0.19159866096228134,-1.629999999999999,-2.4599999999999973,-0.027198660962281324,0.1499999999999999,-0.08999999999999986,-0.009999999999999787
2018-12-04,2700.06,20.74,2.91,2.8,,-0.03290020854234479,0.0066478266017026486,0.3348003430671331,0.2604722115335448,0.22564776873310463,4.299999999999997,1.7199999999999989,-0.018247768733104658,0.11000000000000032,-0.1499999999999999,-0.03000000000000025
2018-12-06,2695.95,21.19,2.87,2.75,,-0.0015233481015795478,-0.01758952943876094,0.2763921577163084,0.23958317439626975,0.22415726917651704,0.45000000000000284,2.700000000000003,-0.012257269176517038,0.1200000000000001,-0.18999999999999995,-0.06000000000000005
2018-12-07,2633.08,23.23,2.85,2.72,,-0.023596383238556007,-0.0389858041560631,0.30969837487595686,0.27160005731926307,0.22176652881997164,2.039999999999999,4.440000000000001,0.01053347118002837,0.1299999999999999,-0.17999999999999972,-0.08999999999999986
2018-12-10,2637.72,22.64,2.85,2.72,,0.0017606440003852311,-0.045377364389266796,0.2917660348023841,0.2697139010756136,0.22249060286694025,-0.5899999999999999,4.57,0.0039093971330597665,0.1299999999999999,-0.1599999999999997,-0.07999999999999963
2018-12-11,2636.78,21.76,2.89,2.78,,-0.0003564318930519869,-0.05661572777514703,0.2514609732870237,0.25607433758761833,0.22147446452192293,-0.879999999999999,5.32,-0.0038744645219229157,0.11000000000000032,-0.08999999999999986,-0.050000000000000266
2018-12-12,2651.07,21.46,2.91,2.77,,0.005404856335625491,-0.018310662897176887,0.1817775331321342,0.2573875386064868,0.21342374649341012,-0.3000000000000007,0.7200000000000024,0.0011762535065898971,0.14000000000000012,0.0,-0.029999999999999805
2018-12-13,2650.54,20.65,2.91,2.75,,-0.0001999392643992198,-0.016987254059996612,0.18299722384405664,0.22099059207344768,0.21346553082766323,-0.8100000000000023,-0.5400000000000027,-0.006965530827663241,0.16000000000000014,0.040000000000000036,0.0
2018-12-14,2599.95,21.63,2.89,2.73,,-0.019271178750727643,-0.012662049572168262,0.1530454439847414,0.23447483984832723,0.2218659467746903,0.9800000000000004,-1.6000000000000014,-0.0055659467746903,0.16000000000000014,0.040000000000000036,0.009999999999999787
2018-12-17,2545.94,24.52,2.86,2.7,,-0.020992280594401735,-0.035414974166955195,0.19289153429758735,0.23377085945887313,0.22656905289649149,2.8900000000000006,1.879999999999999,0.018630947103508516,0.1599999999999997,0.009999999999999787,-0.020000000000000018
2018-12-18,2546.16,25.58,2.82,2.65,,8.640835809843542e-05,-0.03497213391580472,0.19388748210400594,0.21476207122252172,0.22598095294615084,1.0599999999999987,3.8199999999999967,0.029819047053849135,0.16999999999999993,-0.07000000000000028,-0.1299999999999999
2018-12-19,2506.96,25.58,2.77,2.63,,-0.015515478113209684,-0.055892468364639784,0.16421448984619422,0.17500163868550056,0.22504299730857827,0.0,4.119999999999997,0.030757002691421703,0.14000000000000012,-0.14000000000000012,-0.14000000000000012
2018-12-20,2467.42,28.38,2.79,2.67,,-0.01589779340309688,-0.07159032250333748,0.13293340809460652,0.1763112071157468,0.2230902201876573,2.8000000000000007,7.73,0.060709779812342685,0.1200000000000001,-0.1200000000000001,-0.08000000000000007
2018-12-21,2416.62,30.11,2.79,2.63,,-0.020803200653483116,-0.07312234440609297,0.1369149648463537,0.17022590638092544,0.22988977454217305,1.7300000000000004,8.48,0.07121022545782693,0.16000000000000014,-0.10000000000000009,-0.10000000000000009
2018-12-24,2351.1,36.07,2.74,2.55,,-0.02748656592240741,-0.07961662973409864,0.1614992806499716,0.18330062216037568,0.24382409026859575,5.960000000000001,11.55,0.11687590973140427,0.1900000000000004,-0.11999999999999966,-0.15000000000000036
2018-12-26,2467.7,30.41,2.81,2.61,,0.04840323899410944,-0.03129979909808765,0.4911289265286785,0.3520637191449094,0.3026534451028022,-5.66,4.830000000000002,0.0014465548971978048,0.20000000000000018,-0.009999999999999787,-0.040000000000000036
2018-12-27,2488.83,29.96,2.77,2.56,,0.008526177791668824,-0.0072581431932091664,0.4922414221218927,0.35538360564499,0.3048999107851247,-0.4499999999999993,4.380000000000003,-0.005299910785124651,0.20999999999999996,0.0,-0.06999999999999984
2018-12-28,2485.74,28.34,2.72,2.52,,-0.001242318591321125,0.007397331618566585,0.4758681929320713,0.3549196089916551,0.28876275496175935,-1.620000000000001,-0.03999999999999915,-0.005362754961759364,0.20000000000000018,-0.06999999999999984,-0.1499999999999999
2018-12-31,2506.85,25.42,2.69,2.48,,0.008456582977787399,0.03665711524983729,0.43295438570662315,0.3540997004638163,0.2925558775088262,-2.919999999999998,-4.689999999999998,-0.038355877508826186,0.20999999999999996,-0.10000000000000009,-0.1499999999999999
2019-01-02,2510.03,23.22,2.66,2.5,,0.0012677203464647186,0.06541140151870924,0.32089515957125975,0.34095580628308525,0.28964256686413314,-2.200000000000003,-12.850000000000001,-0.057442566864133154,0.16000000000000014,-0.08000000000000007,-0.04999999999999982
2019-01-03,2447.89,25.45,2.56,2.39,,-0.025068276263535243,-0.008060113738935507,0.21921559661347143,0.3606571921232709,0.29201090247103534,2.2300000000000004,-4.960000000000001,-0.037510902471035334,0.16999999999999993,-0.25,-0.21999999999999975
2019-01-04,2531.94,21.38,2.67,2.5,,0.03375937831872888,0.017173086788124507,0.33522993474737234,0.3991330061204806,0.30766953286194265,-4.07,-8.580000000000002,-0.09386953286194266,0.16999999999999993,-0.10000000000000009,-0.06000000000000005
2019-01-07,2549.69,21.4,2.7,2.53,,0.006985975834124729,0.02540138121357046,0.3330803935754438,0.38840711984564147,0.3097653915480986,0.019999999999999574,-6.940000000000001,-0.09576539154809863,0.17000000000000037,-0.020000000000000018,0.009999999999999787
2019-01-08,2574.41,20.47,2.73,2.58,,0.009648598495866724,0.026593396731649906,0.3339479942405856,0.3649102276642927,0.30254105257449226,-0.9299999999999997,-4.950000000000003,-0.09784105257449227,0.1499999999999999,0.040000000000000036,0.10000000000000009
2019-01-09,2584.96,19.98,2.74,2.56,,0.004089652304170427,0.029415328689355518,0.33238868860522364,0.31384282158184584,0.3029485339010574,-0.48999999999999844,-3.2399999999999984,-0.10314853390105741,0.18000000000000016,0.08000000000000007,0.06000000000000005
2019-01-10,2596.64,19.5,2.74,2.56,,0.004508267632578381,0.058991872585469306,0.19805579299858125,0.22667272425258636,0.3035792590675548,-0.4800000000000004,-5.949999999999999,-0.10857925906755478,0.18000000000000016,0.18000000000000016,0.16999999999999993
2019-01-11,2596.26,18.19,2.71,2.55,,-0.0001463536754715011,0.025086140591268635,0.05784269311067249,0.22717528205342447,0.30272069753971936,-1.3099999999999987,-3.1899999999999977,-0.12082069753971936,0.16000000000000014,0.040000000000000036,0.04999999999999982
2019-01-14,2582.61,19.07,2.71,2.53,,-0.005271432420136155,0.012828732337007777,0.08875515656757008,0.23076286707862242,0.30306808947318614,0.879999999999999,-2.3299999999999983,-0.11236808947318613,0.18000000000000016,0.009999999999999787,0.0
2019-01-15,2610.3,18.6,2.72,2.53,,0.0106646417681244,0.013844775609265527,0.09400140932243023,0.23226560472126398,0.29811012261322883,-0.46999999999999886,-1.8699999999999974,-0.11211012261322881,0.1900000000000004,-0.009999999999999787,-0.050000000000000266
2019-01-16,2616.1,19.04,2.73,2.55,,0.002219501906088628,0.011974625211183646,0.09328091641735536,0.2319960650514832,0.2874206261320294,0.4399999999999977,-0.9400000000000013,-0.09702062613202941,0.18000000000000016,-0.010000000000000231,-0.010000000000000231
2019-01-17,2635.96,18.06,2.75,2.56,,0.007562782854258203,0.015029140432863469,0.09992459372394158,0.16517622781154898,0.2882056211294067,-0.9800000000000004,-1.4400000000000013,-0.10760562112940669,0.18999999999999995,0.009999999999999787,0.0
2019-01-18,2670.71,17.8,2.79,2.62,,0.013096912647036883,0.028272406755372046,0.11646626212109548,0.0868565274174391,0.28334853791896575,-0.259999999999998,-0.39000000000000057,-0.10534853791896573,0.16999999999999993,0.08000000000000007,0.07000000000000028
2019-01-22,2632.9,20.8,2.74,2.58,,-0.014258454363476867,0.019285384812031323,0.1732257047517941,0.1302088225028362,0.28194211416875475,3.0,1.7300000000000004,-0.07394211416875474,0.16000000000000014,0.03000000000000025,0.050000000000000266
2019-01-23,2638.7,19.52,2.76,2.58,,0.002200471333308696,0.010821214377215782,0.1623506751840839,0.12516939774957764,0.26736532416355047,-1.2800000000000011,0.9199999999999982,-0.07216532416355048,0.17999999999999972,0.03999999999999959,0.050000000000000266
2019-01-24,2642.33,18.89,2.72,2.56,,0.0013747320396555432,0.009976444510782735,0.1624433044692342,0.12492541901123454,0.23993968020410048,-0.629999999999999,-0.14999999999999858,-0.05103968020410046,0.16000000000000014,-0.009999999999999787,0.010000000000000231
2019-01-25,2664.76,17.42,2.76,2.6,,0.00845289360249617,0.010866555259020803,0.16447545532721708,0.12848910141861328,0.1804829040023691,-1.4699999999999989,-0.639999999999997,-0.006282904002369083,0.1599999999999997,0.009999999999999787,0.040000000000000036
2019-01-28,2643.85,18.87,2.75,2.6,,-0.007877809121115848,-0.010108166509132111,0.14267459873443178,0.13856528711108043,0.18419036062788732,1.4499999999999993,1.0700000000000003,0.004509639372112684,0.1499999999999999,-0.040000000000000036,-0.020000000000000018
2019-01-29,2640.0,19.13,2.72,2.56,,-0.0014572709979783426,0.0026930168563663328,0.09422173025510705,0.13436155416982093,0.1842579200760315,0.259999999999998,-1.6700000000000017,0.007042079923968492,0.16000000000000014,-0.020000000000000018,-0.020000000000000018
2019-01-30,2681.05,17.66,2.7,2.52,,0.015429591679246102,0.015922137202303597,0.14306759248185366,0.14451451300803586,0.18860274412191458,-1.4699999999999989,-1.8599999999999994,-0.012002744121914571,0.18000000000000016,-0.05999999999999961,-0.06000000000000005
2019-01-31,2704.1,16.57,2.63,2.45,,0.008560630907940894,0.023108036070588898,0.1463977721761062,0.14743209156978157,0.18930547877536186,-1.0899999999999999,-2.3200000000000003,-0.023605478775361843,0.17999999999999972,-0.0900000000000003,-0.10999999999999988
2019-02-01,2706.53,16.14,2.7,2.52,,0.0008982318744328292,0.01555337434252575,0.14374223249046006,0.145834597826293,0.15652612376714392,-0.4299999999999997,-1.2800000000000011,0.004873876232856095,0.18000000000000016,-0.05999999999999961,-0.08000000000000007
2019-02-04,2724.87,15.73,2.73,2.53,,0.006753348935356753,0.030184532398998275,0.10579906434721663,0.13626370369931906,0.11446988689276891,-0.41000000000000014,-3.1400000000000006,0.04283011310723109,0.20000000000000018,-0.020000000000000018,-0.07000000000000028
2019-02-05,2737.7,15.57,2.71,2.53,,0.004697431279443067,0.036339234676419765,0.08538696526435312,0.10176377116301646,0.11387778919347448,-0.16000000000000014,-3.5599999999999987,0.041822210806525525,0.18000000000000016,-0.010000000000000231,-0.03000000000000025
2019-02-06,2731.61,15.38,2.7,2.52,,-0.0022269728784431774,0.01868267011873053,0.06961102031985617,0.1061697583705058,0.11325313767307035,-0.1899999999999995,-2.2799999999999994,0.04054686232692967,0.18000000000000016,0.0,0.0
2019-02-07,2706.05,16.37,2.65,2.48,,-0.009401171920809304,0.0007208672899801626,0.10093675558295039,0.12432574396785538,0.12131162334648622,0.9900000000000002,-0.1999999999999993,0.04238837665351379,0.16999999999999993,0.020000000000000018,0.029999999999999805
2019-02-08,2707.88,15.72,2.63,2.45,,0.0006760338865466208,0.0004986693020940818,0.10084446261723364,0.11973914824072619,0.12114435138164362,-0.6500000000000004,-0.41999999999999993,0.03605564861835639,0.17999999999999972,-0.07000000000000028,-0.06999999999999984
2019-02-11,2709.8,15.97,2.65,2.48,,0.000708790508255086,-0.0055458891250077,0.08332806157029037,0.10786820127089755,0.12097219215259518,0.25,0.2400000000000002,0.03872780784740483,0.16999999999999993,-0.08000000000000007,-0.04999999999999982
2019-02-12,2744.73,15.43,2.68,2.5,,0.012807878037835878,0.002564557633385052,0.12725059275808753,0.11675280380800113,0.12328138703859204,-0.5400000000000009,-0.14000000000000057,0.031018612961407954,0.18000000000000016,-0.029999999999999805,-0.029999999999999805
2019-02-13,2753.03,15.65,2.71,2.53,,0.0030194138361176875,0.007810944347946129,0.12557374617608102,0.09743165064677141,0.11995550161886134,0.22000000000000064,0.2699999999999996,0.03654449838113866,0.18000000000000016,0.009999999999999787,0.009999999999999787
2019-02-14,2745.73,16.22,2.66,2.5,,-0.002655145628696972,0.01455697064005838,0.09350702474037587,0.09460526216435212,0.1214327969805979,0.5699999999999985,-0.15000000000000213,0.04076720301940208,0.16000000000000014,0.010000000000000231,0.020000000000000018
2019-02-15,2775.6,14.91,2.66,2.52,,0.010819962367806283,0.02470089912131805,0.10522640117683217,0.1052666731960907,0.1237905673275096,-1.3099999999999987,-0.8100000000000005,0.025309432672490403,0.14000000000000012,0.03000000000000025,0.06999999999999984
2019-02-19,2779.76,14.88,2.65,2.5,,0.001497652997307533,0.025489761610370466,0.10336040636900067,0.10262157588648556,0.11740417912320134,-0.02999999999999936,-1.0899999999999999,0.03139582087679868,0.1499999999999999,0.0,0.020000000000000018
2019-02-20,2784.7,14.02,2.65,2.5,,0.001775554608288014,0.014457438180822759,0.07810447377199986,0.10150883488444425,0.10053626348209681,-0.8600000000000012,-1.4100000000000001,0.039663736517903184,0.1499999999999999,-0.03000000000000025,0.0
2019-02-21,2774.88,14.46,2.69,2.53,,-0.0035326446287138233,0.007905379715991234,0.09032354867352839,0.10312272162023084,0.1030207394138708,0.4400000000000013,-1.1899999999999995,0.04157926058612921,0.16000000000000014,-0.020000000000000018,0.0
2019-02-22,2792.67,13.51,2.65,2.48,,0.006390624438174243,0.0169511497828623,0.08633693276809977,0.08494113471847049,0.10381917720245537,-0.9500000000000011,-2.709999999999999,0.03128082279754463,0.16999999999999993,-0.010000000000000231,-0.020000000000000018
2019-02-25,2796.11,14.85,2.67,2.51,,0.0012310380564024776,0.0073622254714585155,0.05578156111266906,0.08453308246438322,0.10171679472580042,1.3399999999999999,-0.0600000000000005,0.046783205274199574,0.16000000000000014,0.009999999999999787,-0.010000000000000231
2019-02-26,2793.9,15.17,2.64,2.48,,-0.0007906963011304784,0.00507387617302059,0.058036506247096976,0.08609426989511129,0.09510998603913352,0.3200000000000003,0.28999999999999915,0.05659001396086648,0.16000000000000014,-0.009999999999999787,-0.020000000000000018
2019-02-27,2792.38,14.7,2.69,2.5,,-0.0005441904227899106,0.0027541311419425323,0.05845581929098644,0.06792245979302246,0.09462698559484817,-0.47000000000000064,0.6799999999999997,0.052373014405151824,0.18999999999999995,0.040000000000000036,0.0
2019-02-28,2784.49,14.78,2.73,2.52,,-0.0028295460586895897,0.003457229711966538,0.0554999236973596,0.07106565670851875,0.08390910594533944,0.08000000000000007,0.3199999999999985,0.06389089405466054,0.20999999999999996,0.040000000000000036,-0.009999999999999787
2019-03-01,2803.69,13.57,2.76,2.55,,0.006871673980360752,0.003938279254153229,0.0586288710019646,0.07290243011029394,0.08232830712791667,-1.209999999999999,0.0600000000000005,0.05337169287208335,0.20999999999999996,0.10999999999999988,0.06999999999999984
2019-03-04,2792.81,14.63,2.72,2.55,,-0.0038881492742662512,-0.001180908076515624,0.06687407244301964,0.05979048772147762,0.08474764923278935,1.0600000000000005,-0.21999999999999886,0.06155235076721066,0.17000000000000037,0.050000000000000266,0.040000000000000036
2019-03-05,2789.65,14.74,2.72,2.55,,-0.0011321175028613038,-0.0015223292782464302,0.06709598588001064,0.06016355454414232,0.08295315585427229,0.10999999999999943,-0.4299999999999997,0.06444684414572771,0.17000000000000037,0.08000000000000007,0.06999999999999984
2019-03-06,2771.45,15.74,2.69,2.52,,-0.006545490992497904,-0.007523629847954301,0.08061221401171956,0.06857565422844752,0.08615876640899167,1.0,1.040000000000001,0.07124123359100834,0.16999999999999993,0.0,0.020000000000000018
2019-03-07,2748.93,16.59,2.64,2.47,,-0.008158903888960062,-0.01285298767822481,0.09391170371011026,0.07767623897931078,0.09117848728038333,0.8499999999999996,1.8100000000000005,0.07472151271961666,0.16999999999999993,-0.08999999999999986,-0.04999999999999982
2019-03-08,2743.07,16.05,2.62,2.45,,-0.0021340139198386563,-0.02185867557842426,0.04682592064492054,0.06607253083494735,0.08429560376199718,-0.5399999999999991,2.4800000000000004,0.07620439623800282,0.16999999999999993,-0.13999999999999968,-0.09999999999999964
2019-03-11,2783.3,14.33,2.64,2.47,,0.01455954294099511,-0.003410983363162822,0.1430689084845251,0.1053506009591205,0.09763804179473029,-1.7200000000000006,-0.3000000000000007,0.04566195820526972,0.16999999999999993,-0.08000000000000007,-0.07999999999999963
2019-03-12,2791.52,13.77,2.61,2.45,,0.0029489762744178273,0.0006701104141162809,0.1451784547369322,0.10668528551957206,0.09775948125039857,-0.5600000000000005,-0.9700000000000006,0.03994051874960142,0.1599999999999997,-0.11000000000000032,-0.09999999999999964
2019-03-13,2810.92,13.41,2.61,2.45,,0.00692558154704747,0.01414118295366161,0.13742399919685166,0.11223126623107939,0.09069845847948646,-0.35999999999999943,-2.33,0.04340154152051354,0.1599999999999997,-0.08000000000000007,-0.06999999999999984
2019-03-14,2808.48,13.5,2.63,2.46,,-0.0008684201706034471,0.021431666672018124,0.10710450967483208,0.11094751609475399,0.09070912546335975,0.08999999999999986,-3.09,0.044290874536640254,0.16999999999999993,-0.010000000000000231,-0.010000000000000231
2019-03-15,2822.48,12.88,2.59,2.43,,0.004972519373935739,0.028538199965792592,0.09092738883384638,0.10844656808562438,0.09067669912669273,-0.6199999999999992,-3.17,0.03812330087330727,0.1599999999999997,-0.03000000000000025,-0.020000000000000018
2019-03-18,2832.94,13.1,2.6,2.45,,0.003699110562037016,0.01767776758683448,0.04581863204495282,0.10618619442009429,0.08412941625755836,0.21999999999999886,-1.2300000000000004,0.04687058374244164,0.1499999999999999,-0.040000000000000036,-0.020000000000000018
2019-03-19,2832.57,13.56,2.61,2.46,,-0.00013061489628502955,0.01459817641613168,0.05296171602680818,0.1056280066531467,0.08420592393760996,0.46000000000000085,-0.20999999999999908,0.051394076062390034,0.1499999999999999,0.0,0.009999999999999787
2019-03-20,2824.23,13.91,2.54,2.4,,-0.002948665691828101,0.004723929177256106,0.05229687286519203,0.0992841754862755,0.08524824602123637,0.34999999999999964,0.5,0.05385175397876363,0.14000000000000012,-0.06999999999999984,-0.050000000000000266
2019-03-21,2854.88,13.63,2.54,2.41,,0.010794049627223466,0.016386398975082966,0.08322003536297114,0.0908168243178247,0.09079151128206574,-0.27999999999999936,0.13000000000000078,0.04550848871793427,0.1299999999999999,-0.08999999999999986,-0.04999999999999982
2019-03-22,2800.71,16.48,2.44,2.31,,-0.01915685423505291,-0.007742974633905652,0.17639659797884397,0.14556615707071216,0.11445106991204856,2.8499999999999996,3.5999999999999996,0.05034893008795144,0.1299999999999999,-0.1499999999999999,-0.1200000000000001
2019-03-25,2798.36,16.33,2.43,2.26,,-0.0008394251681050246,-0.012281510364047534,0.17074245275614086,0.1280745437943328,0.11442615551383098,-0.15000000000000213,3.2299999999999986,0.048873844486168994,0.17000000000000037,-0.16999999999999993,-0.1900000000000004
2019-03-26,2818.46,14.68,2.41,2.24,,0.007157105194891676,-0.004993790272870789,0.18429688366229044,0.13197391862235838,0.11710712133920198,-1.6499999999999986,1.1199999999999992,0.029692878660798006,0.16999999999999993,-0.19999999999999973,-0.21999999999999975
2019-03-27,2805.37,15.15,2.39,2.22,,-0.0046551989086819415,-0.006700323489724682,0.18582624777501242,0.13010865994290607,0.11846555558779727,0.47000000000000064,1.2400000000000002,0.033034444412202726,0.16999999999999993,-0.1499999999999999,-0.17999999999999972
2019-03-28,2815.44,14.43,2.39,2.23,,0.003583117299404196,-0.013911255817543995,0.16163937545541313,0.13137889846599224,0.11845436302952399,-0.7200000000000006,0.7999999999999989,0.025845636970475996,0.16000000000000014,-0.1499999999999999,-0.18000000000000016
2019-03-29,2834.4,13.71,2.41,2.27,,0.00671171968568772,0.011957318103196507,0.08051133709967241,0.13340477226817873,0.11834249897625494,-0.7199999999999989,-2.7699999999999996,0.018757501023745057,0.14000000000000012,-0.029999999999999805,-0.040000000000000036
2019-04-01,2867.19,13.4,2.49,2.33,,0.01150218150005278,0.024298924771354105,0.09557507559604062,0.1440953204991638,0.1232059626142128,-0.3100000000000005,-2.929999999999998,0.010794037385787214,0.16000000000000014,0.06000000000000005,0.07000000000000028
2019-04-02,2867.24,13.36,2.48,2.3,,1.7438524840564605e-05,0.017159258101303174,0.0981685404007971,0.1440589018906215,0.12297057700107984,-0.040000000000000924,-1.3200000000000003,0.010629422998920154,0.18000000000000016,0.06999999999999984,0.05999999999999961
2019-04-03,2873.4,13.74,2.52,2.33,,0.0021461030004631186,0.02396056001044814,0.07097985131726185,0.14219251308674824,0.11936608382868948,0.3800000000000008,-1.4100000000000001,0.01803391617131052,0.18999999999999995,0.1299999999999999,0.10999999999999988
2019-04-04,2879.39,13.58,2.51,2.33,,0.0020824685638528733,0.022459911274896834,0.07335009356437942,0.13306899336011418,0.11341351276016948,-0.16000000000000014,-0.8499999999999996,0.022386487239830527,0.17999999999999972,0.11999999999999966,0.10000000000000009
2019-04-05,2892.74,12.82,2.5,2.35,,0.004625683691842571,0.020373875281051942,0.07082455208757718,0.07286052038356916,0.11242781157054613,-0.7599999999999998,-0.8900000000000006,0.01577218842945388,0.1499999999999999,0.08999999999999986,0.08000000000000007
2019-04-08,2895.77,13.18,2.52,2.36,,0.0010469016298636597,0.009918595410862934,0.02721909145045605,0.07048490905917179,0.10331537870467594,0.35999999999999943,-0.22000000000000064,0.02848462129532406,0.16000000000000014,0.029999999999999805,0.029999999999999805
2019-04-09,2878.2,14.28,2.51,2.35,,-0.00608595272610467,0.0038152041599175592,0.0642687494414266,0.08134791198688561,0.1071006149130213,1.0999999999999996,0.9199999999999999,0.03569938508697869,0.1599999999999997,0.029999999999999805,0.050000000000000266
2019-04-10,2888.21,13.3,2.48,2.31,,0.003471834314499749,0.005140935473954291,0.06670894263965035,0.07217123282735875,0.10548187075733868,-0.9799999999999986,-0.4399999999999995,0.027518129242661324,0.16999999999999993,-0.040000000000000036,-0.020000000000000018
2019-04-11,2888.32,13.02,2.51,2.35,,3.808514800869783e-05,0.003096552058110165,0.06625069967665036,0.07342876039187447,0.10527717722143587,-0.28000000000000114,-0.5600000000000005,0.024922822778564113,0.1599999999999997,0.0,0.020000000000000018
2019-04-12,2907.41,12.01,2.56,2.4,,0.006587632286936534,0.0050585006532042264,0.07465624301455699,0.07323449159879038,0.1061562150730665,-1.0099999999999998,-0.8100000000000005,0.013943784926933503,0.16000000000000014,0.06000000000000005,0.04999999999999982
2019-04-15,2905.58,12.32,2.55,2.4,,-0.000629624362145833,0.0033819746611946588,0.0755498500470021,0.054641626255733294,0.10606930806174449,0.3100000000000005,-0.8599999999999994,0.01713069193825552,0.1499999999999999,0.029999999999999805,0.040000000000000036
2019-04-16,2907.06,12.18,2.6,2.41,,0.0005092350573861668,0.009977162444685675,0.047754952645693786,0.05436590825282427,0.10598185604946177,-0.14000000000000057,-2.0999999999999996,0.015818143950538224,0.18999999999999995,0.0900000000000003,0.06000000000000005
2019-04-17,2900.45,12.6,2.59,2.4,,-0.0022763638303940604,0.004228964299791737,0.053633230193777165,0.05708413309446823,0.10565092090609318,0.41999999999999993,-0.7000000000000011,0.02034907909390682,0.18999999999999995,0.10999999999999988,0.08999999999999986
2019-04-18,2905.03,12.09,2.57,2.38,,0.0015778199046987368,0.005768699056481884,0.053285178427127204,0.05685634832537271,0.09959424919519586,-0.5099999999999998,-0.9299999999999997,0.02130575080480414,0.18999999999999995,0.06000000000000005,0.029999999999999805
2019-04-22,2907.97,12.42,2.59,2.38,,0.0010115259764941317,0.00019259274603932952,0.024261085637882065,0.05296254598559518,0.06580000049674484,0.33000000000000007,0.41000000000000014,0.05839999950325517,0.20999999999999996,0.029999999999999805,-0.020000000000000018
2019-04-23,2933.68,12.28,2.57,2.36,,0.008802364401891406,0.0096245815100765,0.06540844267277617,0.06743410313846826,0.06932309137895809,-0.14000000000000057,-0.040000000000000924,0.0534769086210419,0.20999999999999996,0.020000000000000018,-0.040000000000000036
2019-04-24,2927.25,13.14,2.53,2.32,,-0.0021941919046150143,0.006921154548075295,0.0716159178772058,0.0576125451479345,0.0686867572414551,0.8600000000000012,0.9600000000000009,0.06271324275854492,0.20999999999999996,-0.07000000000000028,-0.0900000000000003
2019-04-25,2926.17,13.25,2.54,2.33,,-0.0003690150415501984,0.00882850333691904,0.06657670731082636,0.05751236628877016,0.06484418919235613,0.10999999999999943,0.6500000000000004,0.06765581080764388,0.20999999999999996,-0.04999999999999982,-0.06999999999999984
2019-04-26,2939.88,12.73,2.51,2.28,,0.004674363485904015,0.011925046918124172,0.06958748518621338,0.05933146901270176,0.06528762915651139,-0.5199999999999996,0.6400000000000006,0.06201237084348861,0.22999999999999998,-0.06000000000000005,-0.10000000000000009
2019-04-29,2943.03,13.11,2.54,2.3,,0.0010708986882482718,0.011984419629878453,0.06951489612878534,0.052902082723346955,0.06310858178376857,0.379999999999999,0.6899999999999995,0.06799141821623142,0.2400000000000002,-0.04999999999999982,-0.08000000000000007
2019-04-30,2945.83,13.12,2.51,2.27,,0.000950948132916521,0.004133003360903783,0.04003013557538329,0.05194299413627651,0.05188888396586949,0.009999999999999787,0.8399999999999999,0.07931111603413049,0.23999999999999977,-0.06000000000000005,-0.08999999999999986
2019-05-01,2923.73,14.8,2.52,2.31,,-0.007530412649501567,-0.0012032173839828506,0.07119435416258856,0.06868061314536514,0.06064373191697985,1.6800000000000015,1.6600000000000001,0.08735626808302016,0.20999999999999996,-0.009999999999999787,-0.009999999999999787
2019-05-02,2917.52,14.42,2.55,2.35,,-0.002126258023403761,-0.0029604603658363675,0.07247544035455054,0.06851024027789097,0.06144093238746004,-0.3800000000000008,1.17,0.08275906761253995,0.19999999999999973,0.009999999999999787,0.020000000000000018
2019-05-03,2945.64,12.87,2.54,2.33,,0.009592170641481537,0.0019573467897412732,0.0986657527382004,0.08220106959776742,0.06891035571122897,-1.5500000000000007,0.1399999999999988,0.05978964428877101,0.20999999999999996,0.03000000000000025,0.050000000000000266
2019-05-06,2932.47,15.44,2.51,2.31,,-0.0044810396666553265,-0.003594591565162423,0.10398639563171745,0.0873677705032844,0.07036280351701274,2.5700000000000003,2.33,0.08403719648298724,0.19999999999999973,-0.03000000000000025,0.010000000000000231
2019-05-07,2884.05,19.32,2.45,2.28,,-0.01664951500981834,-0.021195054707897447,0.15074051499949437,0.11228264123754195,0.09341043407745006,3.880000000000001,6.200000000000001,0.09978956592254995,0.17000000000000037,-0.05999999999999961,0.009999999999999787
2019-05-08,2879.42,19.4,2.49,2.3,,-0.0016066713268179022,-0.015271313385213732,0.14844056305156808,0.1122498763608797,0.09099056420329915,0.0799999999999983,4.599999999999998,0.10300943579670083,0.1900000000000004,-0.029999999999999805,-0.010000000000000231
2019-05-09,2870.72,19.1,2.45,2.26,,-0.0030260155887187833,-0.016171070950528776,0.14822346436437284,0.11219499355931076,0.09064498666386164,-0.29999999999999716,4.6800000000000015,0.10035501333613836,0.1900000000000004,-0.09999999999999964,-0.0900000000000003
2019-05-10,2881.4,16.04,2.47,2.26,,0.0037134177564540913,-0.022049823835556356,0.1192107778497892,0.11070904618256514,0.09176076104643689,-3.0600000000000023,3.17,0.0686392389535631,0.2100000000000004,-0.06999999999999984,-0.07000000000000028
2019-05-13,2811.87,20.55,2.4,2.18,,-0.024426544706444165,-0.041995328875345274,0.18558048957077947,0.1556968183923699,0.12256203584226011,4.510000000000002,5.110000000000001,0.08293796415773991,0.21999999999999975,-0.10999999999999988,-0.1299999999999999
2019-05-14,2834.41,18.06,2.42,2.2,,0.007984060207655182,-0.017361753657871775,0.19853336982281916,0.16630731290961853,0.1272563511028282,-2.490000000000002,-1.2600000000000016,0.053343648897171775,0.21999999999999975,-0.03000000000000025,-0.07999999999999963
2019-05-15,2850.96,16.44,2.37,2.16,,0.005821977020810247,-0.009933105310243601,0.20962611401730247,0.17147366000436376,0.12960064258974816,-1.6199999999999974,-2.9599999999999973,0.03479935741025186,0.20999999999999996,-0.1200000000000001,-0.13999999999999968
2019-05-16,2876.32,15.29,2.4,2.2,,0.008855919648712162,0.0019488299271874312,0.22249156558476219,0.18078984267656706,0.1340646324843034,-1.1500000000000021,-3.8100000000000023,0.01883536751569659,0.19999999999999973,-0.050000000000000266,-0.05999999999999961
2019-05-17,2859.53,15.96,2.39,2.2,,-0.0058544236531281706,-0.007619011482394789,0.22385145040904628,0.17079246142662308,0.13518841955121255,0.6700000000000017,-0.0799999999999983,0.024411580448787468,0.18999999999999995,-0.08000000000000007,-0.05999999999999961
2019-05-20,2840.23,16.31,2.41,2.21,,-0.006772240853415355,0.010035292370633967,0.12195095401259087,0.1717458357787775,0.13662897139454652,0.34999999999999787,-4.240000000000002,0.026471028605453473,0.20000000000000018,0.010000000000000231,0.029999999999999805
2019-05-21,2864.36,14.95,2.43,2.26,,0.008459904713623807,0.010511136876602675,0.12345771222787884,0.16268819968168263,0.13630218389159116,-1.3599999999999994,-3.1099999999999994,0.013197816108408839,0.17000000000000037,0.010000000000000231,0.05999999999999961
2019-05-22,2856.27,14.75,2.39,2.23,,-0.0028283616990028514,0.001860798156789543,0.12230634553537438,0.16299728101051753,0.13638236921012506,-0.1999999999999993,-1.6900000000000013,0.011117630789874933,0.16000000000000014,0.020000000000000018,0.06999999999999984
2019-05-23,2822.24,16.92,2.31,2.12,,-0.011985681943016436,-0.01898080343493906,0.1207166124231693,0.1723493989328067,0.14154854656008115,2.1700000000000017,1.6300000000000026,0.02765145343991887,0.18999999999999995,-0.08999999999999986,-0.08000000000000007
2019-05-24,2826.06,15.85,2.32,2.16,,0.0013526195784275823,-0.011773760203383301,0.12377910949881084,0.17067121087861706,0.140013639367269,-1.070000000000002,-0.11000000000000121,0.018486360632731014,0.1599999999999997,-0.07000000000000028,-0.040000000000000036
2019-05-28,2802.39,17.5,2.26,2.12,,-0.008410890934652838,-0.013412410284620726,0.12794013928797104,0.12419415161110499,0.1413177419768325,1.6500000000000004,1.1900000000000013,0.03368225802316749,0.13999999999999968,-0.15000000000000036,-0.08999999999999986
2019-05-29,2783.02,17.9,2.25,2.09,,-0.006935955517473813,-0.02880827051571825,0.08185500937217376,0.11866282539338154,0.14157434755194082,0.3999999999999986,2.9499999999999993,0.03742565244805918,0.16000000000000014,-0.18000000000000016,-0.16999999999999993
2019-05-30,2788.86,17.3,2.22,2.06,,0.0020962411748005594,-0.023883667641914866,0.09870479595001201,0.11328818173743985,0.1414705463464626,-0.5999999999999979,2.5500000000000007,0.031529453653537404,0.16000000000000014,-0.16999999999999993,-0.16999999999999993
2019-05-31,2752.06,18.71,2.14,1.95,,-0.013283188023120184,-0.025181173722018602,0.10490970740609167,0.1071255714895126,0.1466722418065478,1.4100000000000001,1.7899999999999991,0.04042775819345221,0.19000000000000017,-0.16999999999999993,-0.17000000000000015
2019-06-03,2744.45,18.86,2.07,1.82,,-0.00276903157185015,-0.029302824872296383,0.09243555104337511,0.10708540335527182,0.1390524057844593,0.14999999999999858,3.01,0.0495475942155407,0.24999999999999978,-0.25,-0.3400000000000001
2019-06-04,2803.27,16.97,2.12,1.88,,0.02120590232217955,0.00031396838453589377,0.2079322556758415,0.16437289187304746,0.1643357106454415,-1.8900000000000006,-0.5300000000000011,0.005364289354558488,0.2400000000000002,-0.13999999999999968,-0.2400000000000002
2019-06-05,2826.15,16.09,2.12,1.83,,0.00812876850064147,0.015378692402651387,0.20344331997066012,0.16382931423932134,0.15899566579725352,-0.879999999999999,-1.8099999999999987,0.001904334202746466,0.29000000000000004,-0.1299999999999999,-0.2599999999999998
2019-06-06,2843.49,15.93,2.12,1.88,,0.006116809555866062,0.01939926078371664,0.2042246160752349,0.1676674293967149,0.16096526670705236,-0.16000000000000014,-1.370000000000001,-0.0016652667070523597,0.2400000000000002,-0.10000000000000009,-0.18000000000000016
2019-06-07,2873.34,16.3,2.09,1.85,,0.01044294522456708,0.04312539403140392,0.13700565921297939,0.16216734390185183,0.16534446893709323,0.370000000000001,-2.41,-0.002344468937093225,0.23999999999999977,-0.050000000000000266,-0.09999999999999987
2019-06-10,2886.73,15.94,2.15,1.9,,0.004649257428952238,0.05054368303220634,0.10437427068411037,0.16275919209018044,0.1656528883748203,-0.3600000000000012,-2.92,-0.006252888374820326,0.25,0.08000000000000007,0.07999999999999985
2019-06-11,2885.72,15.99,2.15,1.93,,-0.00034993807146250003,0.028987842638564177,0.06459305287650773,0.1528803295801242,0.138150364000883,0.05000000000000071,-0.9799999999999986,0.021749635999117,0.21999999999999997,0.029999999999999805,0.050000000000000044
2019-06-12,2879.84,15.91,2.13,1.88,,-0.0020396984988729416,0.018819375639049677,0.0799794451413794,0.14584691728421845,0.13628378032594335,-0.08000000000000007,-0.17999999999999972,0.022816219674056643,0.25,0.009999999999999787,0.04999999999999982
2019-06-13,2891.64,15.82,2.1,1.83,,0.004089078171241749,0.016791644254425628,0.07747761005062971,0.14568354098022301,0.13557297214778571,-0.08999999999999986,-0.10999999999999943,0.022627027852214293,0.27,-0.020000000000000018,-0.04999999999999982
2019-06-14,2886.98,15.28,2.09,1.84,,-0.001612842169983723,0.004735856859874778,0.05065844571996874,0.1166599905401918,0.13228144474315565,-0.5400000000000009,-1.0200000000000014,0.020518555256844345,0.24999999999999978,0.0,-0.010000000000000009
2019-06-17,2889.67,15.35,2.09,1.86,,0.000931335703024821,0.0010179351339474425,0.03909836388596888,0.11130600179516248,0.13035133279049352,0.07000000000000028,-0.5899999999999999,0.02314866720950648,0.22999999999999976,-0.06000000000000005,-0.039999999999999813
2019-06-18,2917.75,15.15,2.06,1.86,,0.009670462557011119,0.011038335762421081,0.0767489571217421,0.07331038768563786,0.1312081077571083,-0.1999999999999993,-0.8399999999999999,0.020291892242891685,0.19999999999999996,-0.08999999999999986,-0.06999999999999984
2019-06-19,2926.46,14.33,2.03,1.74,,0.002980730141062033,0.016058764402356044,0.0668875651447742,0.06966162710589072,0.12868543602132607,-0.8200000000000003,-1.58,0.014614563978673945,0.2899999999999998,-0.10000000000000009,-0.1399999999999999
2019-06-20,2954.18,14.75,2.01,1.72,,0.009427615127716307,0.021397301358830747,0.08062557300853174,0.07494264227320248,0.13108930016616668,0.41999999999999993,-1.0700000000000003,0.01641069983383331,0.2899999999999998,-0.0900000000000003,-0.1100000000000001
2019-06-21,2950.46,15.4,2.07,1.77,,-0.00126002618014856,0.021750117348665724,0.07902414540771487,0.06875027129824268,0.12142637811442523,0.6500000000000004,0.120000000000001,0.03257362188557476,0.2999999999999998,-0.020000000000000018,-0.07000000000000006
2019-06-24,2945.35,15.26,2.02,1.72,,-0.0017334348561240606,0.019085346789516965,0.08803731252932274,0.07097970930317013,0.12221085512292139,-0.14000000000000057,-0.08999999999999986,0.030389144877078597,0.30000000000000004,-0.06999999999999984,-0.14000000000000012
2019-06-25,2917.38,16.28,2.0,1.71,,-0.009541702315563342,-0.00012681808305751142,0.11038149531378864,0.0915540862306968,0.12355528685942323,1.0200000000000014,1.1300000000000008,0.03924471314057677,0.29000000000000004,-0.06000000000000005,-0.15000000000000013
2019-06-26,2913.78,16.21,2.05,1.77,,-0.0012347459021461497,-0.004342294126265781,0.1071587974594315,0.09086995429416679,0.1196763985597908,-0.07000000000000028,1.8800000000000008,0.04242360144020922,0.2799999999999998,0.020000000000000018,0.030000000000000027
2019-06-27,2924.92,15.82,2.01,1.74,,0.003815922557317216,-0.009953986696664849,0.07609257763153376,0.09063444022572491,0.11979400026685223,-0.39000000000000057,1.0700000000000003,0.038405999733147775,0.2699999999999998,0.0,0.020000000000000018
2019-06-28,2941.76,15.08,2.0,1.75,,0.005740911810813222,-0.002953048705703109,0.09436614218737101,0.09187996215192484,0.1049076997404734,-0.7400000000000002,-0.3200000000000003,0.04589230025952659,0.25,-0.06999999999999984,-0.020000000000000018
2019-07-01,2964.33,14.06,2.03,1.78,,0.00764299557558019,0.0064233817260012215,0.10947986120262379,0.09602420567458908,0.1033744739806669,-1.0199999999999996,-1.1999999999999993,0.0372255260193331,0.24999999999999978,0.009999999999999787,0.06000000000000005
2019-07-02,2973.01,12.93,1.98,1.77,,0.0029238703472561083,0.01888895438882072,0.053037138464786644,0.08762315792646765,0.08051390408040095,-1.1300000000000008,-3.3500000000000014,0.04878609591959905,0.20999999999999996,-0.020000000000000018,0.06000000000000005
2019-07-03,2995.82,12.57,1.96,1.77,,0.007643076127192919,0.02776677641815975,0.034324902839850645,0.0922712402976406,0.08011618660603494,-0.35999999999999943,-3.6400000000000006,0.04558381339396507,0.18999999999999995,-0.08999999999999986,0.0
2019-07-05,2990.41,13.28,2.04,1.87,,-0.0018074819954691978,0.02214337186537336,0.06326956724764247,0.08507155993834643,0.08085055787875033,0.7099999999999991,-2.540000000000001,0.051949442121249675,0.16999999999999993,0.03000000000000025,0.13000000000000012
2019-07-08,2975.95,13.96,2.05,1.88,,-0.004847185993376031,0.011555274061184078,0.08889665703125345,0.08977423641449075,0.0791746765425653,0.6800000000000015,-1.1199999999999992,0.060425323457434704,0.16999999999999993,0.04999999999999982,0.1299999999999999
2019-07-09,2979.63,14.09,2.07,1.92,,0.0012358159804265049,0.0051480944660304085,0.07528036576665659,0.08860203040502379,0.07844311578119856,0.129999999999999,0.02999999999999936,0.06245688421880144,0.1499999999999999,0.040000000000000036,0.1399999999999999
2019-07-10,2993.07,13.03,2.07,1.82,,0.004500484767317741,0.0067247088860919015,0.07854115437474907,0.06637889510496299,0.07874619611881084,-1.0600000000000005,0.09999999999999964,0.05155380388118916,0.24999999999999978,0.08999999999999986,0.050000000000000044
2019-07-11,2999.91,12.93,2.13,1.85,,0.0022826717159195975,0.0013643044748185365,0.05799201958991606,0.06300950050697496,0.07741518172918042,-0.09999999999999964,0.35999999999999943,0.051884818270819574,0.2799999999999998,0.16999999999999993,0.08000000000000007
2019-07-12,3013.77,12.39,2.12,1.84,,0.0046094985236418,0.007781284993929375,0.06128937792080621,0.06345225355679875,0.07761943877756457,-0.5399999999999991,-0.8899999999999988,0.04628056122243544,0.28,0.08000000000000007,-0.030000000000000027
2019-07-15,3014.3,12.68,2.09,1.83,,0.00017584401022740885,0.012804314997532906,0.031229332816537517,0.06284978744785298,0.07674910375819882,0.28999999999999915,-1.2800000000000011,0.050050896241801174,0.2599999999999998,0.040000000000000036,-0.04999999999999982
2019-07-16,3004.04,12.86,2.13,1.87,,-0.003409581359505424,0.008158917657601118,0.053277251657244715,0.06168993747855736,0.07917754196425907,0.17999999999999972,-1.2300000000000004,0.04942245803574093,0.2599999999999998,0.06000000000000005,-0.04999999999999982
2019-07-17,2984.42,13.97,2.06,1.83,,-0.006552626285154946,-0.002894193394871547,0.07071548632618814,0.07227198506794882,0.07911308703298932,1.1100000000000012,0.9400000000000013,0.0605869129670107,0.22999999999999998,-0.009999999999999787,0.010000000000000009
2019-07-18,2995.11,13.53,2.04,1.77,,0.003575535665450798,-0.0016013294453403534,0.07450547605580835,0.06313846758804477,0.07932556306154549,-0.4400000000000013,0.5999999999999996,0.05597443693845451,0.27,-0.08999999999999986,-0.08000000000000007
2019-07-19,2976.61,14.45,2.05,1.8,,-0.006195889687754784,-0.012406717656736864,0.06873004398357653,0.07007236302043054,0.0770810432597457,0.9199999999999999,2.0599999999999987,0.06741895674025429,0.24999999999999978,-0.07000000000000028,-0.040000000000000036
2019-07-22,2985.03,13.53,2.05,1.8,,0.0028247279603128136,-0.009757833706651472,0.07722898516648116,0.06715357480069778,0.07729303790785015,-0.9199999999999999,0.8499999999999996,0.05800696209214985,0.24999999999999978,-0.040000000000000036,-0.030000000000000027
2019-07-23,3005.47,12.61,2.08,1.83,,0.006824164701727632,0.0004759123545813367,0.09676076697019749,0.07475290128259916,0.0798200296068823,-0.9199999999999999,-0.25,0.046279970393117695,0.25,-0.04999999999999982,-0.040000000000000036
2019-07-24,3019.56,12.07,2.05,1.83,,0.00467716366089344,0.011705702300629688,0.07944909012517035,0.07499844958480374,0.0702759457730085,-0.5399999999999991,-1.9000000000000004,0.050424054226991505,0.21999999999999975,-0.010000000000000231,0.0
2019-07-25,3003.67,12.74,2.08,1.86,,-0.005276251069020221,0.0028539155661587933,0.09425738168255107,0.08044479121335738,0.07390139455243014,0.6699999999999999,-0.7899999999999991,0.053498605447569875,0.21999999999999997,0.040000000000000036,0.09000000000000008
2019-07-26,3025.86,12.16,2.08,1.86,,0.007360474259664691,0.016410279513578145,0.08116987000834586,0.08574900970316186,0.07639155030835978,-0.5800000000000001,-2.289999999999999,0.045208449691640215,0.21999999999999997,0.03000000000000025,0.06000000000000005
2019-07-29,3020.97,12.83,2.06,1.85,,-0.001617376729950298,0.011968174823315006,0.08853826428220903,0.0863508679897424,0.07568652017465534,0.6699999999999999,-0.6999999999999993,0.05261347982534466,0.20999999999999996,0.010000000000000231,0.050000000000000044
2019-07-30,3013.18,13.94,2.06,1.85,,-0.002581972383093503,0.0025620377384940867,0.0839478392977215,0.08547203009134792,0.0730280272899034,1.1099999999999994,1.33,0.0663719727100966,0.20999999999999996,-0.020000000000000018,0.020000000000000018
2019-07-31,2980.38,16.12,2.02,1.89,,-0.010945190319276599,-0.01306031624167594,0.10559254244490306,0.09735635273606276,0.08355655234021046,2.1800000000000015,4.050000000000001,0.07764344765978955,0.13000000000000012,-0.029999999999999805,0.05999999999999983
2019-08-01,2953.56,17.87,1.9,1.73,,-0.009039586726804723,-0.016823651899460536,0.11457264168573379,0.10424489583260911,0.08462218830654161,1.75,5.130000000000001,0.09407781169345839,0.16999999999999993,-0.18000000000000016,-0.13000000000000012
2019-08-02,2932.05,17.61,1.86,1.72,,-0.007309385354454939,-0.031493511513580125,0.06441054373637377,0.10581816073636517,0.08776361161544846,-0.26000000000000156,5.449999999999999,0.08833638838455155,0.14000000000000012,-0.21999999999999997,-0.14000000000000012
2019-08-05,2844.74,24.59,1.75,1.59,,-0.03023016208358668,-0.06010629686721659,0.16891892370769981,0.1752451269715023,0.1357230918985475,6.98,11.76,0.1101769081014525,0.15999999999999992,-0.31000000000000005,-0.26
2019-08-06,2881.77,20.17,1.73,1.6,,0.012933013700777157,-0.04459131078334581,0.24314271438064938,0.18876591079150032,0.14569749028110224,-4.419999999999998,6.230000000000002,0.05600250971889778,0.1299999999999999,-0.33000000000000007,-0.25
2019-08-07,2883.98,19.49,1.71,1.59,,0.0007665958837026665,-0.03287952458036663,0.25107854373399635,0.18458947431692765,0.14419532129078788,-0.6800000000000033,3.3699999999999974,0.05070467870921211,0.11999999999999988,-0.31000000000000005,-0.2999999999999998
2019-08-08,2938.09,16.91,1.72,1.62,,0.018588425780336086,-0.005251512073225849,0.30485195766374096,0.21797580616130352,0.1610361296487992,-2.5799999999999983,-0.9600000000000009,0.008063870351200791,0.09999999999999987,-0.17999999999999994,-0.10999999999999988
2019-08-09,2918.65,17.97,1.74,1.63,,-0.006638529760062074,-0.0045806564788329176,0.3040202821033239,0.21201692930430957,0.16075071688579995,1.0599999999999987,0.35999999999999943,0.01894928311420005,0.1100000000000001,-0.1200000000000001,-0.09000000000000008
2019-08-12,2883.75,21.09,1.65,1.58,,-0.012029650100344293,0.013619855504409532,0.20469230752494122,0.21569163221873075,0.16474757708727186,3.120000000000001,-3.5,0.04615242291272814,0.06999999999999984,-0.10000000000000009,-0.010000000000000009
2019-08-13,2926.32,17.52,1.68,1.66,,0.014654130432155564,0.015340972235787925,0.2103857837519974,0.2366520112016435,0.1751574786409987,-3.5700000000000003,-2.650000000000002,4.2521359001290726e-05,0.020000000000000018,-0.050000000000000044,0.05999999999999983
2019-08-14,2840.6,22.1,1.59,1.58,,-0.029730363473091367,-0.0151559871210061,0.3161986587668525,0.2708021062974076,0.20167262424880275,4.580000000000002,2.610000000000003,0.01932737575119725,0.010000000000000009,-0.11999999999999988,-0.010000000000000009
2019-08-15,2847.6,21.18,1.52,1.48,,0.002461236782690441,-0.03128317611865158,0.2629796667236311,0.2719168178847047,0.20126800910088471,-0.9200000000000017,4.27,0.010531990899115273,0.040000000000000036,-0.19999999999999996,-0.14000000000000012
2019-08-16,2888.68,18.47,1.55,1.48,,0.014323116131046663,-0.010321530227542891,0.3004911710513961,0.28513615374478796,0.2093223900842664,-2.710000000000001,0.5,-0.02462239008426642,0.07000000000000006,-0.18999999999999995,-0.1499999999999999
2019-08-19,2923.65,16.88,1.6,1.53,,0.012033185301994735,0.01374130517479594,0.2987699041574714,0.2414424148646732,0.21433734273483246,-1.5899999999999999,-4.210000000000001,-0.04553734273483248,0.07000000000000006,-0.04999999999999982,-0.050000000000000044
2019-08-20,2900.51,17.5,1.55,1.5,,-0.0079462520811493,-0.00885907733850894,0.2847857150819848,0.23949449414771734,0.21356172992301706,0.620000000000001,-0.019999999999999574,-0.03856172992301707,0.050000000000000044,-0.1299999999999999,-0.15999999999999992
2019-08-21,2924.43,15.8,1.59,1.56,,0.008213006299499564,0.029084292434082042,0.14141328275373696,0.2424959867309172,0.21534049592211574,-1.6999999999999993,-6.300000000000001,-0.057340495922115736,0.030000000000000027,0.0,-0.020000000000000018
2019-08-22,2922.95,16.68,1.62,1.61,,-0.0005062096294763871,0.026116846021915184,0.14729625528445994,0.22272204495373824,0.21492587480764114,0.879999999999999,-4.5,-0.048125874807641134,0.010000000000000009,0.10000000000000009,0.13000000000000012
2019-08-23,2847.11,19.87,1.52,1.51,,-0.026288935558066755,-0.014495205667198254,0.2413677194184483,0.2570456622877719,0.22950858859161122,3.1900000000000013,1.4000000000000021,-0.030808588591611202,0.010000000000000009,-0.030000000000000027,0.030000000000000027
2019-08-26,2878.38,19.32,1.54,1.54,,0.01092319117394898,-0.015605199795243946,0.2371330070210674,0.25899050860261674,0.2347988430145835,-0.5500000000000007,2.4400000000000013,-0.0415988430145835,0.0,-0.06000000000000005,0.010000000000000009
2019-08-27,2869.16,20.31,1.49,1.53,,-0.003208331880684989,-0.01086727959477971,0.23341570501402512,0.24550284178726825,0.2348151878020363,0.9899999999999984,2.8099999999999987,-0.03171518780203633,-0.040000000000000036,-0.06000000000000005,0.030000000000000027
2019-08-28,2887.94,19.35,1.47,1.5,,0.00652414118680143,-0.01255614470747774,0.22894636375680424,0.19245534876120637,0.23461931668502478,-0.9599999999999973,3.5500000000000007,-0.041119316685024776,-0.030000000000000027,-0.1200000000000001,-0.06000000000000005
2019-08-29,2924.58,17.88,1.5,1.53,,0.01260743543874108,0.0005575003607396998,0.25376473546223394,0.20023141360157956,0.23804291822518878,-1.4700000000000024,1.1999999999999993,-0.05924291822518879,-0.030000000000000027,-0.1200000000000001,-0.08000000000000007
2019-08-30,2926.46,18.98,1.5,1.5,,0.0006426208211523476,0.027489056739958707,0.10660906860665359,0.18941869286218352,0.23669253727606768,1.1000000000000014,-0.8900000000000006,-0.04689253727606768,0.0,-0.020000000000000018,-0.010000000000000009
2019-09-03,2906.27,19.66,1.47,1.47,,-0.006923029401107576,0.009642836164902064,0.12335975772357007,0.18314015490206645,0.21032613346288437,0.6799999999999997,0.33999999999999986,-0.013726133462884371,0.0,-0.07000000000000006,-0.07000000000000006
2019-09-04,2937.78,17.33,1.47,1.43,,0.010783722026351545,0.023634890071938707,0.1266036040087856,0.1862028548283204,0.20885147979466587,-2.330000000000002,-2.9800000000000004,-0.035551479794665886,0.040000000000000036,-0.020000000000000018,-0.10000000000000009
2019-09-05,2976.0,16.27,1.57,1.55,,0.012925922894213253,0.030036671779350467,0.139798576386579,0.19251460197403228,0.2131165446299438,-1.0599999999999987,-3.080000000000002,-0.05041654462994383,0.020000000000000018,0.10000000000000009,0.050000000000000044
2019-09-06,2978.71,15.0,1.55,1.53,,0.0009102039182753089,0.018339440258884915,0.12927515847390517,0.19218122361502757,0.20341097946046727,-1.2699999999999996,-2.879999999999999,-0.05341097946046727,0.020000000000000018,0.050000000000000044,0.0
2019-09-09,2978.43,15.27,1.63,1.58,,-9.400484131865216e-05,0.017602814596413874,0.13046150462089276,0.11353207228613908,0.20160369198867495,0.2699999999999996,-3.710000000000001,-0.04890369198867495,0.04999999999999982,0.1299999999999999,0.08000000000000007
2019-09-10,2979.39,15.2,1.72,1.67,,0.00032226552944139824,0.024848109526963057,0.10065727306300433,0.10915041319327827,0.19568532255916907,-0.07000000000000028,-4.460000000000001,-0.04368532255916907,0.050000000000000044,0.25,0.19999999999999996
2019-09-11,3000.93,14.61,1.75,1.68,,0.007203659050794233,0.02126804655140547,0.09030606562855466,0.10374959236611024,0.1908361274903511,-0.5899999999999999,-2.719999999999999,-0.04473612749035108,0.07000000000000006,0.28,0.25
2019-09-12,3009.57,14.22,1.79,1.72,,0.002874970784836015,0.011217094442028187,0.047580300415933564,0.10336308999866883,0.15169394308645107,-0.3899999999999988,-2.049999999999999,-0.009493943086451073,0.07000000000000006,0.21999999999999997,0.16999999999999993
2019-09-13,3007.39,13.74,1.9,1.79,,-0.0007246184436619995,0.009582272080090895,0.051703114302122176,0.09397023876955281,0.1522336893900274,-0.4800000000000004,-1.2599999999999998,-0.01483368939002741,0.10999999999999988,0.34999999999999987,0.26
2019-09-16,2997.96,14.67,1.84,1.74,,-0.0031405356059661417,0.006535741315443473,0.06255184031435364,0.09821645395983478,0.1471301238119617,0.9299999999999997,-0.5999999999999996,-0.0004301238119616968,0.10000000000000009,0.2100000000000002,0.15999999999999992
2019-09-17,3005.7,14.44,1.81,1.72,,0.002578428587944307,0.008791904373946275,0.062364279532609986,0.0833875579388756,0.14220174679996567,-0.23000000000000043,-0.7599999999999998,0.0021982532000343336,0.09000000000000008,0.09000000000000008,0.050000000000000044
2019-09-18,3006.73,13.95,1.8,1.77,,0.00034262353493549175,0.001930868858087755,0.03942628800157779,0.07322827096474206,0.13796948138456125,-0.4900000000000002,-0.6600000000000001,0.0015305186154387362,0.030000000000000027,0.050000000000000044,0.09000000000000008
2019-09-19,3006.79,14.05,1.79,1.74,,1.995503465594414e-05,-0.0009241468920924261,0.032710067098776406,0.0435252919904286,0.13596784440232643,0.10000000000000142,-0.16999999999999993,0.004532155597673587,0.050000000000000044,0.0,0.020000000000000018
2019-09-20,2992.07,15.32,1.74,1.69,,-0.004907608960300919,-0.005107137408731298,0.047289718086907684,0.05278440677741638,0.13766836614715497,1.2699999999999996,1.58,0.015531633852845034,0.050000000000000044,-0.15999999999999992,-0.10000000000000009
2019-09-23,2991.78,14.91,1.72,1.68,,-9.692756343391435e-05,-0.002063529366199124,0.04348026910876275,0.05278524837236108,0.09230150244879815,-0.41000000000000014,0.2400000000000002,0.056798497551201865,0.040000000000000036,-0.1200000000000001,-0.06000000000000005
2019-09-24,2966.6,17.05,1.64,1.6,,-0.008452012089671584,-0.013093970043814988,0.06217353289114814,0.06919376335954427,0.09438889812548652,2.1400000000000006,2.610000000000001,0.07611110187451349,0.039999999999999813,-0.17000000000000015,-0.11999999999999988
2019-09-25,2984.87,15.96,1.73,1.68,,0.006139678900037132,-0.007296914678713487,0.08787712024066459,0.06604132705473502,0.0940237211577225,-1.0899999999999999,2.0100000000000016,0.06557627884227751,0.050000000000000044,-0.07000000000000006,-0.09000000000000008
2019-09-26,2977.62,16.07,1.7,1.66,,-0.0024318711052058748,-0.009748740818575257,0.08699628380379852,0.06369686777741951,0.09365258564015146,0.10999999999999943,2.0199999999999996,0.06704741435984855,0.040000000000000036,-0.09000000000000008,-0.08000000000000007
2019-09-27,2961.79,17.22,1.69,1.63,,-0.005330508411847584,-0.010171640270121901,0.08794872211602905,0.06710815499624419,0.08691203951143124,1.1499999999999986,1.8999999999999986,0.08528796048856875,0.06000000000000005,-0.050000000000000044,-0.06000000000000005
2019-09-30,2976.74,16.24,1.68,1.63,,0.005034926684707536,-0.0050397860219805945,0.10156307433534602,0.07382079780239083,0.0883063224567772,-0.9800000000000004,1.3299999999999983,0.07409367754322278,0.050000000000000044,-0.040000000000000036,-0.050000000000000044
2019-10-01,2940.25,18.56,1.65,1.56,,-0.012334130226057026,-0.008921904158366011,0.12130896391633664,0.09114352920595495,0.09634781589062599,2.3200000000000003,1.509999999999998,0.089252184109374,0.08999999999999986,0.010000000000000009,-0.040000000000000036
2019-10-02,2887.61,20.56,1.6,1.48,,-0.01806544138860686,-0.0331270244470099,0.141694943747404,0.11926286772488631,0.10937074408684241,2.0,4.599999999999998,0.09622925591315756,0.1200000000000001,-0.1299999999999999,-0.19999999999999996
2019-10-03,2910.63,19.12,1.54,1.39,,0.007940382236732714,-0.022754771105071254,0.17601198326980108,0.13268887526049353,0.10223411301993753,-1.4399999999999977,3.0500000000000007,0.08896588698006248,0.15000000000000013,-0.15999999999999992,-0.27
2019-10-04,2952.01,17.04,1.52,1.4,,0.0141167416692291,-0.0033075210239946378,0.21938798943137283,0.15799141927000768,0.11557386210278471,-2.080000000000002,-0.17999999999999972,0.054826137897215285,0.1200000000000001,-0.16999999999999993,-0.22999999999999998
2019-10-07,2938.79,17.86,1.56,1.46,,-0.004488362257589361,-0.012830809966291492,0.21416506557723244,0.15855478369458514,0.11644358253131795,0.8200000000000003,1.620000000000001,0.06215641746868203,0.10000000000000009,-0.11999999999999988,-0.16999999999999993
2019-10-08,2893.06,20.28,1.54,1.42,,-0.015683166513284146,-0.016179846253518558,0.22484180488080827,0.17075202501651474,0.12792830582040474,2.4200000000000017,1.7200000000000024,0.07487169417959527,0.1200000000000001,-0.10999999999999988,-0.14000000000000012
2019-10-09,2919.4,18.64,1.59,1.47,,0.009063350218850439,0.010948945353938682,0.1922401607124152,0.17546470425935082,0.12975791104783213,-1.6400000000000006,-1.9199999999999982,0.05664208895216788,0.1200000000000001,-0.010000000000000009,-0.010000000000000009
2019-10-10,2938.13,17.57,1.67,1.53,,0.006395208846051041,0.009403771963256846,0.18962336050523748,0.18068083588375317,0.13187236044179163,-1.0700000000000003,-1.5500000000000007,0.04382763955820837,0.1399999999999999,0.1299999999999999,0.14000000000000012
2019-10-11,2970.27,15.58,1.76,1.63,,0.010879533213144676,0.00616656350717246,0.17746625301624705,0.18878657910855626,0.13868556765148926,-1.9900000000000002,-1.459999999999999,0.017114432348510733,0.13000000000000012,0.24,0.22999999999999998
2019-10-14,2966.15,14.57,1.76,1.63,,-0.0013880421740668583,0.009266883590695048,0.17246332360054512,0.1870075626307237,0.1384025196916831,-1.0099999999999998,-3.289999999999999,0.007297480308316895,0.13000000000000012,0.19999999999999996,0.16999999999999993
2019-10-15,2995.68,13.54,1.77,1.61,,0.009906435272235942,0.0348564853762151,0.07876558351155864,0.1803299560856436,0.14295719268634663,-1.0300000000000011,-6.740000000000002,-0.0075571926863466365,0.15999999999999992,0.22999999999999998,0.19000000000000017
2019-10-16,2989.69,13.68,1.75,1.58,,-0.0020015477739079852,0.023791587383456853,0.09725171273118911,0.14522512146008124,0.1430884710412164,0.14000000000000057,-4.960000000000001,-0.006288471041216381,0.16999999999999993,0.15999999999999992,0.1100000000000001
2019-10-17,2997.95,13.79,1.76,1.6,,0.002759018658342625,0.020155397195748184,0.09682107334952789,0.14307667408030728,0.143495430512594,0.10999999999999943,-3.780000000000001,-0.005595430512594007,0.15999999999999992,0.09000000000000008,0.07000000000000006
2019-10-18,2986.2,14.25,1.76,1.58,,-0.003927045645713622,0.005348818336890128,0.08744758145101457,0.13190158505725844,0.143105668151446,0.46000000000000085,-1.33,-0.000605668151446026,0.17999999999999994,0.0,-0.04999999999999982
2019-10-21,3006.72,14.0,1.8,1.62,,0.0068481074978751595,0.01358496800883192,0.09227849848971822,0.1305992821913724,0.145214348095834,-0.25,-0.5700000000000003,-0.005214348095833987,0.17999999999999994,0.040000000000000036,-0.009999999999999787
2019-10-22,2995.99,14.46,1.78,1.6,,-0.0035750557426104746,0.00010347699398543102,0.07391263741149179,0.0925588248802181,0.1423420396360433,0.46000000000000085,0.9200000000000017,0.0022579603639567014,0.17999999999999994,0.010000000000000009,-0.010000000000000009
2019-10-23,3004.52,14.01,1.77,1.58,,0.0028430935856431803,0.004948118353536819,0.07356334873501347,0.08719440031529224,0.1410829459677223,-0.45000000000000107,0.33000000000000007,-0.000982945967722304,0.18999999999999995,0.020000000000000018,0.0
2019-10-24,3010.29,13.71,1.77,1.58,,0.0019185981834693214,0.004107697878663538,0.07252446222292346,0.08500078007882512,0.1407990368316441,-0.29999999999999893,-0.0799999999999983,-0.0036990368316441036,0.18999999999999995,0.010000000000000009,-0.020000000000000018
2019-10-25,3022.55,12.65,1.8,1.63,,0.0040644263323678705,0.01209916985674484,0.060803395357292095,0.0718987128184864,0.13954247168093656,-1.0600000000000005,-1.5999999999999996,-0.013042471680936557,0.17000000000000015,0.040000000000000036,0.04999999999999982
2019-10-28,3039.42,13.11,1.85,1.64,,0.005565861774647979,0.010816924133517848,0.055357684829891306,0.07188900572622031,0.1397578761355112,0.4599999999999991,-0.8900000000000006,-0.008657876135511194,0.2100000000000002,0.050000000000000044,0.019999999999999796
2019-10-29,3036.89,13.2,1.84,1.64,,-0.0008327422880678223,0.013559237588060437,0.038218890442558766,0.05986809115871269,0.1308362756599404,0.08999999999999986,-1.2600000000000016,0.0011637243400595965,0.20000000000000018,0.06000000000000005,0.039999999999999813
2019-10-30,3046.77,12.33,1.78,1.61,,0.0032480476180495634,0.013964191620466762,0.038414128870392,0.05734626175961297,0.10823149604332659,-0.8699999999999992,-1.6799999999999997,0.015068503956673418,0.16999999999999993,0.010000000000000009,0.030000000000000027
2019-10-31,3037.56,13.22,1.69,1.52,,-0.00302745151380397,0.00901814192319338,0.057038841795321406,0.06205780673095433,0.10816693694972578,0.8900000000000006,-0.4900000000000002,0.024033063050274237,0.16999999999999993,-0.08000000000000007,-0.06000000000000005
2019-11-01,3066.91,12.3,1.73,1.56,,0.009615978507102713,0.014569694097928264,0.07992597889043157,0.06707762327908509,0.10259020016332161,-0.9199999999999999,-0.34999999999999964,0.0204097998366784,0.16999999999999993,-0.07000000000000006,-0.06999999999999984
2019-11-04,3078.27,12.83,1.79,1.6,,0.003697210802720748,0.012701043126001219,0.077069814762855,0.06333892612108204,0.0998992965010201,0.5299999999999994,-0.27999999999999936,0.0284007034989799,0.18999999999999995,-0.06000000000000005,-0.039999999999999813
2019-11-05,3074.62,13.1,1.86,1.63,,-0.001186434481407325,0.012347350932661611,0.07807930316321587,0.05798970707705736,0.07553396614641388,0.2699999999999996,-0.09999999999999964,0.05546603385358613,0.2300000000000002,0.020000000000000018,-0.010000000000000009
2019-11-06,3076.78,12.62,1.81,1.61,,0.0007022791848279718,0.009801582499440152,0.07857019151150199,0.058719984762336315,0.0724640834656105,-0.4800000000000004,0.28999999999999915,0.053735916534389486,0.19999999999999996,0.030000000000000027,0.0
2019-11-07,3085.18,12.73,1.92,1.68,,0.0027264069235454487,0.015555440936789726,0.06500614817126339,0.058683585921232004,0.0710897422124538,0.11000000000000121,-0.4900000000000002,0.056210257787546195,0.24,0.22999999999999998,0.15999999999999992
2019-11-08,3093.08,12.07,1.94,1.68,,0.002557355729783027,0.008496818159470043,0.030847614154979906,0.05801180063968165,0.06374740436621887,-0.6600000000000001,-0.23000000000000043,0.05695259563378113,0.26,0.20999999999999996,0.11999999999999988
2019-11-11,3087.01,12.69,1.94,1.68,,-0.001964373318799635,0.0028352340379495062,0.03379186283628624,0.058480202659578394,0.06418805359066306,0.6199999999999992,-0.14000000000000057,0.06271194640933693,0.26,0.1499999999999999,0.07999999999999985
2019-11-12,3091.84,12.68,1.92,1.66,,0.00156339803808006,0.005585066557437107,0.03025639281278493,0.05695969871687963,0.05697971159012416,-0.009999999999999787,-0.41999999999999993,0.06982028840987584,0.26,0.05999999999999983,0.030000000000000027
2019-11-13,3094.04,13.0,1.88,1.63,,0.0007112973716774344,0.005594084744286561,0.030248671806818127,0.056567702899942424,0.05551306632409698,0.3200000000000003,0.3800000000000008,0.07448693367590303,0.25,0.06999999999999984,0.019999999999999796
2019-11-14,3096.63,13.05,1.82,1.58,,0.0008367430830954413,0.003704420903836555,0.026686861262024707,0.05087152410952304,0.055453081412947566,0.05000000000000071,0.3200000000000003,0.07504691858705244,0.24,-0.09999999999999987,-0.09999999999999987
2019-11-15,3120.46,12.05,1.84,1.61,,0.007666003452600061,0.008813068626653387,0.05654012577789938,0.04294177563213075,0.055343079474541194,-1.0,-0.019999999999999574,0.06515692052545882,0.22999999999999998,-0.09999999999999987,-0.06999999999999984
2019-11-18,3122.03,12.46,1.81,1.6,,0.0005030044207048551,0.011280446366158037,0.04842455117223964,0.04182584687949654,0.052797960008654964,0.41000000000000014,-0.22999999999999865,0.07180203999134505,0.20999999999999996,-0.1299999999999999,-0.07999999999999985
2019-11-19,3120.18,12.86,1.79,1.6,,-0.0005927388069818729,0.00912430952109589,0.05260635613014795,0.04088897340139582,0.049679067810517716,0.3999999999999986,0.17999999999999972,0.07892093218948228,0.18999999999999995,-0.1299999999999999,-0.05999999999999983
2019-11-20,3108.46,12.78,1.73,1.56,,-0.003763265763221234,0.0046497463861972085,0.06636524104764352,0.04864814966208851,0.05362439191466877,-0.08000000000000007,-0.22000000000000064,0.07417560808533122,0.16999999999999993,-0.1499999999999999,-0.06999999999999984
2019-11-21,3103.54,13.13,1.77,1.6,,-0.0015840312391350534,0.0022289720639665084,0.0687613715754824,0.04923426794607502,0.05486247961900693,0.3500000000000014,0.08000000000000007,0.07643752038099308,0.16999999999999993,-0.050000000000000044,0.020000000000000018
2019-11-22,3110.29,12.34,1.77,1.61,,0.002172573969691297,-0.0032644574189420817,0.035375957109352346,0.04884080246538072,0.05410700187729185,-0.7900000000000009,0.28999999999999915,0.06929299812270814,0.15999999999999992,-0.07000000000000006,0.0
2019-11-25,3133.64,11.87,1.76,1.61,,0.007479298726807982,0.0037118368871610413,0.06870522213563338,0.057450395826686394,0.056423244306737196,-0.47000000000000064,-0.5900000000000016,0.06227675569326279,0.1499999999999999,-0.050000000000000044,0.010000000000000009
2019-11-26,3140.52,11.54,1.74,1.58,,0.002193123145604235,0.006497698839747224,0.06813894766305165,0.05755696355611439,0.055763674586220266,-0.33000000000000007,-1.3200000000000003,0.05963632541377972,0.15999999999999992,-0.050000000000000044,-0.020000000000000018
2019-11-27,3153.63,11.75,1.77,1.63,,0.004165779003972946,0.014426743606941425,0.05247386930910522,0.058727495471897324,0.05619988957144962,0.21000000000000085,-1.0299999999999994,0.061300110428550374,0.14000000000000012,0.040000000000000036,0.06999999999999984
2019-11-29,3140.98,12.62,1.78,1.61,,-0.004019317171346202,0.011991457674730277,0.06651181528096088,0.06583608055804639,0.05740928828788467,0.8699999999999992,-0.5100000000000016,0.06879071171211532,0.16999999999999993,0.010000000000000009,0.010000000000000009
2019-12-02,3113.87,14.91,1.83,1.61,,-0.008668527546202967,0.0011503561588359868,0.10322612496645812,0.07312054541563771,0.060467199822582376,2.290000000000001,2.5700000000000003,0.08863280017741763,0.21999999999999997,0.06000000000000005,0.0
2019-12-03,3093.2,15.96,1.72,1.53,,-0.006660171838373699,-0.012989114406345762,0.08841269158230305,0.07970617920675953,0.06481446893832944,1.0500000000000007,4.090000000000002,0.09478553106167058,0.18999999999999995,-0.040000000000000036,-0.08000000000000007
2019-12-04,3112.76,14.8,1.77,1.58,,0.006303638685847347,-0.008878598866102727,0.10559228186021047,0.087641082510809,0.06799999395351321,-1.1600000000000001,3.2600000000000016,0.08000000604648681,0.18999999999999995,0.030000000000000027,0.0
2019-12-05,3117.43,14.52,1.8,1.58,,0.0014991519920369975,-0.011545225878038495,0.09752848520751288,0.08567363017195517,0.06807213142191396,-0.28000000000000114,2.7699999999999996,0.07712786857808604,0.21999999999999997,0.030000000000000027,-0.04999999999999982
2019-12-06,3145.91,13.62,1.84,1.61,,0.00909425204036833,0.0015683433336758654,0.12390713270761651,0.09536185908180767,0.07412433304022388,-0.9000000000000004,1.0,0.06207566695977611,0.22999999999999998,0.06000000000000005,0.0
2019-12-09,3135.96,15.86,1.83,1.63,,-0.0031678491662223223,0.007069021713656568,0.10321106489232797,0.09781808418143244,0.07527986028888692,2.24,0.9499999999999993,0.08332013971111307,0.20000000000000018,0.0,0.019999999999999796
2019-12-10,3132.52,15.68,1.85,1.65,,-0.0010975548602935618,0.012631638691736922,0.08095103039071352,0.09068955149131809,0.0749368277241291,-0.17999999999999972,-0.28000000000000114,0.0818631722758709,0.20000000000000018,0.13000000000000012,0.11999999999999988
2019-12-11,3141.63,14.99,1.79,1.61,,0.0029039810658439487,0.009231981071733305,0.07428013819039558,0.09124722335828898,0.07528443898847832,-0.6899999999999995,0.1899999999999995,0.07461556101152168,0.17999999999999994,0.020000000000000018,0.030000000000000027
2019-12-12,3168.57,13.94,1.9,1.66,,0.008538608499854607,0.016271437579550848,0.08778987509593121,0.09909276960164798,0.08013455314339382,-1.0500000000000007,-0.5800000000000001,0.059265446856606174,0.24,0.09999999999999987,0.07999999999999985
2019-12-13,3168.8,12.63,1.82,1.61,,7.258531539142115e-05,0.007249770854574006,0.07190743331249948,0.09597919172419808,0.08022510562986819,-1.3099999999999987,-0.9899999999999984,0.046074894370131805,0.20999999999999996,-0.020000000000000018,0.0
2019-12-16,3191.45,12.14,1.89,1.65,,0.007122391651237605,0.017540011672034044,0.06723228789318263,0.0839667837104472,0.07966089346848967,-0.4900000000000002,-3.719999999999999,0.041739106531510334,0.24,0.05999999999999983,0.020000000000000018
2019-12-17,3192.52,12.29,1.89,1.63,,0.0003352146109771036,0.018972781143304543,0.061580895288179366,0.06863299995915706,0.07968048669334933,0.14999999999999858,-3.3900000000000006,0.043219513306650664,0.26,0.039999999999999813,-0.020000000000000018
2019-12-18,3191.14,12.58,1.92,1.63,,-0.00043235386016704703,0.015636446217293706,0.06875750168692965,0.06832452353862994,0.07963688127243547,0.2900000000000009,-2.41,0.046163118727564526,0.29000000000000004,0.1299999999999999,0.019999999999999796
2019-12-19,3205.37,12.5,1.92,1.62,,0.004449308599583262,0.011547146317022548,0.05274665631280163,0.06873421004135087,0.07827571527071038,-0.08000000000000007,-1.4399999999999995,0.04672428472928962,0.2999999999999998,0.020000000000000018,-0.039999999999999813
2019-12-20,3221.22,12.51,1.92,1.63,,0.004932641459037748,0.016407202460669002,0.05101858007409176,0.0607431143465879,0.07824963338364914,0.009999999999999787,-0.120000000000001,0.04685036661635085,0.29000000000000004,0.09999999999999987,0.019999999999999796
2019-12-23,3224.01,12.61,1.93,1.64,,0.00086575659030548,0.010150567399736762,0.03934294954770826,0.05338352929668129,0.0783180485541446,0.09999999999999964,0.46999999999999886,0.04778195144585538,0.29000000000000004,0.040000000000000036,-0.010000000000000009
2019-12-24,3223.38,12.67,1.9,1.62,,-0.00019542791796535865,0.009619924870794244,0.04093142985012483,0.05172013110291505,0.07562244322873088,0.0600000000000005,0.3800000000000008,0.05107755677126913,0.2799999999999998,0.010000000000000009,-0.009999999999999787
2019-12-26,3239.91,12.65,1.9,1.64,,0.005115053182071611,0.015167331913032992,0.03974115981036728,0.05295004039932651,0.07672607401824848,-0.019999999999999574,0.07000000000000028,0.049773925981751524,0.26,-0.020000000000000018,0.010000000000000009
2019-12-27,3240.02,13.43,1.88,1.59,,3.395098404170214e-05,0.010751974297491352,0.04212178077635886,0.04502067499744988,0.07626377814758459,0.7799999999999994,0.9299999999999997,0.058036221852415415,0.2899999999999998,-0.040000000000000036,-0.030000000000000027
2019-12-30,3221.29,14.82,1.9,1.58,,-0.0057976021775765895,2.17306608769034e-05,0.0617703725468926,0.06003673564225155,0.07816230864189891,1.3900000000000006,2.3100000000000005,0.07003769135810109,0.31999999999999984,-0.020000000000000018,-0.04999999999999982
2019-12-31,3230.78,13.78,1.92,1.58,,0.0029416937024937355,0.0020976677730651567,0.06525408762310386,0.052554790637919076,0.06891527470286125,-1.040000000000001,1.17,0.06888472529713875,0.33999999999999986,-0.010000000000000009,-0.05999999999999983
2020-01-02,3257.85,12.47,1.88,1.58,,0.008343874454693168,0.010636970145723538,0.0852735538658723,0.06308187814919217,0.06481989782783038,-1.3099999999999987,-0.1999999999999993,0.05988010217216963,0.2999999999999998,-0.020000000000000018,-0.040000000000000036
2020-01-03,3234.85,14.02,1.8,1.53,,-0.007084909578083601,-0.0015629926144316453,0.10089823369014117,0.07752621642678165,0.07171055735903414,1.549999999999999,1.3699999999999992,0.06848944264096585,0.27,-0.09999999999999987,-0.10999999999999988
2020-01-06,3246.28,13.85,1.81,1.54,,0.003527166358322553,0.0019302227598492576,0.10463266385821275,0.07663050031894401,0.07191237924496176,-0.16999999999999993,0.41999999999999993,0.06658762075503823,0.27,-0.06999999999999984,-0.050000000000000044
2020-01-07,3237.18,13.79,1.83,1.54,,-0.002807144942889736,0.004920679994536088,0.09522987916085046,0.07611542973489319,0.06873385760275667,-0.0600000000000005,-1.0300000000000011,0.06916614239724332,0.29000000000000004,-0.06999999999999984,-0.040000000000000036
2020-01-08,3253.05,13.45,1.87,1.58,,0.004890437358736847,0.006869423650779152,0.0986954460213009,0.07928103552988133,0.06752571573462149,-0.33999999999999986,-0.33000000000000007,0.06697428426537849,0.29000000000000004,-0.04999999999999982,0.0
2020-01-09,3274.7,12.54,1.85,1.58,,0.006633244037575673,0.005158793233661715,0.09157492429130343,0.08392221638911125,0.06864270238312348,-0.9100000000000001,0.06999999999999851,0.056757297616876506,0.27,-0.029999999999999805,0.0
2020-01-10,3265.35,12.56,1.83,1.56,,-0.002859307305046252,0.009384395506698994,0.07045828907266004,0.0840630702188338,0.07089204081897575,0.02000000000000135,-1.459999999999999,0.054707959181024265,0.27,0.030000000000000027,0.030000000000000027
2020-01-13,3288.13,12.32,1.85,1.58,,0.006952059592316183,0.01280928874069256,0.07916891059600886,0.08934661949385045,0.0691326631702792,-0.2400000000000002,-1.5299999999999994,0.0540673368297208,0.27,0.040000000000000036,0.040000000000000036
2020-01-14,3283.15,12.39,1.82,1.58,,-0.0015156867317727837,0.014100746951809576,0.07401427292942095,0.08186103766506629,0.06990046944083367,0.07000000000000028,-1.3999999999999986,0.05399953055916634,0.24,-0.010000000000000009,0.040000000000000036
2020-01-15,3289.29,12.42,1.79,1.56,,0.0018684086233433153,0.011078718216416029,0.07176408125320781,0.08165645878006066,0.06699466204704185,0.02999999999999936,-1.0299999999999994,0.05720533795295815,0.22999999999999998,-0.08000000000000007,-0.020000000000000018
2020-01-16,3316.81,12.32,1.81,1.58,,0.00833174163220134,0.012777215811041675,0.0789992047917919,0.08162923060567866,0.07102696367477108,-0.09999999999999964,-0.21999999999999886,0.05217303632522892,0.22999999999999998,-0.040000000000000036,0.0
2020-01-17,3329.62,12.1,1.84,1.58,,0.00385470571772163,0.01949122883380944,0.06270654862454832,0.0651153323567138,0.07078185900596669,-0.22000000000000064,-0.46000000000000085,0.05021814099403331,0.26,0.010000000000000009,0.020000000000000018
2020-01-21,3320.79,12.85,1.78,1.53,,-0.002655476937142426,0.009883692304350841,0.06991049948779096,0.07058207756456708,0.07216548537266375,0.75,0.5299999999999994,0.056334514627336255,0.25,-0.07000000000000006,-0.050000000000000044
2020-01-22,3321.75,12.91,1.77,1.53,,0.00028904605969510904,0.011688425095818834,0.06524928434558497,0.06590310488158345,0.07134305664356741,0.0600000000000005,0.5199999999999996,0.05775694335643258,0.24,-0.050000000000000044,-0.050000000000000044
2020-01-23,3325.54,12.98,1.74,1.51,,0.0011403144471457103,0.010960330919621316,0.06578174949252429,0.06490132757550617,0.07131546773611311,0.07000000000000028,0.5600000000000005,0.05848453226388689,0.22999999999999998,-0.050000000000000044,-0.050000000000000044
2020-01-24,3295.47,14.56,1.7,1.49,,-0.009083268789936675,-0.006454679502516567,0.0783609883787891,0.08086057515048627,0.08057787627286864,1.58,2.24,0.06502212372713137,0.20999999999999996,-0.1100000000000001,-0.09000000000000008
2020-01-27,3243.63,18.23,1.61,1.44,,-0.015855725118383686,-0.02616511033862182,0.1137612616592037,0.11548178139420726,0.09901387507134712,3.67,6.130000000000001,0.0832861249286529,0.17000000000000015,-0.22999999999999998,-0.14000000000000012
2020-01-28,3276.24,16.28,1.65,1.45,,0.010003350352589398,-0.013506283048890178,0.15852203147757601,0.1219533341873376,0.10511828146754419,-1.9499999999999993,3.4300000000000015,0.05768171853245581,0.19999999999999996,-0.13000000000000012,-0.08000000000000007
2020-01-29,3273.4,16.39,1.6,1.42,,-0.0008672232910484065,-0.014662552399633674,0.1573561570984106,0.12182498480958578,0.10259243411840316,0.10999999999999943,3.4800000000000004,0.06130756588159686,0.18000000000000016,-0.16999999999999993,-0.1100000000000001
2020-01-30,3283.66,15.49,1.57,1.41,,0.0031294538629889324,-0.012673412983790398,0.161186708878055,0.12261463198140755,0.10264651404893357,-0.9000000000000004,2.51,0.052253485951066436,0.16000000000000014,-0.16999999999999993,-0.10000000000000009
2020-01-31,3225.52,18.84,1.51,1.33,,-0.01786447639264373,-0.02145462058649753,0.19264746471987998,0.14090340115379663,0.1181293852587021,3.3499999999999996,4.279999999999999,0.07027061474129791,0.17999999999999994,-0.18999999999999995,-0.15999999999999992
2020-02-03,3248.92,17.97,1.54,1.36,,0.007228455862910543,0.0016295603947965908,0.17416288103942784,0.14627426177435998,0.1184705582066857,-0.870000000000001,-0.26000000000000156,0.0612294417933143,0.17999999999999994,-0.07000000000000006,-0.07999999999999985
2020-02-04,3297.59,16.05,1.61,1.41,,0.014869265218066252,0.0064954752602735,0.19354411588066386,0.17010977157796556,0.1290429643736177,-1.9199999999999982,-0.23000000000000043,0.0314570356263823,0.20000000000000018,-0.039999999999999813,-0.040000000000000036
2020-02-05,3334.69,15.15,1.66,1.44,,0.011187822882933645,0.01855052143425561,0.2036987060239027,0.18037455491358093,0.13336683553204554,-0.9000000000000004,-1.2400000000000002,0.01813316446795446,0.21999999999999997,0.05999999999999983,0.020000000000000018
2020-02-06,3345.78,14.96,1.65,1.44,,0.0033201287296620923,0.018741196300928922,0.20366895953507969,0.1809598231149834,0.13295068019208695,-0.1899999999999995,-0.5299999999999994,0.016649319807913066,0.20999999999999996,0.07999999999999985,0.030000000000000027
2020-02-07,3327.71,15.47,1.59,1.41,,-0.005415470514539197,0.031190202179033413,0.12405951674502372,0.17633820629850963,0.13354461828648634,0.5099999999999998,-3.369999999999999,0.021155381713513666,0.18000000000000016,0.08000000000000007,0.07999999999999985
2020-02-10,3352.09,15.04,1.56,1.37,,0.0072996521623710205,0.031261398478494185,0.12409634934722102,0.15094414238539092,0.13471320973718273,-0.4300000000000015,-2.9299999999999997,0.015686790262817246,0.18999999999999995,0.020000000000000018,0.010000000000000009
2020-02-11,3357.75,15.18,1.59,1.41,,0.0016870749056512096,0.018079208166078994,0.0992244194845463,0.14628763490341923,0.13307541937915524,0.14000000000000057,-0.870000000000001,0.018724580620844755,0.18000000000000016,-0.020000000000000018,0.0
2020-02-12,3379.45,13.74,1.62,1.44,,0.0064418675537450355,0.013333252836890262,0.0803288726289065,0.146237821420119,0.13403679181593686,-1.4399999999999995,-1.4100000000000001,0.0033632081840631323,0.18000000000000016,-0.039999999999999813,0.0
2020-02-13,3373.94,14.15,1.61,1.44,,-0.0016317734419649113,0.00838135066526343,0.08532802655897803,0.1482311611033388,0.13446546103224802,0.41000000000000014,-0.8100000000000005,0.0070345389677519965,0.17000000000000015,-0.039999999999999813,0.0
2020-02-14,3380.16,13.68,1.59,1.42,,0.0018418447338326407,0.015638665913635053,0.05874120450808185,0.0951372098425738,0.13189403961788745,-0.47000000000000064,-1.790000000000001,0.004905960382112551,0.17000000000000015,0.0,0.010000000000000009
2020-02-18,3370.29,14.83,1.55,1.41,,-0.0029242515783095627,0.005414762172954467,0.05783109215022867,0.10100174998033777,0.13210606278906029,1.1500000000000004,-0.20999999999999908,0.0161939372109397,0.14000000000000012,-0.010000000000000009,0.039999999999999813
2020-02-19,3386.15,14.38,1.56,1.42,,0.004694788714441035,0.008422475981744053,0.06347689610251261,0.08017284761391248,0.13227484874235285,-0.4499999999999993,-0.7999999999999989,0.011525151257647165,0.14000000000000012,-0.030000000000000027,0.010000000000000009
2020-02-20,3373.23,15.56,1.52,1.39,,-0.003822840477830947,-0.0018422320498318239,0.05645095890113082,0.07020699297374605,0.13335831785736327,1.1799999999999997,1.8200000000000003,0.02224168214263675,0.13000000000000012,-0.10000000000000009,-0.050000000000000044
2020-02-21,3337.75,17.08,1.46,1.34,,-0.010573815022893411,-0.010784273630760366,0.09295206971778304,0.09002489200364809,0.13927680408315765,1.5199999999999978,2.929999999999998,0.03152319591684233,0.11999999999999988,-0.15000000000000013,-0.09999999999999987
2020-02-24,3225.89,25.03,1.38,1.26,,-0.034088046120521465,-0.046714164485114375,0.2357998000382918,0.19269514229613866,0.18281786816885326,7.950000000000003,11.350000000000001,0.06748213183114676,0.11999999999999988,-0.2100000000000002,-0.15999999999999992
2020-02-25,3128.21,27.85,1.33,1.2,,-0.030747925188099268,-0.07453783809490418,0.26854589293580733,0.22679757695786568,0.20508251905659286,2.8200000000000003,13.020000000000001,0.07341748094340717,0.13000000000000012,-0.21999999999999997,-0.20999999999999996
2020-02-26,3116.39,27.56,1.33,1.16,,-0.003785675340731014,-0.08301830215007608,0.23408482562292507,0.22261271015869402,0.20033219402725574,-0.2900000000000027,13.179999999999998,0.07526780597274427,0.17000000000000015,-0.22999999999999998,-0.26
2020-02-27,2978.76,39.16,1.3,1.11,,-0.04516817410065283,-0.12436363577289795,0.27270767402854573,0.27658922672650343,0.2508813230661134,11.599999999999998,23.599999999999994,0.14071867693388657,0.18999999999999995,-0.21999999999999997,-0.2799999999999998
2020-02-28,2954.22,40.11,1.13,0.86,,-0.00827244991427585,-0.12206227066428045,0.28068254711705065,0.2711574967110242,0.2494124858969257,0.9500000000000028,23.03,0.15168751410307432,0.2699999999999999,-0.33000000000000007,-0.4800000000000001
2020-03-02,3090.23,33.42,1.1,0.84,,0.04501086517277787,-0.04296335937098099,0.5456059089831562,0.39630290626750597,0.3017276636702698,-6.689999999999998,8.39,0.03247233632973018,0.2600000000000001,-0.2799999999999998,-0.42000000000000004
2020-03-03,3003.37,36.82,1.02,0.71,,-0.0285105302619053,-0.040725964444787134,0.5400854382632989,0.4060714807765079,0.31344764436614836,3.3999999999999986,8.969999999999999,0.05475235563385167,0.31000000000000005,-0.31000000000000005,-0.49
2020-03-04,3130.12,31.99,1.02,0.67,,0.04133635094064169,0.0043960618365856815,0.6473731812113716,0.48167658528895363,0.3468052132202119,-4.830000000000002,4.43,-0.026905213220211943,0.35,-0.31000000000000005,-0.4899999999999999
2020-03-05,3023.94,39.62,0.92,0.59,,-0.034510725624696516,0.015053510312542045,0.6024801448141109,0.49880113440650103,0.36036933505456636,7.629999999999999,0.46000000000000085,0.03583066494543363,0.33000000000000007,-0.38,-0.5200000000000001
2020-03-06,2972.37,41.94,0.74,0.49,,-0.01720100245462004,0.006124957772197905,0.6161928952524719,0.49977673205425205,0.3615279049226527,2.3200000000000003,1.8299999999999983,0.05787209507734731,0.25,-0.3899999999999999,-0.37
2020-03-09,2746.56,54.46,0.54,0.38,,-0.07901039484826664,-0.11789630224884681,0.6860627222193671,0.5976777377985234,0.4449354991838247,12.520000000000003,21.04,0.09966450081617528,0.16000000000000003,-0.56,-0.45999999999999996
2020-03-10,2882.23,47.3,0.76,0.5,,0.04821508053580021,-0.04117069145114108,0.8483543265891992,0.670455430648606,0.4872362714089235,-7.160000000000004,10.479999999999997,-0.014236271408923529,0.26,-0.26,-0.20999999999999996
2020-03-11,2741.38,53.9,0.82,0.5,,-0.05010285683741073,-0.13260989922919364,0.7549751529451432,0.7015330854736449,0.508432546209358,6.600000000000001,21.91,0.030567453790642074,0.31999999999999995,-0.20000000000000007,-0.17000000000000004
2020-03-12,2480.64,75.47,0.88,0.5,,-0.09994485184600743,-0.1980440254505045,0.9228467840257748,0.816691166461385,0.5952444525352596,21.57,35.85,0.15945554746474044,0.38,-0.040000000000000036,-0.08999999999999997
2020-03-13,2711.02,57.83,0.94,0.49,,0.0888083564407466,-0.09203466655513794,1.3104753431000546,0.9792835870450868,0.7003932438715652,-17.64,15.89,-0.12209324387156517,0.44999999999999996,0.19999999999999996,0.0
2020-03-16,2386.13,82.69,0.73,0.36,,-0.12765214115647325,-0.14067641286334456,1.485941836092703,1.0917823307151655,0.8111338470746415,24.86,28.229999999999997,0.015766152925358434,0.37,0.18999999999999995,-0.020000000000000018
2020-03-17,2529.19,75.91,1.02,0.47,,0.0582262866907417,-0.13066520670840312,1.519665655578353,1.169909238309087,0.8535547996980601,-6.780000000000001,28.61,-0.09445479969806014,0.55,0.26,-0.030000000000000027
2020-03-18,2398.1,76.45,1.18,0.54,,-0.05322233622142454,-0.13378468609241695,1.522923371772648,1.1331944567143335,0.8611355599812918,0.5400000000000063,22.550000000000004,-0.0966355599812917,0.6399999999999999,0.36,0.040000000000000036
2020-03-19,2409.39,72.0,1.12,0.44,,0.004696846277420959,-0.029142987968988614,1.3806512352266067,1.1426222572140636,0.8634255599615589,-4.450000000000003,-3.469999999999999,-0.14342555996155892,0.6800000000000002,0.2400000000000001,-0.06
2020-03-20,2304.92,66.04,0.92,0.37,,-0.0443276347431585,-0.16227897915289358,1.100908646613492,1.1470602682628404,0.8684826843670836,-5.959999999999994,8.210000000000008,-0.20808268436708355,0.55,-0.019999999999999907,-0.12
2020-03-23,2237.4,61.59,0.76,0.28,,-0.029731491257259945,-0.06435832925368035,0.7216129330868504,1.1086412904952372,0.8675836322114644,-4.450000000000003,-21.099999999999994,-0.2516836322114644,0.48,0.030000000000000027,-0.07999999999999996
2020-03-24,2447.33,61.67,0.84,0.38,,0.08968315694821649,-0.03290145899620563,0.9232546647837127,1.1966614128203508,0.9463954629374091,0.0799999999999983,-14.239999999999995,-0.32969546293740903,0.45999999999999996,-0.18000000000000005,-0.08999999999999997
2020-03-25,2475.56,63.95,0.88,0.34,,0.011468998674479099,0.031789875899697916,0.8265211754642156,1.1879294674028549,0.9497530847243213,2.280000000000001,-12.5,-0.3102530847243212,0.54,-0.29999999999999993,-0.2
2020-03-26,2630.07,61.0,0.83,0.3,,0.06054382875166776,0.08763685837394479,0.9102967547016041,1.1196734583058612,0.9738864993337153,-2.950000000000003,-11.0,-0.3638864993337153,0.53,-0.29000000000000015,-0.14
2020-03-27,2541.47,65.54,0.72,0.25,,-0.03426780802262948,0.0976966850944738,0.8691013093457531,1.0313178654087358,0.9789695755957785,4.540000000000006,-0.5,-0.32356957559577837,0.47,-0.20000000000000007,-0.12
2020-03-30,2626.65,57.08,0.7,0.23,,0.03296661622145552,0.16039479257318928,0.7511487818734125,0.7897081604589936,0.9713005216016516,-8.460000000000008,-4.510000000000005,-0.4005005216016516,0.47,-0.06000000000000005,-0.05000000000000002
2020-03-31,2584.59,53.54,0.7,0.23,,-0.016142381973062482,0.05456925365191027,0.6004672609897054,0.7486765207614272,0.968847057200111,-3.539999999999999,-8.130000000000003,-0.433447057200111,0.47,-0.14,-0.15
2020-04-01,2470.5,57.06,0.62,0.23,,-0.04514632872715227,-0.0020460737497210594,0.7198247351056064,0.7328779171152817,0.9596093383916781,3.520000000000003,-6.890000000000001,-0.38900933839167806,0.39,-0.26,-0.11000000000000001
2020-04-02,2526.9,50.91,0.63,0.23,,0.022572695703622976,-0.04001720679776564,0.5469856009170618,0.7395179990196347,0.9631032108811721,-6.150000000000006,-10.090000000000003,-0.4540032108811721,0.4,-0.19999999999999996,-0.06999999999999998
2020-04-03,2488.65,46.8,0.62,0.23,,-0.015252860231953606,-0.021002259007089925,0.5044699457975166,0.6987577802878019,0.9629074169885716,-4.109999999999999,-18.74000000000001,-0.49490741698857166,0.39,-0.09999999999999998,-0.01999999999999999
2020-04-06,2663.68,45.24,0.67,0.27,,0.06796823056768604,0.013999355339140767,0.6929285329698203,0.7239992866123534,0.9622703270111158,-1.5599999999999952,-11.839999999999996,-0.5098703270111158,0.4,-0.029999999999999916,0.04000000000000001
2020-04-07,2659.41,46.7,0.75,0.28,,-0.0016043316629523077,0.02853740564925105,0.6753546677248861,0.6040360910975807,0.9441901184370503,1.4600000000000009,-6.839999999999996,-0.4771901184370502,0.47,0.050000000000000044,0.05000000000000002
2020-04-08,2749.98,43.35,0.77,0.27,,0.03348934524468995,0.10717307962109322,0.5137036507819299,0.6172306170535449,0.9366761928745432,-3.3500000000000014,-13.71,-0.5031761928745432,0.5,0.15000000000000002,0.04000000000000001
2020-04-09,2789.82,41.67,0.73,0.23,,0.01438343869822631,0.09898382261569641,0.5158460423520234,0.5525755815340287,0.8593473243913271,-1.6799999999999997,-9.239999999999995,-0.4426473243913271,0.5,0.09999999999999998,0.0
2020-04-13,2761.63,41.17,0.76,0.25,,-0.010155992507349275,0.10408069034030071,0.4948710718123484,0.5155172127741809,0.802597668015397,-0.5,-5.6299999999999955,-0.390897668015397,0.51,0.14,0.01999999999999999
2020-04-14,2846.06,37.76,0.76,0.23,,0.0301144965504564,0.06622695632307124,0.3036783989572888,0.5118833080196437,0.6478353025269827,-3.4100000000000037,-7.480000000000004,-0.27023530252698275,0.53,0.08999999999999997,-0.04000000000000001
2020-04-15,2783.36,40.84,0.63,0.2,,-0.022276750679012372,0.045554537307010944,0.3904336006016168,0.5208397898892118,0.6291491349407399,3.0800000000000054,-5.859999999999999,-0.22074913494073983,0.43,-0.12,-0.08000000000000002
2020-04-16,2799.55,40.11,0.61,0.2,,0.0057998589924373595,0.017865051054758482,0.32561807894322026,0.432135212970153,0.5906766266069615,-0.730000000000004,-3.240000000000002,-0.1895766266069615,0.41,-0.16000000000000003,-0.07
2020-04-17,2874.56,38.15,0.65,0.2,,0.026440929079185473,0.02992254143571757,0.3602472992315883,0.4350851040789786,0.5942234269356661,-1.9600000000000009,-3.520000000000003,-0.2127234269356661,0.45,-0.07999999999999996,-0.03
2020-04-20,2823.16,43.83,0.63,0.2,,-0.018042794099790368,0.02203573984327656,0.38594363847042823,0.4403319582998806,0.5698646171484124,5.68,2.6599999999999966,-0.13156461714841244,0.43,-0.13,-0.04999999999999999
2020-04-21,2736.56,45.41,0.58,0.2,,-0.031155167779795462,-0.039233924486975484,0.3737546136408785,0.3663523893817465,0.5712066030341635,1.5799999999999983,7.649999999999999,-0.11710660303416354,0.37999999999999995,-0.18000000000000005,-0.03
2020-04-22,2799.31,41.98,0.63,0.22,,0.022671301062101197,0.005714127254138065,0.3997418604620467,0.37843636107038686,0.4912623480816903,-3.4299999999999997,1.1399999999999935,-0.07146234808169033,0.41000000000000003,0.0,0.01999999999999999
2020-04-23,2797.8,41.38,0.61,0.22,,-0.0005395641810268519,-0.000625295919326161,0.39761684877307035,0.3440156438494546,0.49157149225622887,-0.5999999999999943,1.2700000000000031,-0.07777149225622887,0.39,0.0,0.01999999999999999
2020-04-24,2836.74,35.93,0.6,0.22,,0.013822111461719605,-0.013244113536791958,0.35197361932960136,0.34344833928016405,0.44910444688993095,-5.450000000000003,-2.219999999999999,-0.08980444688993094,0.38,-0.050000000000000044,0.01999999999999999
2020-04-27,2878.48,33.29,0.67,0.24,,0.014606871524449172,0.01940555208744755,0.3380580599486835,0.3420716797294812,0.4271560348466729,-2.6400000000000006,-10.54,-0.09425603484667294,0.43000000000000005,0.040000000000000036,0.03999999999999998
2020-04-28,2863.39,33.57,0.62,0.2,,-0.005256139460119837,0.04530458040712322,0.1837292530910898,0.311607680807167,0.4168429580608789,0.28000000000000114,-11.839999999999996,-0.0811429580608789,0.42,0.040000000000000036,0.0
2020-04-29,2939.51,31.23,0.63,0.2,,0.02623666320724924,0.048869942552271256,0.201274398274764,0.3069840474241255,0.4164015425795206,-2.34,-10.749999999999996,-0.10410154257952059,0.43,0.0,-0.01999999999999999
2020-04-30,2912.43,34.15,0.64,0.2,,-0.00925511652526566,0.04015439020803246,0.23593587524100482,0.3156944284152949,0.37485175670695936,2.919999999999998,-7.230000000000004,-0.03335175670695939,0.44,0.030000000000000027,-0.01999999999999999
2020-05-01,2830.71,37.19,0.64,0.2,,-0.028460220686828817,-0.002127941940515928,0.3389947084161081,0.32631363743431835,0.39231443118530684,3.039999999999999,1.259999999999998,-0.02041443118530689,0.44,0.040000000000000036,-0.01999999999999999
2020-05-04,2842.74,35.97,0.64,0.19,,0.0042408122145938705,-0.012494001250371225,0.31733090763396526,0.3136827274003133,0.3845465753600512,-1.2199999999999989,2.6799999999999997,-0.02484657536005125,0.45,-0.030000000000000027,-0.04999999999999999
2020-05-05,2868.44,33.61,0.66,0.19,,0.00899995218953805,0.0017620903992867304,0.32555965338809967,0.2596493374644684,0.3094786658092242,-2.3599999999999994,0.03999999999999915,0.026621334190775836,0.47000000000000003,0.040000000000000036,-0.010000000000000009
2020-05-06,2848.42,34.12,0.72,0.17,,-0.007003873398600344,-0.031478446206562816,0.23079545924758835,0.24444937484509957,0.31129498060204647,0.509999999999998,2.889999999999997,0.02990501939795348,0.5499999999999999,0.08999999999999997,-0.03
2020-05-07,2881.19,31.44,0.63,0.13,,0.011438948664053582,-0.010784381017243562,0.25910131845020545,0.248682044614941,0.2923191933614807,-2.679999999999996,-2.7099999999999973,0.0220808066385193,0.5,-0.010000000000000009,-0.07
2020-05-08,2929.8,27.98,0.69,0.16,,0.016730758062550522,0.034406597732135724,0.14243841470357618,0.25264395819560675,0.2937182688701284,-3.460000000000001,-9.209999999999997,-0.013918268870128425,0.5299999999999999,0.04999999999999993,-0.04000000000000001
2020-05-11,2930.32,27.57,0.73,0.17,,0.00017747076898242637,0.030343256286524217,0.14990908280911247,0.24470601957645582,0.2901052070315927,-0.41000000000000014,-8.399999999999999,-0.014405207031592704,0.5599999999999999,0.08999999999999997,-0.01999999999999999
2020-05-12,2870.12,33.04,0.69,0.17,,-0.020757791338386403,0.0005855127585998752,0.23688027746710066,0.2684193030624707,0.28307606110899003,5.469999999999999,-0.5700000000000003,0.04732393889100994,0.5199999999999999,0.029999999999999916,-0.01999999999999999
2020-05-13,2820.0,35.28,0.64,0.16,,-0.017616955794106534,-0.010027569636906349,0.2670425253089803,0.23802627025699316,0.27856786320550125,2.240000000000002,1.1600000000000037,0.07423213679449875,0.48,-0.07999999999999996,-0.010000000000000009
2020-05-14,2852.5,32.61,0.63,0.16,,0.01145891780407149,-0.010007600496888432,0.2671058932148107,0.2480885619262875,0.28067071226689866,-2.6700000000000017,1.1699999999999982,0.04542928773310134,0.47,0.0,0.03
2020-05-15,2863.7,31.89,0.64,0.16,,0.003918692254435327,-0.02281966630500351,0.22221334920949212,0.20033194665382775,0.264443688694374,-0.7199999999999989,3.91,0.054456311305626004,0.48,-0.04999999999999993,0.0
2020-05-18,2953.91,29.3,0.73,0.18,,0.031015221473356874,0.008018084399370885,0.34019185235421434,0.25063761649533733,0.2775273471013543,-2.59,1.7300000000000004,0.015472652898645689,0.55,0.0,0.009999999999999981
2020-05-19,2922.94,30.53,0.7,0.17,,-0.010539757419425795,0.018236118318331572,0.30364943186118737,0.25843801728009597,0.2531822665264628,1.2300000000000004,-2.509999999999998,0.05211773347353721,0.5299999999999999,0.010000000000000009,0.0
2020-05-20,2971.61,27.99,0.68,0.16,,0.01651393441786152,0.052367008530299394,0.24386141695588634,0.2627263268341837,0.24781867469416108,-2.5400000000000027,-7.290000000000003,0.032081325305838904,0.52,0.040000000000000036,0.0
2020-05-21,2948.51,29.53,0.68,0.17,,-0.007803935472623133,0.03310415525360479,0.2752775402253599,0.26569206092861575,0.2505164311759981,1.5400000000000027,-3.0799999999999983,0.04478356882400192,0.51,0.050000000000000044,0.010000000000000009
2020-05-22,2955.45,28.16,0.66,0.17,,0.002350965520250863,0.03153642851942037,0.2764694535279727,0.2533579085287973,0.2469996640191776,-1.370000000000001,-3.7300000000000004,0.034600335980822405,0.49,0.020000000000000018,0.010000000000000009
2020-05-26,2991.77,28.01,0.69,0.18,,0.012214261971750162,0.012735469017813472,0.18899578752803237,0.2595638243349826,0.24552800404559535,-0.14999999999999858,-1.2899999999999991,0.03457199595440466,0.51,-0.040000000000000036,0.0
2020-05-27,3036.13,27.62,0.68,0.19,,0.014718492616296689,0.037993719053535956,0.16193868629192062,0.23179147826775373,0.24799908997624254,-0.39000000000000057,-2.91,0.028200910023757464,0.49000000000000005,-0.019999999999999907,0.01999999999999999
2020-05-28,3029.73,28.59,0.7,0.17,,-0.0021101714760443074,0.019369613159630112,0.15094710288055027,0.19901204384059862,0.23259879245445683,0.9699999999999989,0.6000000000000014,0.053301207545543156,0.5299999999999999,0.019999999999999907,0.010000000000000009
2020-05-29,3044.31,27.51,0.65,0.16,,0.004800767858804524,0.03197431649105767,0.11066082655518948,0.19780078065329262,0.22929718801860044,-1.0799999999999983,-2.0199999999999996,0.04580281198139957,0.49,-0.030000000000000027,-0.010000000000000009
2020-06-01,3055.73,28.23,0.66,0.14,,0.003744242117017055,0.033367593087823916,0.10785980818011129,0.19786664632285203,0.198597060947263,0.7199999999999989,0.07000000000000028,0.08370293905273699,0.52,0.0,-0.03
2020-06-02,3080.82,26.84,0.68,0.17,,0.008177278702023465,0.029330609818097347,0.09816702549309238,0.14467002207482624,0.19919715265275287,-1.3900000000000006,-1.1700000000000017,0.0692028473472471,0.51,-0.009999999999999898,-0.009999999999999981
2020-06-03,3122.87,25.66,0.77,0.19,,0.013556655475681826,0.02816877267748228,0.09169998079929263,0.12515086166647044,0.20135267591517816,-1.1799999999999997,-1.9600000000000009,0.05524732408482183,0.5800000000000001,0.08999999999999997,0.0
2020-06-04,3112.35,25.81,0.82,0.19,,-0.003374382935045795,0.02690456121848097,0.09860513303916815,0.12085930372108165,0.19906147185646067,0.14999999999999858,-2.780000000000001,0.059038528143539326,0.6299999999999999,0.12,0.01999999999999999
2020-06-05,3193.93,24.52,0.91,0.22,,0.025874065601552972,0.04797785896122955,0.1748267134209409,0.14051288988004088,0.2119776015210051,-1.2899999999999991,-2.990000000000002,0.03322239847899491,0.6900000000000001,0.26,0.06
2020-06-08,3232.39,25.81,0.88,0.22,,0.011969668235859062,0.05620328508007171,0.16706281707434298,0.13796775257796645,0.2091837601537155,1.2899999999999991,-2.4200000000000017,0.04891623984628449,0.66,0.21999999999999997,0.07999999999999999
2020-06-09,3207.18,27.57,0.84,0.2,,-0.007829755338198062,0.04019625103984989,0.21679994825247995,0.15969801231511396,0.21347560367244114,1.7600000000000016,0.7300000000000004,0.062224396327558856,0.6399999999999999,0.15999999999999992,0.03
2020-06-10,3190.14,27.57,0.75,0.17,,-0.0053272433765708446,0.021312352187597323,0.22769932918529087,0.16404882356204772,0.19551923067418278,0.0,1.9100000000000001,0.08018076932581722,0.58,-0.020000000000000018,-0.01999999999999999
2020-06-11,3002.1,40.79,0.66,0.19,,-0.06075275919869289,-0.03606602407604973,0.5224842293319253,0.36980120678846606,0.29644287958478566,13.219999999999999,14.98,0.11145712041521433,0.47000000000000003,-0.15999999999999992,0.0
2020-06-12,3041.31,36.09,0.71,0.19,,0.012976299868566436,-0.04896378980903639,0.4770777653643951,0.3755724392375085,0.2970567037957128,-4.699999999999996,11.570000000000004,0.06384329620428725,0.52,-0.20000000000000007,-0.03
2020-06-15,3066.59,34.4,0.71,0.19,,0.008277851423430304,-0.0526556066214651,0.4670834158082186,0.3775556056044699,0.2975981904386932,-1.6900000000000048,8.59,0.046401809561306795,0.52,-0.17000000000000004,-0.03
2020-06-16,3124.74,33.67,0.75,0.21,,0.01878488465267299,-0.02604096663059397,0.5127631883468581,0.38733776796982894,0.28547791995551736,-0.7299999999999969,6.100000000000001,0.05122208004448264,0.54,-0.08999999999999997,0.009999999999999981
2020-06-17,3113.49,33.47,0.74,0.19,,-0.003606796221336869,-0.02432051947536007,0.5128834770055467,0.3818174706711399,0.28221973341433015,-0.20000000000000284,5.899999999999999,0.052480266585669844,0.55,-0.010000000000000009,0.01999999999999999
2020-06-18,3115.34,32.94,0.71,0.19,,0.0005940120550401924,0.037026251778373126,0.1439582962498482,0.3814425192951868,0.2778508269612403,-0.5300000000000011,-7.850000000000001,0.051549173038759666,0.52,0.04999999999999993,0.0
2020-06-19,3097.74,35.12,0.7,0.19,,-0.005665482200964775,0.018384469708841906,0.1585974739880492,0.35360481252319914,0.2769152431580461,2.1799999999999997,-0.970000000000006,0.07428475684195385,0.51,-0.010000000000000009,0.0
2020-06-22,3117.86,31.77,0.71,0.19,,0.006474055690439126,0.016580673975850804,0.15579296055251116,0.3480986054118545,0.2772785240165021,-3.349999999999998,-2.629999999999999,0.04042147598349788,0.52,0.0,0.0
2020-06-23,3131.29,31.37,0.72,0.18,,0.0042981911703125365,0.0020939804934903034,0.08132118985953471,0.34930161899090917,0.2750814637627695,-0.3999999999999986,-2.3000000000000007,0.03861853623723055,0.54,-0.030000000000000027,-0.03
2020-06-24,3050.33,33.84,0.69,0.19,,-0.02619527873275449,-0.020494502017927258,0.20925258321485277,0.3693407499542758,0.2885497012143739,2.4700000000000024,0.37000000000000455,0.049850298785626135,0.49999999999999994,-0.050000000000000044,0.0
2020-06-25,3083.76,32.22,0.68,0.17,,0.010899850173409288,-0.01018866389955819,0.23501820477742918,0.2000020129782604,0.2908347675659306,-1.6200000000000045,-0.7199999999999989,0.03136523243406941,0.51,-0.029999999999999916,-0.01999999999999999
2020-06-26,3009.05,34.73,0.64,0.17,,-0.024525217335129468,-0.029048399033722843,0.2859738282292055,0.23200422843033386,0.3039308901851718,2.509999999999998,-0.39000000000000057,0.043369109814828166,0.47,-0.05999999999999994,-0.01999999999999999
2020-06-29,3053.24,31.78,0.64,0.16,,0.014578907539069857,-0.02094354718509215,0.3124676414547314,0.24108854685781703,0.30837739803630787,-2.9499999999999957,0.010000000000001563,0.009422601963692157,0.48,-0.06999999999999995,-0.03
2020-06-30,3100.29,30.43,0.66,0.16,,0.01529233363768146,-0.009949404717723211,0.33983012571822985,0.23381989457045843,0.31190627342591587,-1.3500000000000014,-0.9400000000000013,-0.007606273425915855,0.5,-0.05999999999999994,-0.01999999999999999
2020-07-01,3115.86,28.62,0.69,0.17,,0.005009542099664131,0.021255416114695305,0.26341998802711336,0.23490705902831854,0.3085511269498003,-1.8099999999999987,-5.220000000000002,-0.022351126949800293,0.5199999999999999,0.0,-0.01999999999999999
2020-07-02,3130.01,27.68,0.68,0.16,,0.00453100183265328,0.01488656777393931,0.2570971760051529,0.23597904626428273,0.30871862312591297,-0.9400000000000013,-4.539999999999999,-0.03191862312591298,0.52,0.0,-0.010000000000000009
2020-07-06,3179.72,27.94,0.69,0.16,,0.015756943165826313,0.055168728274895065,0.09105004021500705,0.24472573747183626,0.2995479544380837,0.26000000000000156,-6.789999999999996,-0.02014795443808365,0.5299999999999999,0.04999999999999993,-0.010000000000000009
2020-07-07,3145.32,29.43,0.65,0.16,,-0.010877508816987262,0.029712311918837834,0.17198732925110247,0.25243839254318384,0.2981891037869285,1.4899999999999984,-2.3500000000000014,-0.0038891037869284717,0.49,0.010000000000000009,0.0
2020-07-08,3169.94,28.08,0.67,0.16,,0.007797026481291786,0.022217004762448114,0.15356104639877677,0.2543697921264193,0.29885442349113966,-1.3500000000000014,-2.3500000000000014,-0.01805442349113967,0.51,0.010000000000000009,0.0
2020-07-09,3152.05,29.26,0.62,0.16,,-0.005659625451287915,0.01154783721149602,0.16898820117910754,0.20927472203395361,0.2989267122570668,1.1800000000000033,0.6400000000000006,-0.006326712257066769,0.45999999999999996,-0.06999999999999995,-0.010000000000000009
2020-07-10,3185.04,27.29,0.65,0.16,,0.010411813000986475,0.017428648379829322,0.17873468066205248,0.20879097008589784,0.19904090098692123,-1.9700000000000024,-0.39000000000000057,0.07385909901307874,0.49,-0.030000000000000027,0.0
2020-07-13,3155.22,32.19,0.64,0.16,,-0.00940662366648347,-0.00773491845248053,0.15796327990830789,0.1607907969777152,0.19995343635921084,4.899999999999999,4.2499999999999964,0.12194656364078912,0.48,-0.04999999999999993,0.0
2020-07-14,3197.52,29.52,0.63,0.14,,0.013317285189446137,0.016459875553952962,0.16128062209565883,0.15874162238612505,0.2028846048278168,-2.669999999999998,0.08999999999999986,0.0923153951721832,0.49,-0.020000000000000018,-0.01999999999999999
2020-07-15,3226.56,27.76,0.64,0.16,,0.009041044884784208,0.017703893957445562,0.16369357777323076,0.1498219711537048,0.19504733107971253,-1.759999999999998,-0.31999999999999673,0.08255266892028748,0.48,-0.030000000000000027,0.0
2020-07-16,3215.57,28.0,0.62,0.16,,-0.003411918313161816,0.019951601095571744,0.15634756489160406,0.1541233267282708,0.19497950399411093,0.23999999999999844,-1.2600000000000016,0.0850204960058891,0.45999999999999996,0.0,0.0
2020-07-17,3224.73,25.68,0.64,0.14,,0.0028445899031588197,0.012384377997744032,0.14562935155085663,0.1539325905651493,0.19498716133070065,-2.3200000000000003,-1.6099999999999994,0.06181283866929932,0.5,-0.010000000000000009,-0.01999999999999999
2020-07-20,3251.84,24.46,0.62,0.16,,0.008371764170464781,0.03016276583469251,0.10255700052429288,0.14066289622784142,0.19429527533434762,-1.2199999999999989,-7.729999999999997,0.05030472466565239,0.45999999999999996,-0.020000000000000018,0.0
2020-07-21,3257.3,24.84,0.61,0.14,,0.0016776413721593887,0.018523122017405514,0.08162379461676156,0.12055556934055296,0.19371542198754305,0.379999999999999,-4.68,0.054684578012456964,0.47,-0.020000000000000018,0.0
2020-07-22,3276.02,24.32,0.6,0.14,,0.005730639622957727,0.015212716755579019,0.07063205002826996,0.11892774924794244,0.19398895992358683,-0.5199999999999996,-3.4400000000000013,0.049211040076413165,0.45999999999999996,-0.040000000000000036,-0.01999999999999999
2020-07-23,3235.66,26.08,0.59,0.16,,-0.012396345287241563,0.006228289781499257,0.12792132519438568,0.13661771628987424,0.17209170378173372,1.759999999999998,-1.9200000000000017,0.08870829621826626,0.42999999999999994,-0.030000000000000027,0.0
2020-07-24,3215.63,25.84,0.59,0.14,,-0.006209630744305032,-0.002825930865964706,0.1366436612770945,0.13554322840322067,0.17232403570569033,-0.23999999999999844,0.16000000000000014,0.08607596429430969,0.44999999999999996,-0.050000000000000044,0.0
2020-07-27,3239.41,24.74,0.62,0.15,,0.007367919510066761,-0.003829775526362756,0.13263443522983617,0.12541386922209927,0.1413936186742826,-1.1000000000000014,0.2799999999999976,0.10600638132571738,0.47,0.0,-0.010000000000000009
2020-07-28,3218.44,25.44,0.59,0.14,,-0.006494444344686342,-0.012001861243208473,0.13579995061544112,0.11733001971472101,0.1396417965038884,0.7000000000000028,0.6000000000000014,0.11475820349611163,0.44999999999999996,-0.020000000000000018,0.0
2020-07-29,3258.44,24.1,0.58,0.12,,0.012351783128253628,-0.00538071773791262,0.16563378466259562,0.12489142171688951,0.1364604666260678,-1.3399999999999999,-0.21999999999999886,0.10453953337393221,0.45999999999999996,-0.020000000000000018,-0.020000000000000018
2020-07-30,3246.22,24.76,0.55,0.11,,-0.0037573107206831397,0.0032583168286459204,0.13738195777017456,0.1252432981894745,0.13785279490817012,0.6600000000000001,-1.3199999999999967,0.10974720509182989,0.44000000000000006,-0.039999999999999925,-0.05
2020-07-31,3271.12,24.46,0.55,0.11,,0.007641191392371668,0.01710913896532236,0.12871848746729814,0.12951808683801005,0.13903244671071344,-0.3000000000000007,-1.379999999999999,0.10556755328928658,0.44000000000000006,-0.039999999999999925,-0.030000000000000013
2020-08-03,3294.61,24.28,0.56,0.11,,0.007155365883905606,0.016896585339161295,0.12831618280883755,0.12782505926835086,0.1310347063460234,-0.17999999999999972,-0.4599999999999973,0.11176529365397661,0.45000000000000007,-0.05999999999999994,-0.039999999999999994
2020-08-04,3306.51,23.76,0.52,0.11,,0.00360545267801785,0.026996482361865737,0.09508428509432251,0.12834698442351516,0.12227955176587678,-0.5199999999999996,-1.6799999999999997,0.11532044823412323,0.41000000000000003,-0.06999999999999995,-0.030000000000000013
2020-08-05,3327.77,22.99,0.55,0.11,,0.0064091575198012216,0.021053856753413255,0.0749337571923227,0.12901675167443025,0.12157922172894993,-0.7700000000000031,-1.110000000000003,0.10832077827105006,0.44000000000000006,-0.029999999999999916,-0.009999999999999995
2020-08-06,3349.16,22.65,0.55,0.11,,0.006407158132423376,0.03121832560651981,0.024845710190398173,0.10417125388948342,0.11843536757488184,-0.33999999999999986,-2.110000000000003,0.10806463242511814,0.44000000000000006,0.0,0.0
2020-08-07,3351.28,22.21,0.57,0.13,,0.0006327942853730394,0.0242099284995213,0.04311311939392755,0.09127453999494604,0.11540253623158335,-0.4399999999999977,-2.25,0.10669746376841667,0.43999999999999995,0.019999999999999907,0.020000000000000004
2020-08-10,3360.47,22.13,0.59,0.14,,0.0027384827334759297,0.01979304534909159,0.03942750652078318,0.08962247924560128,0.10642489875221067,-0.08000000000000185,-2.150000000000002,0.11487510124778932,0.44999999999999996,0.029999999999999916,0.030000000000000013
2020-08-11,3333.69,24.03,0.64,0.16,,-0.008001046543221289,0.00818654612785229,0.09412978482623889,0.09458791085648253,0.10631871622084778,1.9000000000000021,0.2699999999999996,0.13398128377915225,0.48,0.12,0.05
2020-08-12,3380.35,22.28,0.69,0.16,,0.013899455827979215,0.01567684443603047,0.12724641497526334,0.0988576200361367,0.111792305678289,-1.75,-0.7099999999999973,0.111007694321711,0.5299999999999999,0.1399999999999999,0.05
2020-08-13,3373.43,22.13,0.71,0.16,,-0.0020492235227105187,0.007220462780896472,0.1277093144510508,0.09558040724301445,0.11096589451501236,-0.15000000000000213,-0.5199999999999996,0.11033410548498764,0.5499999999999999,0.15999999999999992,0.05
2020-08-14,3372.85,22.05,0.71,0.14,,-0.0001719466139647112,0.0064157218815585676,0.1281583861239162,0.09493414294946606,0.11132030295034055,-0.0799999999999983,-0.16000000000000014,0.10917969704965945,0.57,0.14,0.010000000000000009
2020-08-17,3381.99,21.35,0.69,0.14,,0.0027062093485908582,0.006383448496673431,0.12813550005178762,0.09214983826297311,0.10897682764172523,-0.6999999999999993,-0.7799999999999976,0.1045231723582748,0.5499999999999999,0.09999999999999998,0.0
2020-08-18,3389.78,21.51,0.67,0.14,,0.002300728889572129,0.016685223929466825,0.09861421951473813,0.09199085482445464,0.10897769538426713,0.16000000000000014,-2.5199999999999996,0.10612230461573288,0.53,0.030000000000000027,-0.01999999999999999
2020-08-19,3374.85,22.54,0.68,0.14,,-0.004414143638946041,-0.0016283755374584886,0.047491149843627706,0.09506424601642509,0.11030485414648877,1.0299999999999976,0.259999999999998,0.11509514585351122,0.54,-0.009999999999999898,-0.01999999999999999
2020-08-20,3385.51,22.72,0.65,0.13,,0.0031536808202811935,0.0035745288055333484,0.04989838103215057,0.09161092192253716,0.09740426872922825,0.17999999999999972,0.5899999999999999,0.12979573127077174,0.52,-0.05999999999999994,-0.03
2020-08-21,3397.16,22.54,0.64,0.16,,0.0034352287393030465,0.007181704158801012,0.052369464203914445,0.09230584213277195,0.09215137939662804,-0.17999999999999972,0.48999999999999844,0.13324862060337195,0.48,-0.06999999999999995,0.01999999999999999
2020-08-24,3431.28,22.37,0.65,0.14,,0.009993580954932106,0.014469075765142201,0.08114860945735708,0.10201455366940751,0.09434334750819355,-0.16999999999999815,1.0199999999999996,0.12935665249180645,0.51,-0.039999999999999925,0.0
2020-08-25,3443.62,22.03,0.69,0.15,,0.00358987425339455,0.015758221128964703,0.08107107985192043,0.08512134628286717,0.0876077427657702,-0.33999999999999986,0.5199999999999996,0.13269225723422984,0.5399999999999999,0.019999999999999907,0.009999999999999981
2020-08-26,3478.73,23.27,0.69,0.16,,0.010144040989640822,0.03031640575755178,0.05810483677960835,0.07321364899515019,0.08491873277780736,1.2399999999999984,0.7300000000000004,0.14778126722219265,0.5299999999999999,0.009999999999999898,0.01999999999999999
2020-08-27,3484.55,24.47,0.74,0.16,,0.0016716264045830256,0.028834351341853633,0.06348393776560006,0.06844244356188513,0.0810581254610015,1.1999999999999993,1.75,0.1636418745389985,0.58,0.08999999999999997,0.03
2020-08-28,3508.01,22.96,0.74,0.14,,0.00671001407851169,0.032109136681062335,0.0600718085317293,0.06754704494509906,0.08049907833043118,-1.509999999999998,0.4200000000000017,0.14910092166956881,0.6,0.09999999999999998,-0.01999999999999999
2020-08-31,3500.31,26.41,0.72,0.14,,-0.0021973891312895358,0.019918166594840674,0.07491743342787936,0.0741912902068877,0.08169677847115821,3.4499999999999993,4.039999999999999,0.1824032215288418,0.58,0.06999999999999995,0.0
2020-09-01,3526.65,26.12,0.68,0.13,,0.007496875851234013,0.02382516819268005,0.07866460570483796,0.07650887146557303,0.083215118502331,-0.28999999999999915,4.09,0.177984881497669,0.55,-0.009999999999999898,-0.01999999999999999
2020-09-02,3580.84,26.57,0.66,0.14,,0.015248997908235747,0.028930125111274817,0.10469710302394257,0.07986032978528104,0.09304046794998175,0.4499999999999993,3.3000000000000007,0.17265953205001824,0.52,-0.029999999999999916,-0.01999999999999999
2020-09-03,3455.06,33.6,0.63,0.13,,-0.035757586556313434,-0.008499087849621601,0.3177624857952659,0.22487928369461122,0.1673030799703495,7.030000000000001,9.130000000000003,0.16869692002965053,0.5,-0.10999999999999999,-0.03
2020-09-04,3426.96,30.75,0.72,0.14,,-0.0081662523968659,-0.023375354324999126,0.310424249921446,0.23032978115489142,0.17082580271401723,-2.8500000000000014,7.789999999999999,0.13667419728598276,0.58,-0.020000000000000018,0.0
2020-09-08,3331.84,31.46,0.69,0.14,,-0.02814886686405828,-0.049326832057767875,0.34957807303750865,0.2650158326188216,0.19968306531749355,0.7100000000000009,5.050000000000001,0.11491693468250644,0.5499999999999999,-0.030000000000000027,0.0
2020-09-09,3398.96,28.81,0.71,0.14,,0.019944798533671326,-0.03687890937533036,0.39654249888890136,0.2880196593028289,0.20999882624798538,-2.650000000000002,2.6899999999999977,0.07810117375201459,0.57,0.029999999999999916,0.010000000000000009
2020-09-10,3339.19,29.71,0.68,0.14,,-0.01774123987058698,-0.06986914715415325,0.34358853330382766,0.2909835655234034,0.21415303639676572,0.9000000000000021,3.1400000000000006,0.08294696360323431,0.54,0.020000000000000018,0.0
2020-09-11,3340.97,26.87,0.67,0.13,,0.000532921379765575,-0.033578639218074226,0.2912411954917707,0.29040739956931144,0.21411942571397777,-2.84,-6.73,0.054580574286022226,0.54,0.040000000000000036,0.0
2020-09-14,3383.54,25.85,0.68,0.14,,0.012661314711189059,-0.012751072110019333,0.3207456211273104,0.2981066798304201,0.2191535860776798,-1.0199999999999996,-4.899999999999999,0.03934641392232022,0.54,-0.039999999999999925,0.0
2020-09-15,3401.2,25.59,0.68,0.14,,0.005205811831507181,0.02060360658554615,0.22664136564217913,0.30138923901493303,0.2197179197491582,-0.26000000000000156,-5.870000000000001,0.036182080250841825,0.54,-0.009999999999999898,0.0
2020-09-16,3385.49,26.04,0.69,0.14,,-0.004629658363745304,-0.003970850311870545,0.1811233992118303,0.2958033606453556,0.22025042118695898,0.4499999999999993,-2.7699999999999996,0.04014957881304099,0.5499999999999999,-0.020000000000000018,0.0
2020-09-17,3357.01,26.46,0.69,0.13,,-0.008447955322129995,0.00532243423658635,0.1315836311677133,0.27566977656851954,0.22176748713946876,0.4200000000000017,-3.25,0.04283251286053125,0.5599999999999999,0.009999999999999898,-0.010000000000000009
2020-09-18,3319.47,25.83,0.7,0.14,,-0.011245565213035068,-0.00645605235621415,0.15841487631852558,0.22563609415200467,0.22469419564262008,-0.6300000000000026,-1.0400000000000027,0.03360580435737989,0.5599999999999999,0.029999999999999916,0.010000000000000009
2020-09-21,3281.06,27.78,0.68,0.14,,-0.011638590711243436,-0.030755957778646446,0.11016379642559603,0.22808977154256907,0.22711896474257762,1.9500000000000028,1.9299999999999997,0.050681035257422374,0.54,0.0,0.0
2020-09-22,3315.57,26.86,0.68,0.13,,0.010463013638868866,-0.025498755971284807,0.1450930365449579,0.19528724510197054,0.22744646494127232,-0.9200000000000017,1.2699999999999996,0.04115353505872768,0.55,0.0,-0.010000000000000009
2020-09-23,3236.92,28.58,0.68,0.14,,-0.024007294161091854,-0.044876391768631264,0.19705089335237533,0.19110939187433731,0.2396758683557603,1.7199999999999989,2.539999999999999,0.0461241316442397,0.54,-0.009999999999999898,0.0
2020-09-24,3246.59,28.51,0.67,0.14,,0.0029829543473573147,-0.03344548209914394,0.21488160965392059,0.18007029686817047,0.23574520867117768,-0.06999999999999673,2.0500000000000007,0.04935479132882234,0.53,-0.019999999999999907,0.010000000000000009
2020-09-25,3298.46,26.38,0.66,0.12,,0.015850478138509476,-0.006349438747599332,0.2600409888637506,0.2029960706099815,0.24502322613089114,-2.1300000000000026,0.5500000000000007,0.018776773869108837,0.54,-0.039999999999999925,-0.020000000000000018
2020-09-28,3351.6,26.19,0.67,0.14,,0.015982150874003724,0.02127130283764763,0.26454951695552376,0.2099476916883888,0.25188279547777365,-0.18999999999999773,-1.5899999999999999,0.010017204522226375,0.53,-0.010000000000000009,0.0
2020-09-29,3335.47,26.27,0.66,0.11,,-0.004824244783809024,0.005984044414969771,0.26420763451368384,0.20774130678553626,0.2520438301722696,0.0799999999999983,-0.5899999999999999,0.010656169827730377,0.55,-0.020000000000000018,-0.020000000000000004
2020-09-30,3363.0,26.37,0.69,0.13,,0.008219833784947334,0.038211172361008815,0.1407347166788102,0.2130494339313093,0.25243356066120765,0.10000000000000142,-2.2099999999999973,0.011266439338792344,0.5599999999999999,0.009999999999999898,-0.010000000000000009
2020-10-01,3380.8,26.7,0.68,0.14,,0.005278935121522738,0.04050715313517418,0.1368358347050148,0.21013519780571815,0.2455890263977046,0.3299999999999983,-1.8100000000000023,0.021410973602295408,0.54,0.010000000000000009,0.0
2020-10-02,3348.44,27.63,0.7,0.13,,-0.009617802143182246,0.015038872853482413,0.16293693518881838,0.20768754088643784,0.2147611603553297,0.9299999999999997,1.25,0.0615388396446703,0.57,0.039999999999999925,0.010000000000000009
2020-10-05,3408.63,27.96,0.78,0.14,,0.01781588530117781,0.016872607280656548,0.17238229491970566,0.210632906805059,0.22378597922475577,0.33000000000000185,1.7699999999999996,0.05581402077524425,0.64,0.10999999999999999,0.0
2020-10-06,3360.95,29.48,0.76,0.14,,-0.014086778930182592,0.007610073134282897,0.20882602984817214,0.22452977222498743,0.20535769668029458,1.5199999999999996,3.210000000000001,0.08944230331970543,0.62,0.09999999999999998,0.030000000000000013
2020-10-07,3419.45,28.06,0.81,0.16,,0.01725604732087949,0.01664628667021508,0.23526478316751495,0.18629195454103945,0.2021667117316481,-1.4200000000000017,1.6899999999999977,0.07843328826835186,0.65,0.1200000000000001,0.03
2020-10-08,3446.83,26.36,0.78,0.13,,0.007975248642444218,0.019342600191136684,0.23744116394743311,0.18609957107175096,0.19208541860097436,-1.6999999999999993,-0.33999999999999986,0.07151458139902564,0.65,0.09999999999999998,-0.010000000000000009
2020-10-09,3477.13,25.0,0.79,0.16,,0.008752272809348647,0.037712675143667516,0.20535441186806977,0.17883290472425864,0.19369656848174985,-1.3599999999999994,-2.629999999999999,0.05630343151825015,0.63,0.09000000000000008,0.03
2020-10-12,3534.22,25.07,0.79,0.16,,0.01628538348497012,0.036182173327459745,0.2007668976721776,0.17934698417743142,0.19674606214133208,0.07000000000000028,-2.8900000000000006,0.053953937858667894,0.63,0.010000000000000009,0.01999999999999999
2020-10-13,3511.93,26.07,0.74,0.16,,-0.006326880453748811,0.04394207180389373,0.1499784060105729,0.18186432307115563,0.1986422357854662,1.0,-3.41,0.062057764214533795,0.58,-0.020000000000000018,0.01999999999999999
2020-10-14,3488.67,26.4,0.73,0.14,,-0.006645169155040894,0.020040855327973395,0.16057617880574748,0.18997873905122237,0.19960732853947855,0.3299999999999983,-1.6600000000000001,0.06439267146052147,0.59,-0.08000000000000007,-0.01999999999999999
2020-10-15,3483.34,26.97,0.74,0.14,,-0.0015289711398439405,0.010536635545685033,0.15995827529599982,0.19143143798052387,0.19652042228133715,0.5700000000000003,0.6099999999999994,0.07317957771866285,0.6,-0.040000000000000036,0.010000000000000009
2020-10-16,3483.81,27.41,0.76,0.14,,0.00013491886946954788,0.0019192816058062798,0.1487087752025356,0.17932724466484676,0.19052491454455392,0.4400000000000013,2.41,0.08357508545544609,0.62,-0.030000000000000027,-0.01999999999999999
2020-10-19,3426.92,29.18,0.78,0.16,,-0.016464623898632638,-0.030830725777796584,0.10273172616968175,0.18756065121046162,0.1959398844948619,1.7699999999999996,4.109999999999999,0.0958601155051381,0.62,-0.010000000000000009,0.0
2020-10-20,3443.12,29.35,0.81,0.14,,0.004716138487297713,-0.019787706836750008,0.1283602347481823,0.16938742660050574,0.19376554027366327,0.1700000000000017,3.280000000000001,0.09973445972633677,0.67,0.07000000000000006,-0.01999999999999999
2020-10-21,3435.56,28.65,0.83,0.14,,-0.0021980970313859494,-0.015340634713095137,0.12636107615543107,0.14853130570643122,0.1689899719603712,-0.7000000000000028,2.25,0.11751002803962879,0.69,0.09999999999999998,0.0
2020-10-22,3453.49,28.11,0.87,0.16,,0.005205373886326262,-0.008606289686924843,0.13985295227218578,0.1452264792042232,0.16917488822763602,-0.5399999999999991,1.1400000000000006,0.111925111772364,0.71,0.13,0.01999999999999999
2020-10-23,3465.39,27.55,0.85,0.18,,0.0034398664911297477,-0.00530134206526488,0.14450711652848608,0.13876450428080667,0.1623565816219036,-0.5599999999999987,0.14000000000000057,0.11314341837809641,0.6699999999999999,0.08999999999999997,0.03999999999999998
2020-10-26,3400.97,32.46,0.81,0.16,,-0.018764495369547173,-0.007601213536179374,0.16004007523546968,0.13260832510948692,0.1706354237017194,4.91,3.280000000000001,0.1539645762982806,0.65,0.030000000000000027,0.0
2020-10-27,3390.68,33.35,0.79,0.16,,-0.0030301938037524704,-0.015347545827229697,0.15016713001115714,0.1319102750409043,0.16997830446477757,0.8900000000000006,4.0,0.16352169553522244,0.63,-0.020000000000000018,0.01999999999999999
2020-10-28,3271.03,40.28,0.79,0.16,,-0.03592557122600889,-0.04907502002185256,0.2760056211495379,0.2100959353479649,0.21162086026199953,6.93,11.630000000000003,0.19117913973800046,0.63,-0.039999999999999925,0.01999999999999999
2020-10-29,3310.11,37.59,0.85,0.16,,0.0118765014438055,-0.04240389246437331,0.30174105056053147,0.22881614255378124,0.2156347346221156,-2.6899999999999977,9.480000000000004,0.1602652653778844,0.69,-0.020000000000000018,0.0
2020-10-30,3269.96,38.02,0.88,0.14,,-0.012203669046735501,-0.058047428002238444,0.2826392571240071,0.22929340617501168,0.21718618260259856,0.4299999999999997,10.470000000000002,0.16301381739740148,0.74,0.030000000000000027,-0.03999999999999998
2020-11-02,3310.24,37.13,0.87,0.16,,0.012242941894852779,-0.027039990737838523,0.31684131570069296,0.23886937498569175,0.2115470309057255,-0.8900000000000006,4.670000000000002,0.15975296909427453,0.71,0.05999999999999994,0.0
2020-11-03,3369.16,35.55,0.9,0.17,,0.01764276082075866,-0.006367036113327485,0.3579407867315161,0.25921236762033095,0.2163644909599019,-1.5800000000000054,2.1999999999999957,0.13913550904009808,0.73,0.10999999999999999,0.010000000000000009
2020-11-04,3443.44,29.57,0.78,0.14,,0.02180751658433598,0.0513660516970173,0.2098515955453101,0.2857922874736328,0.22168281703458342,-5.979999999999997,-10.71,0.0740171829654166,0.64,-0.010000000000000009,-0.01999999999999999
2020-11-05,3510.45,27.58,0.79,0.14,,0.019273262670013912,0.05876281292322558,0.21974857260364744,0.300973030251546,0.2302975846305386,-1.990000000000002,-10.010000000000005,0.045502415369461396,0.65,-0.05999999999999994,-0.01999999999999999
2020-11-06,3509.44,24.86,0.83,0.16,,-0.00028775379869741254,0.0706787281712638,0.13956241950189036,0.3009291428515085,0.22844513555836876,-2.719999999999999,-13.160000000000004,0.020154864441631226,0.6699999999999999,-0.050000000000000044,0.01999999999999999
2020-11-09,3550.5,25.75,0.96,0.17,,0.011631958050304203,0.07006774432671523,0.14015062916860166,0.2824016565188406,0.22473733899013462,0.8900000000000006,-11.380000000000003,0.032762661009865385,0.7899999999999999,0.08999999999999997,0.010000000000000009
2020-11-10,3545.53,24.8,0.98,0.19,,-0.0014007834839128777,0.05102420002204379,0.17091473043820382,0.2813334138966392,0.22350807693878053,-0.9499999999999993,-10.749999999999996,0.024491923061219473,0.79,0.07999999999999996,0.01999999999999999
2020-11-11,3572.66,23.45,0.98,0.19,,0.007622761226929676,0.03683944466463741,0.13643852093931447,0.1686318840470385,0.22321663396619348,-1.3500000000000014,-6.120000000000001,0.011283366033806502,0.79,0.19999999999999996,0.04999999999999999
2020-11-12,3537.01,25.35,0.88,0.17,,-0.010028678908945363,0.007537503085678134,0.13391762110480862,0.1917808567921137,0.22660289920757265,1.9000000000000021,-2.229999999999997,0.026897100792427353,0.71,0.08999999999999997,0.03
2020-11-13,3585.15,23.1,0.89,0.17,,0.013518576706374859,0.021343833590750396,0.15626225678783004,0.16224718086268602,0.23104609745396845,-2.25,-1.759999999999998,-4.6097453968441116e-05,0.72,0.06000000000000005,0.010000000000000009
2020-11-16,3626.91,22.45,0.91,0.19,,0.011580731916656505,0.021292607457102507,0.15611053611521805,0.1619334381712671,0.22355638534730968,-0.6500000000000021,-3.3000000000000007,0.0009436146526903277,0.72,-0.04999999999999993,0.01999999999999999
2020-11-17,3609.53,22.71,0.87,0.18,,-0.00480347613410369,0.01788991480691173,0.16547027824570726,0.1680064912248559,0.22504338273387273,0.26000000000000156,-2.09,0.0020566172661272697,0.69,-0.10999999999999999,-0.010000000000000009
2020-11-18,3567.79,23.84,0.88,0.16,,-0.011631213479601318,-0.0013640598996190394,0.19039916212731456,0.16873675728007065,0.23001362199765626,1.129999999999999,0.39000000000000057,0.008386378002343736,0.72,-0.09999999999999998,-0.03
2020-11-19,3581.87,23.11,0.86,0.18,,0.003938653922538716,0.012603272931864947,0.1700441157964745,0.14454618840652553,0.2298152003963808,-0.7300000000000004,-2.240000000000002,0.0012847996036192133,0.6799999999999999,-0.020000000000000018,0.009999999999999981
2020-11-20,3557.54,23.7,0.83,0.16,,-0.006815715636269892,-0.007731019410779703,0.1468896236688385,0.1510263273935747,0.2317346308659402,0.5899999999999999,0.5999999999999979,0.005265369134059783,0.6699999999999999,-0.06000000000000005,-0.010000000000000009
2020-11-23,3577.59,22.66,0.86,0.16,,0.0056200945950578216,-0.013691656732378347,0.11622553613964141,0.142344553507276,0.21956029540049962,-1.0399999999999991,0.21000000000000085,0.007039704599500374,0.7,-0.050000000000000044,-0.03
2020-11-24,3635.41,21.64,0.88,0.16,,0.016032507557285768,0.007144326959011063,0.17311050414217294,0.160658514141309,0.2235466012634767,-1.0199999999999996,-1.0700000000000003,-0.007146601263476687,0.72,0.010000000000000009,-0.01999999999999999
2020-11-25,3629.65,21.25,0.88,0.17,,-0.0015856720266289198,0.017189868411983448,0.13609781752789618,0.15908519155349835,0.1700947748950903,-0.39000000000000057,-2.59,0.04240522510490968,0.71,0.0,0.010000000000000009
2020-11-27,3638.35,20.84,0.84,0.16,,0.0023940572799516376,0.015645271769396348,0.13618155973011487,0.1453252554271509,0.1684820702701067,-0.41000000000000014,-2.2699999999999996,0.0399179297298933,0.6799999999999999,-0.020000000000000018,-0.01999999999999999
2020-11-30,3621.63,20.57,0.84,0.16,,-0.004606081438497098,0.017854905967169113,0.1265809309571504,0.13617557777689676,0.16031622909808024,-0.2699999999999996,-3.129999999999999,0.04538377090191975,0.6799999999999999,0.010000000000000009,0.0
2020-12-01,3662.45,20.77,0.92,0.17,,0.011208121636017976,0.02344293300812931,0.13798292629658934,0.1353763856940272,0.15974640379782948,0.1999999999999993,-1.8900000000000006,0.04795359620217052,0.75,0.06000000000000005,0.010000000000000009
2020-12-02,3669.01,21.17,0.95,0.16,,0.0017895485348597621,0.009199973985703346,0.09436938391670315,0.1314862883916456,0.15294557018399768,0.40000000000000213,-0.46999999999999886,0.058754429816002346,0.7899999999999999,0.06999999999999995,0.0
2020-12-03,3666.72,21.28,0.92,0.16,,-0.0006243414287024246,0.01016130458362982,0.09239705146278254,0.11029466699035434,0.13889880771489382,0.10999999999999943,0.030000000000001137,0.0739011922851062,0.76,0.040000000000000036,-0.010000000000000009
2020-12-04,3699.12,20.79,0.97,0.16,,0.008797424045414703,0.016564671349093077,0.10438236308815468,0.11439972862553867,0.12725098755544537,-0.490000000000002,-0.05000000000000071,0.08064901244455464,0.8099999999999999,0.13,0.0
2020-12-07,3691.96,21.3,0.94,0.14,,-0.0019374711787083175,0.0192332816088818,0.09269235008721431,0.10461904083961066,0.12788371181753694,0.5100000000000016,0.7300000000000004,0.08511628818246306,0.7999999999999999,0.09999999999999998,-0.01999999999999999
2020-12-08,3702.25,20.68,0.92,0.14,,0.0027832605897471193,0.010808420562610872,0.06599047387351398,0.10413603345039132,0.12331082729365382,-0.620000000000001,-0.08999999999999986,0.08348917270634616,0.78,0.0,-0.03
2020-12-09,3672.82,22.27,0.95,0.16,,-0.007980983560702697,0.0010378884670484078,0.09810313002565604,0.0917714757759992,0.1279097155240837,1.5899999999999999,1.0999999999999979,0.09479028447591631,0.7899999999999999,0.0,0.0
2020-12-10,3668.1,22.52,0.92,0.14,,-0.00128594253865602,0.00037628735709476977,0.09856792193261482,0.0915448977751925,0.12639733930355646,0.25,1.2399999999999984,0.09880266069644353,0.78,0.0,-0.01999999999999999
2020-12-11,3663.46,23.31,0.9,0.11,,-0.0012657607983834493,-0.009686897486703379,0.06132012056641418,0.09188748571085824,0.11960883683244,0.7899999999999991,2.5199999999999996,0.11349116316755997,0.79,-0.06999999999999995,-0.05
2020-12-14,3647.49,24.72,0.9,0.13,,-0.0043687962305264194,-0.012118222538521494,0.06370335065418835,0.09151166183554033,0.11294563630645872,1.4100000000000001,3.419999999999998,0.13425436369354127,0.77,-0.039999999999999925,-0.010000000000000009
2020-12-15,3694.62,22.89,0.92,0.11,,0.012838447626446777,-0.002063035501821721,0.1255022147236768,0.0969519861564381,0.1146047738753108,-1.8299999999999983,2.210000000000001,0.11429522612468919,0.81,0.0,-0.030000000000000013
2020-12-16,3701.17,22.5,0.92,0.13,,0.0017712784469306416,0.007689226505811546,0.10603901023969374,0.09694720141280008,0.11260497003378642,-0.39000000000000057,0.23000000000000043,0.11239502996621359,0.79,-0.029999999999999916,-0.03
2020-12-17,3722.48,21.93,0.94,0.13,,0.005741126947631056,0.014716295992098788,0.10598488915460226,0.09942934465892998,0.10268844381399198,-0.5700000000000003,-0.5899999999999999,0.11661155618600802,0.8099999999999999,0.019999999999999907,-0.010000000000000009
2020-12-18,3709.41,21.57,0.95,0.13,,-0.003517278505023192,0.0124647782854589,0.11261595413360873,0.09317581891992477,0.10433649599987214,-0.35999999999999943,-1.7399999999999984,0.11136350400012786,0.82,0.04999999999999993,0.020000000000000004
2020-12-21,3694.92,25.16,0.95,0.13,,-0.003913931036978114,0.012919643479007257,0.11090317091463252,0.09500191116714844,0.10165093841661015,3.59,0.4400000000000013,0.14994906158338983,0.82,0.04999999999999993,0.0
2020-12-22,3687.26,24.23,0.93,0.13,,-0.002075268484142857,-0.001994072631582376,0.06511429408818677,0.09425899817271455,0.10158031087564705,-0.9299999999999997,1.3399999999999999,0.14071968912435295,0.8,0.010000000000000009,0.020000000000000004
2020-12-23,3690.01,23.31,0.96,0.13,,0.0007455332737925254,-0.003019817804720491,0.06334373333183047,0.08427259239267876,0.08587186264389196,-0.9200000000000017,0.8099999999999987,0.147228137356108,0.83,0.039999999999999925,0.0
2020-12-24,3703.06,21.53,0.94,0.13,,0.0035303368029281483,-0.005230607949423638,0.04991270012552964,0.08493320752765066,0.08595010926457393,-1.7799999999999976,-0.3999999999999986,0.12934989073542608,0.8099999999999999,0.0,0.0
2020-12-28,3735.36,21.7,0.94,0.13,,0.008684694603369354,0.006971365158968974,0.07871444283894491,0.0920590038806552,0.0901024888313557,0.16999999999999815,0.129999999999999,0.12689751116864428,0.8099999999999999,-0.010000000000000009,0.0
2020-12-29,3727.04,23.08,0.94,0.12,,-0.0022298465500115035,0.008655449645935443,0.07219787057643354,0.0885101398677795,0.08841005794504125,1.379999999999999,-2.080000000000002,0.14238994205495872,0.82,-0.010000000000000009,-0.010000000000000009
2020-12-30,3732.04,22.77,0.93,0.12,,0.0013406481091209083,0.012071366239199225,0.06451625111537902,0.06548481875820893,0.08052913631592967,-0.3099999999999987,-1.4600000000000009,0.1471708636840703,0.81,0.0,-0.010000000000000009
2020-12-31,3756.07,22.75,0.93,0.13,,0.006418196978792083,0.01774402994419893,0.06776011136886656,0.07093040939205128,0.08281943159429365,-0.019999999999999574,-0.5599999999999987,0.14468056840570637,0.8,-0.029999999999999916,0.0
2021-01-04,3700.65,26.97,0.93,0.11,,-0.014864718123372964,-0.0006510249821022018,0.147270138354488,0.10394848839635196,0.10046374287193935,4.219999999999999,5.439999999999998,0.16923625712806065,0.8200000000000001,-0.009999999999999898,-0.020000000000000004
2021-01-05,3726.86,25.34,0.96,0.13,,0.0070575761707220575,-0.0022781434147493597,0.14147340664656982,0.10903551872959016,0.0987235698605117,-1.629999999999999,3.6400000000000006,0.1546764301394883,0.83,0.020000000000000018,0.0
2021-01-06,3748.14,25.07,1.04,0.14,,0.00569366086621762,0.0056453640014797095,0.14631344600877016,0.10888778908568698,0.10006139353310481,-0.2699999999999996,1.990000000000002,0.15063860646689517,0.9,0.10000000000000009,0.020000000000000018
2021-01-07,3803.79,22.37,1.08,0.14,,0.014738221178340893,0.019042937070699695,0.17553156334114536,0.12521958317927095,0.11160760204199763,-2.6999999999999993,-0.3999999999999986,0.11209239795800238,0.9400000000000001,0.15000000000000002,0.020000000000000018
2021-01-08,3824.68,21.56,1.13,0.14,,0.005476865536105689,0.018101605628013277,0.1747754830221073,0.12496880975962808,0.10679994059432148,-0.8100000000000023,-1.1900000000000013,0.10880005940567851,0.9899999999999999,0.19999999999999984,0.010000000000000009
2021-01-11,3799.61,24.08,1.15,0.14,,-0.006576373761664375,0.02638994998972191,0.12126118098629579,0.13498875332235796,0.11056054129782403,2.5199999999999996,-2.8900000000000006,0.13023945870217596,1.0099999999999998,0.21999999999999986,0.030000000000000013
2021-01-12,3801.19,23.33,1.15,0.14,,0.00041574571696605784,0.01974811953596591,0.12425108350999049,0.13082565323854772,0.11011013981769845,-0.75,-2.0100000000000016,0.12318986018230153,1.0099999999999998,0.18999999999999995,0.010000000000000009
2021-01-13,3809.84,22.21,1.1,0.14,,0.0022730179027713113,0.01632747657251951,0.12359761441934142,0.12893214788439797,0.10763483243568212,-1.1199999999999974,-2.8599999999999994,0.1144651675643179,0.9600000000000001,0.06000000000000005,0.0
2021-01-14,3795.54,23.25,1.15,0.16,,-0.0037605002910535887,-0.0021712448968748683,0.07604150430643321,0.13237808086513722,0.1017974316100419,1.0399999999999991,0.879999999999999,0.1307025683899581,0.9899999999999999,0.06999999999999984,0.01999999999999999
2021-01-15,3768.25,24.34,1.11,0.13,,-0.007215990506594139,-0.014864100939574715,0.06669736813261892,0.1363678955070205,0.10620447833739735,1.0899999999999999,2.780000000000001,0.13719552166260265,0.9800000000000001,-0.019999999999999796,-0.010000000000000009
2021-01-19,3798.91,23.24,1.1,0.14,,0.008103480771510008,-0.0001842464064003469,0.09297467234582876,0.11115064366451935,0.10794996616768289,-1.1000000000000014,-0.8399999999999999,0.1244500338323171,0.9600000000000001,-0.04999999999999982,0.0
2021-01-20,3851.85,21.58,1.1,0.13,,0.013839368887685784,0.013239376764319345,0.13598367058504354,0.12328247948644533,0.11559296966694409,-1.6600000000000001,-1.75,0.1002070303330559,0.9700000000000001,-0.04999999999999982,-0.010000000000000009
2021-01-21,3853.07,21.32,1.12,0.13,,0.0003166807728557909,0.011283039634403708,0.13702866162637484,0.12331267640453239,0.11373912164574224,-0.259999999999998,-0.8900000000000006,0.09946087835425776,0.9900000000000001,0.020000000000000018,-0.010000000000000009
2021-01-22,3841.47,21.91,1.1,0.13,,-0.003015127294928243,0.012028412630529148,0.13505460616770013,0.10602374524362129,0.11424404080883542,0.5899999999999999,-1.3399999999999999,0.10485595919116457,0.9700000000000001,-0.04999999999999982,-0.03
2021-01-25,3855.36,23.19,1.05,0.13,,0.003609282023548102,0.022853685160671416,0.10498636194863038,0.10420759805384505,0.11426306974987561,1.2800000000000011,-1.1499999999999986,0.11763693025012441,0.92,-0.06000000000000005,0.0
2021-01-26,3849.62,23.02,1.05,0.11,,-0.0014899457394751568,0.013260258649686312,0.10672563207123598,0.0970072275678435,0.11487102457406964,-0.1700000000000017,-0.21999999999999886,0.11532897542593035,0.9400000000000001,-0.050000000000000044,-0.030000000000000013
2021-01-27,3750.77,37.21,1.04,0.12,,-0.02601328989204868,-0.026592400130048044,0.18777909599986575,0.16832236452560373,0.14885539635391196,14.190000000000001,15.630000000000003,0.22324460364608803,0.92,-0.06000000000000005,-0.010000000000000009
2021-01-28,3787.38,30.21,1.07,0.12,,0.009713334927599454,-0.017195745975304502,0.21536729557255932,0.17672261486058619,0.152261416339444,-7.0,8.89,0.14983858366055602,0.9500000000000001,-0.050000000000000044,-0.010000000000000009
2021-01-29,3714.24,33.09,1.11,0.11,,-0.019500405967127862,-0.03368102464750403,0.24330894639298628,0.20066767638340258,0.16840164880998348,2.8800000000000026,11.180000000000003,0.16249835119001654,1.0,0.010000000000000009,-0.020000000000000004
2021-02-01,3773.86,30.24,1.09,0.11,,0.015924269140718334,-0.02136603753033393,0.2879163493095709,0.2172933284312416,0.1765684484463353,-2.850000000000005,7.049999999999997,0.1258315515536647,0.9800000000000001,0.040000000000000036,-0.020000000000000004
2021-02-02,3826.31,25.56,1.12,0.11,,0.013802541965649213,-0.006073549825209578,0.3162994069263619,0.22488573998453304,0.17334332436791217,-4.68,2.539999999999999,0.08225667563208783,1.01,0.07000000000000006,0.0
2021-02-03,3830.17,22.91,1.15,0.11,,0.0010082963259948519,0.020948036392833904,0.22893988227088582,0.2128254842184988,0.17217552366177521,-2.6499999999999986,-14.3,0.05692447633822478,1.0399999999999998,0.10999999999999988,-0.009999999999999995
2021-02-04,3871.74,21.77,1.15,0.11,,0.010794829768938023,0.022029531234172436,0.23070571807795917,0.2204052039118604,0.17480769163148763,-1.1400000000000006,-8.440000000000001,0.04289230836851238,1.0399999999999998,0.07999999999999985,-0.009999999999999995
2021-02-05,3886.83,20.87,1.19,0.09,,0.0038898969855535024,0.04541983418685399,0.10170114523815815,0.2200617340738891,0.16812564591743823,-0.8999999999999986,-12.220000000000002,0.04057435408256177,1.0999999999999999,0.07999999999999985,-0.020000000000000004
2021-02-08,3915.59,21.24,1.19,0.11,,0.007372105129886368,0.036867670176022,0.08159921215887632,0.22202962096485582,0.16891580177286894,0.36999999999999744,-9.0,0.04348419822713104,1.0799999999999998,0.09999999999999987,0.0
2021-02-09,3911.23,21.63,1.18,0.11,,-0.0011141179817578345,0.02195101022861496,0.07608847718000182,0.22189350776008177,0.1666896051895709,0.39000000000000057,-3.9299999999999997,0.04961039481042909,1.0699999999999998,0.05999999999999983,0.0
2021-02-10,3909.88,21.99,1.15,0.11,,-0.0003452195438772965,0.02059749435874275,0.08036510292393978,0.16175810967738713,0.1667739512806679,0.35999999999999943,-0.9200000000000017,0.053126048719332075,1.0399999999999998,0.0,0.0
2021-02-11,3916.38,21.25,1.16,0.11,,0.0016610747648429303,0.011463739354647862,0.05459733073737612,0.15903780600595718,0.16674607671629454,-0.7399999999999984,-0.5199999999999996,0.04575392328370545,1.0499999999999998,0.010000000000000009,0.0
2021-02-12,3934.83,19.97,1.2,0.11,,0.004699921149026049,0.012273763518120451,0.05636441996410374,0.0953161788424558,0.16599010072153714,-1.2800000000000011,-0.9000000000000021,0.03370989927846285,1.0899999999999999,0.010000000000000009,0.020000000000000004
2021-02-16,3932.59,21.46,1.3,0.13,,-0.000569437009979914,0.004332221378253962,0.03788282067442242,0.08100051776672473,0.16284772598851993,1.490000000000002,0.22000000000000242,0.05175227401148008,1.17,0.1100000000000001,0.020000000000000004
2021-02-17,3931.33,21.5,1.29,0.11,,-0.0003204508720288016,0.005125888487982922,0.035620150783849704,0.06268682387670134,0.16149204201754702,0.03999999999999915,-0.129999999999999,0.053507957982452975,1.18,0.1100000000000001,0.0
2021-02-18,3913.97,22.49,1.29,0.11,,-0.00442558686962702,0.0010455211622334107,0.05303283903936383,0.07204749549683821,0.156230553064048,0.9899999999999984,0.5,0.06866944693595198,1.18,0.14000000000000012,0.0
2021-02-19,3906.71,22.05,1.34,0.11,,-0.0018566165820490526,-0.0024721701846587185,0.05284490223042328,0.055765272092233635,0.15650992799371916,-0.4399999999999977,0.8000000000000007,0.06399007200628085,1.23,0.18000000000000016,0.0
2021-02-22,3876.5,23.45,1.37,0.11,,-0.007762902892533376,-0.014934994226218287,0.049639031702248,0.06767561597163006,0.15889042116332572,1.3999999999999986,3.4800000000000004,0.07560957883667427,1.26,0.17000000000000015,0.0
2021-02-23,3881.37,23.11,1.37,0.11,,0.0012554994192235645,-0.013110057797014803,0.05646046628923509,0.05391170107444006,0.15848961843375578,-0.33999999999999986,1.6499999999999986,0.07261038156624422,1.26,0.07000000000000006,-0.020000000000000004
2021-02-24,3925.43,21.34,1.38,0.12,,0.011287715277782164,-0.001501891647203695,0.11552267910220165,0.08135253212419957,0.16296375545932948,-1.7699999999999996,-0.16000000000000014,0.05043624454067053,1.2599999999999998,0.08999999999999986,0.009999999999999995
2021-02-25,3829.34,28.89,1.54,0.17,,-0.024783434790564104,-0.021859739568140735,0.21169527901054,0.15045512328697377,0.16029905839039388,7.550000000000001,6.400000000000002,0.1286009416096061,1.37,0.25,0.06000000000000001
2021-02-26,3811.15,27.95,1.44,0.14,,-0.004761483718072275,-0.024764606704163816,0.21052205227004941,0.14943288401655405,0.15812710448474357,-0.9400000000000013,5.899999999999999,0.1213728955152564,1.2999999999999998,0.09999999999999987,0.030000000000000013
2021-03-01,3901.82,23.35,1.45,0.13,,0.023512130081996933,0.006510426270366489,0.2873047240619619,0.1976590174083654,0.16034020723549958,-4.599999999999998,-0.09999999999999787,0.07315979276450044,1.3199999999999998,0.07999999999999985,0.020000000000000004
2021-03-02,3870.29,24.1,1.42,0.13,,-0.008113671312552936,-0.002858744461409924,0.2949969157858238,0.2009676900011607,0.15622553485674803,0.75,0.990000000000002,0.08477446514325199,1.29,0.04999999999999982,0.020000000000000004
2021-03-03,3819.72,26.67,1.47,0.14,,-0.013152318131987126,-0.027298777871179358,0.2839142648795213,0.20885435544502326,0.15682525143180065,2.5700000000000003,5.330000000000002,0.10987474856819934,1.33,0.09000000000000008,0.020000000000000018
2021-03-04,3768.47,28.57,1.54,0.14,,-0.013508037960082262,-0.016023381040697518,0.24405274274381042,0.21560378249160858,0.1637920441497885,1.8999999999999986,-0.3200000000000003,0.1219079558502115,1.4,0.0,-0.03
2021-03-05,3841.94,24.66,1.56,0.14,,0.019308363815583877,0.008046466492958593,0.28989631807725097,0.24507756489199312,0.1742477771262946,-3.91,-3.289999999999999,0.07235222287370541,1.42,0.1200000000000001,0.0
2021-03-08,3821.35,25.47,1.59,0.17,,-0.005373684030541239,-0.020839347619579625,0.2153492603424232,0.24370453169441325,0.17433517188261569,0.8099999999999987,2.1199999999999974,0.0803648281173843,1.4200000000000002,0.14000000000000012,0.04000000000000001
2021-03-09,3875.44,24.03,1.55,0.17,,0.014055441418613446,0.0013297651115865288,0.2452009975714682,0.2558274021389184,0.18003643775693537,-1.4399999999999977,-0.07000000000000028,0.060263562243064644,1.3800000000000001,0.13000000000000012,0.04000000000000001
2021-03-10,3898.81,22.56,1.53,0.16,,0.006012173623113212,0.020494256866686964,0.21501832435713622,0.250537632461779,0.18149327348231453,-1.4700000000000024,-4.110000000000003,0.04410672651768546,1.37,0.06000000000000005,0.01999999999999999
2021-03-11,3939.34,21.91,1.54,0.14,,0.010341818218279307,0.04434411304504847,0.1482937759298068,0.2155215499161763,0.18527305732592655,-0.6499999999999986,-6.66,0.033826942674073435,1.4,0.0,0.0
2021-03-12,3943.34,20.69,1.64,0.14,,0.0010148833501624158,0.02605063257962707,0.12163287998333079,0.2117404886549012,0.18522777314509736,-1.2199999999999989,-3.969999999999999,0.021672226854902638,1.5,0.07999999999999985,0.0
2021-03-15,3968.94,20.03,1.62,0.14,,0.006470976590856805,0.03789529320102515,0.07790961432599759,0.18157176424899035,0.1858858120632038,-0.6600000000000001,-5.439999999999998,0.014414187936796219,1.48,0.030000000000000027,-0.03
2021-03-16,3962.71,19.79,1.62,0.15,,-0.0015709218841469892,0.02226892989826469,0.07500167809369043,0.17449738265503967,0.185991303558115,-0.240000000000002,-4.240000000000002,0.011908696441884997,1.4700000000000002,0.07000000000000006,-0.020000000000000018
2021-03-17,3974.12,19.23,1.63,0.13,,0.002875205304977583,0.019131961580129225,0.07419738041623829,0.15165724940023786,0.18617716224821856,-0.5599999999999987,-3.3299999999999983,0.006122837751781435,1.5,0.09999999999999987,-0.03
2021-03-18,3915.46,21.58,1.71,0.16,,-0.014870520601810135,-0.00608037723996021,0.12978716311749813,0.15613998815703273,0.19342363017385386,2.349999999999998,-0.33000000000000185,0.02237636982614613,1.55,0.16999999999999993,0.01999999999999999
2021-03-19,3913.1,20.95,1.74,0.16,,-0.0006029206064693933,-0.007698181196592032,0.12853736074673677,0.13079585436511862,0.19331354944296328,-0.629999999999999,0.259999999999998,0.016186450557036713,1.58,0.10000000000000009,0.01999999999999999
2021-03-22,3940.59,18.88,1.69,0.15,,0.0070005595506540804,-0.007168598236794756,0.13065418472880352,0.12637541278824316,0.19246898607384133,-2.0700000000000003,-1.1500000000000021,-0.003668986073841335,1.54,0.06999999999999984,0.009999999999999981
2021-03-23,3910.52,20.3,1.63,0.15,,-0.007660100809949314,-0.013257777162597174,0.13800187968552421,0.12040911016754217,0.19478921275540728,1.4200000000000017,0.5100000000000016,0.008210787244592732,1.48,0.009999999999999787,0.0
2021-03-24,3889.14,21.2,1.62,0.14,,-0.005482303984823847,-0.02161528645239862,0.12940217087758477,0.12057326751532839,0.1913935652473362,0.8999999999999986,1.9699999999999989,0.0206064347526638,1.48,-0.009999999999999787,0.010000000000000009
2021-03-25,3909.52,19.81,1.63,0.14,,0.005226550815926714,-0.0015182150346616634,0.10194350967190427,0.11028913679845626,0.16917377900596983,-1.3900000000000006,-1.7699999999999996,0.028926220994030166,1.4899999999999998,-0.08000000000000007,-0.01999999999999999
2021-03-26,3974.54,18.86,1.67,0.14,,0.016494413826353246,0.015579119398160878,0.15646285801220736,0.1405007318286185,0.17619221396352464,-0.9499999999999993,-2.09,0.012407786036475354,1.5299999999999998,-0.07000000000000006,-0.01999999999999999
2021-03-29,3971.09,20.74,1.73,0.14,,-0.0008684019308247895,0.007710157916681848,0.1541095345643192,0.13697516750488306,0.15711391325619248,1.879999999999999,1.8599999999999994,0.050286086743807495,1.5899999999999999,0.040000000000000036,-0.009999999999999981
2021-03-30,3958.55,19.61,1.73,0.16,,-0.0031628196118815713,0.012207439114749648,0.1398379743357446,0.13773498623627412,0.15431304644323418,-1.129999999999999,-0.6900000000000013,0.041786953556765816,1.57,0.10000000000000009,0.010000000000000009
2021-03-31,3972.89,19.4,1.74,0.16,,0.003615992965994899,0.02130573606556845,0.12100827109440862,0.13823309267274703,0.14492649494740525,-0.21000000000000085,-1.8000000000000007,0.049073505052594724,1.58,0.11999999999999988,0.01999999999999999
2021-04-01,4019.87,17.33,1.69,0.17,,0.01175577423688851,0.02783495948653007,0.13261150860041193,0.12184950127226311,0.13665965741827954,-2.0700000000000003,-2.4800000000000004,0.03664034258172044,1.52,0.06000000000000005,0.03
2021-04-05,4077.91,17.91,1.73,0.17,,0.014335038467166317,0.025675584127343224,0.12185103757812701,0.13328418173443135,0.12987016255268122,0.5800000000000018,-0.9499999999999993,0.04922983744731879,1.56,0.06000000000000005,0.03
2021-04-06,4073.94,18.12,1.67,0.16,,-0.0009740121110818412,0.025569973947086332,0.12218070885262741,0.13447412694524405,0.1270243396651016,0.21000000000000085,-2.6199999999999974,0.0541756603348984,1.51,-0.06000000000000005,0.01999999999999999
2021-04-07,4079.95,17.16,1.68,0.16,,0.0014741432833555816,0.030206936842323354,0.10571664008238976,0.12068646825157549,0.12044456377701744,-0.9600000000000009,-2.4499999999999993,0.05115543622298256,1.52,-0.050000000000000044,0.0
2021-04-08,4097.17,16.95,1.64,0.14,,0.0042117580408072355,0.03080270191713562,0.10493727241049935,0.10795687345652585,0.1199308303926633,-0.21000000000000085,-2.4499999999999993,0.04956916960733668,1.5,-0.10000000000000009,-0.01999999999999999
2021-04-09,4128.8,16.69,1.67,0.16,,0.007690316372555687,0.02673724405280272,0.09475597121465754,0.10867300117100046,0.11797931416595343,-0.259999999999998,-0.639999999999997,0.04892068583404659,1.51,-0.020000000000000018,-0.010000000000000009
2021-04-12,4127.99,16.91,1.69,0.18,,-0.00019620215667317165,0.012206003428963245,0.05626100111861955,0.09227009172865692,0.11823894633224077,0.21999999999999886,-1.0,0.050861053667759226,1.51,-0.040000000000000036,0.009999999999999981
2021-04-13,4141.59,16.65,1.64,0.16,,0.003289166381145364,0.01646918192119038,0.047400287831905835,0.08868597965084819,0.11728158460532977,-0.26000000000000156,-1.4700000000000024,0.049218415394670215,1.48,-0.030000000000000027,0.0
2021-04-14,4124.66,16.99,1.64,0.16,,-0.004096179929697001,0.010898858708137824,0.0713287798893301,0.0909516469403028,0.11867250725629346,0.33999999999999986,-0.1700000000000017,0.05122749274370654,1.48,-0.040000000000000036,0.0
2021-04-15,4170.42,16.57,1.56,0.16,,0.011033158016154329,0.017720258683485004,0.09580953618202902,0.09722721472333483,0.12292484027247008,-0.41999999999999815,-0.379999999999999,0.04277515972752993,1.4000000000000001,-0.07999999999999985,0.01999999999999999
2021-04-16,4185.47,16.25,1.59,0.16,,0.0036022533265398387,0.013632195637469313,0.08880338397138349,0.08931022471662499,0.10460471476259846,-0.3200000000000003,-0.4400000000000013,0.05789528523740155,1.4300000000000002,-0.07999999999999985,0.0
2021-04-19,4163.26,17.29,1.61,0.16,,-0.005320582266875933,0.008507815527266554,0.10534028489691315,0.0798555318050353,0.1082371916755334,1.0399999999999991,0.379999999999999,0.0646628083244666,1.4500000000000002,-0.07999999999999985,-0.01999999999999999
2021-04-20,4134.94,18.68,1.58,0.15,,-0.006825603130708005,-0.0016069539845867144,0.11928783998599354,0.09076191124171779,0.11266235066298734,1.3900000000000006,2.030000000000001,0.07413764933701265,1.4300000000000002,-0.05999999999999983,-0.010000000000000009
2021-04-21,4173.42,17.5,1.57,0.15,,0.009263025469113548,0.011752251414223687,0.1298862712408332,0.09879906984660118,0.10854533627587926,-1.1799999999999997,0.5100000000000016,0.06645466372412073,1.4200000000000002,-0.06999999999999984,-0.010000000000000009
2021-04-22,4134.98,18.71,1.57,0.16,,-0.00925335185679316,-0.008534258458723739,0.12417050066589386,0.11341245940248046,0.11329214253027452,1.2100000000000009,2.1400000000000006,0.0738078574697255,1.4100000000000001,0.010000000000000009,0.0
2021-04-23,4180.17,17.33,1.58,0.16,,0.010869423861541933,-0.0012670879237216006,0.1514641209592641,0.11967725012018862,0.11644703314512836,-1.3800000000000026,1.0799999999999983,0.05685296685487162,1.4200000000000002,-0.010000000000000009,0.0
2021-04-26,4187.62,17.64,1.58,0.18,,0.001780637890878801,0.005834132234033036,0.14473787585006503,0.1194257824323862,0.10562307127356738,0.3100000000000023,0.3500000000000014,0.07077692872643263,1.4000000000000001,-0.030000000000000027,0.01999999999999999
2021-04-27,4186.72,17.56,1.63,0.17,,-0.00021494231269923608,0.012444793052041974,0.12843027092769788,0.11919706988607544,0.1053627017416813,-0.08000000000000185,-1.120000000000001,0.07023729825831868,1.46,0.04999999999999982,0.020000000000000018
2021-04-28,4183.18,17.28,1.63,0.17,,-0.0008458882928303167,0.0023358792900980757,0.11408957773886495,0.1163242288864354,0.10398106554805936,-0.2799999999999976,-0.21999999999999886,0.06881893445194065,1.46,0.05999999999999983,0.020000000000000018
2021-04-29,4211.47,17.61,1.65,0.16,,0.006740032543708107,0.018329263690599413,0.07949643475914908,0.10808306261660723,0.10490945579973196,0.3299999999999983,-1.1000000000000014,0.07119054420026805,1.49,0.07999999999999985,0.0
2021-04-30,4181.17,18.61,1.65,0.16,,-0.007220643718202429,0.0002391961108548356,0.07996037435007564,0.11421098491865589,0.10532588524132759,1.0,1.2800000000000011,0.0807741147586724,1.49,0.06999999999999984,0.0
2021-05-03,4192.66,18.31,1.63,0.16,,0.0027442656970409606,0.0012028239170170706,0.0815527634142449,0.11102559210774597,0.09478207842610344,-0.3000000000000007,0.6699999999999982,0.08831792157389655,1.47,0.04999999999999982,-0.01999999999999999
2021-05-04,4164.66,19.48,1.61,0.16,,-0.006700737740405456,-0.005282971510689235,0.09562008999119676,0.11079001160303886,0.09877046588409477,1.1700000000000017,1.9200000000000017,0.09602953411590523,1.4500000000000002,-0.019999999999999796,-0.010000000000000009
2021-05-05,4167.59,19.15,1.59,0.16,,0.0007032914568740223,-0.003733791760984817,0.096463923799293,0.10011952424843373,0.09876976342923276,-0.33000000000000185,1.8699999999999974,0.09273023657076722,1.4300000000000002,-0.039999999999999813,-0.010000000000000009
2021-05-06,4201.62,18.39,1.58,0.16,,0.008132234115911918,-0.0023415901887809433,0.10351950794312281,0.0936372720777091,0.1013736789249738,-0.759999999999998,0.7800000000000011,0.08252632107502621,1.4200000000000002,-0.06999999999999984,0.0
2021-05-07,4232.6,16.69,1.6,0.14,,0.007346296237811824,0.01222534976723322,0.09496053252904928,0.08515677527711324,0.10109115473188217,-1.6999999999999993,-1.9199999999999982,0.06580884526811785,1.46,-0.04999999999999982,-0.01999999999999999
2021-05-10,4188.43,19.66,1.63,0.16,,-0.010490499399026396,-0.0010094153288339762,0.1317064301393561,0.1033403635805963,0.10930354087687795,2.969999999999999,1.3500000000000014,0.08729645912312205,1.47,0.0,0.0
2021-05-11,4152.1,21.84,1.64,0.16,,-0.008711731693215893,-0.0030204092816444143,0.1385536720965879,0.11229439986980039,0.11378146892761032,2.1799999999999997,2.3599999999999994,0.10461853107238969,1.48,0.029999999999999805,0.0
2021-05-12,4063.04,27.59,1.69,0.16,,-0.021682768452684537,-0.02540646919120304,0.2019077119254549,0.1535232937747985,0.13716146728870085,5.75,8.440000000000001,0.13873853271129913,1.53,0.09999999999999987,0.0
2021-05-13,4112.5,23.13,1.66,0.16,,0.012099654192200689,-0.02143904911491421,0.2194662093203792,0.16489646187712267,0.13842334099134782,-4.460000000000001,4.739999999999998,0.09287665900865216,1.5,0.07999999999999985,0.0
2021-05-14,4173.85,18.81,1.63,0.16,,0.01480775516646066,-0.013977590186265442,0.24881536894041412,0.18288081504515646,0.14839713525189227,-4.32,2.1199999999999974,0.03970286474810772,1.47,0.029999999999999805,0.01999999999999999
2021-05-17,4163.29,19.72,1.64,0.16,,-0.00253324416940257,-0.006020334956641699,0.23955210969370008,0.1824402315359541,0.147432994909113,0.9100000000000001,0.05999999999999872,0.049767005090886995,1.48,0.010000000000000009,0.0
2021-05-18,4127.83,21.34,1.64,0.16,,-0.008553781927838235,-0.005862385191263877,0.23924267089238105,0.18437288260203682,0.14861707999316986,1.620000000000001,-0.5,0.06478292000683014,1.48,0.0,0.0
2021-05-19,4115.68,22.18,1.68,0.16,,-0.0029477755951036366,0.012872607666316906,0.16282098411954907,0.18440138547627657,0.14469798472108325,0.8399999999999999,-5.41,0.07710201527891675,1.52,-0.010000000000000009,0.0
2021-05-20,4159.12,20.67,1.63,0.15,,0.010499443868610717,0.011272397342726911,0.15722344489758106,0.1881203783087733,0.1461855261608363,-1.509999999999998,-2.4599999999999973,0.060514473839163724,1.48,-0.030000000000000027,-0.010000000000000009
2021-05-21,4155.86,20.15,1.63,0.17,,-0.0007841270013964568,-0.004319484825130171,0.11095005716436965,0.18233870887929868,0.1407526431295461,-0.5200000000000031,1.3399999999999999,0.06074735687045388,1.46,0.0,0.010000000000000009
2021-05-24,4197.05,18.4,1.61,0.15,,0.009862511119055,0.008076270463327548,0.13208640843765634,0.18388877380292115,0.1451845497731063,-1.75,-1.3200000000000003,0.0388154502268937,1.4600000000000002,-0.029999999999999805,-0.010000000000000009
2021-05-25,4188.13,18.84,1.56,0.15,,-0.002127563955626335,0.01450248843553941,0.1062743994564775,0.1778189971677436,0.14540033315843576,0.4400000000000013,-2.5,0.042999666841564255,1.4100000000000001,-0.07999999999999985,-0.010000000000000009
2021-05-26,4195.99,17.36,1.58,0.14,,0.0018749737128450623,0.019325237743488183,0.0944070857619878,0.12593769226915388,0.14550693853414737,-1.4800000000000004,-4.82,0.028093061465852637,1.44,-0.09999999999999987,-0.01999999999999999
2021-05-27,4200.88,16.74,1.61,0.14,,0.0011647198427041133,0.009990513717581506,0.07417003238360072,0.1159132964297133,0.14349124837966176,-0.620000000000001,-3.9300000000000033,0.02390875162033823,1.4700000000000002,-0.019999999999999796,-0.009999999999999981
2021-05-28,4204.11,16.76,1.58,0.14,,0.0007685910772065211,0.011543231796184376,0.07126277027554553,0.09182964909089482,0.14103337676610006,0.020000000000003126,-3.389999999999997,0.026566623233899966,1.44,-0.04999999999999982,-0.03
2021-06-01,4202.04,17.9,1.62,0.16,,-0.0004924965749694844,0.0011882241021599685,0.025036390057237894,0.09036357371296337,0.14074902117373755,1.139999999999997,-0.5,0.03825097882626244,1.4600000000000002,0.010000000000000009,0.010000000000000009
2021-06-02,4208.12,17.48,1.59,0.13,,0.0014458704850342234,0.004761658542820353,0.014333825543069171,0.07332567919639002,0.1384714467169704,-0.41999999999999815,-1.3599999999999994,0.03632855328302961,1.46,0.030000000000000027,-0.01999999999999999
2021-06-03,4192.85,18.04,1.63,0.16,,-0.003635298499241423,-0.0007486136692661163,0.03309340876775539,0.07467415576237026,0.13924910841604396,0.5599999999999987,0.6799999999999997,0.041150891583956045,1.47,0.04999999999999982,0.01999999999999999
2021-06-04,4229.89,16.42,1.56,0.14,,0.0087952943520972,0.006881960840126922,0.07275658933964826,0.06946011655738205,0.139762562110967,-1.6199999999999974,-0.31999999999999673,0.02443743788903302,1.42,-0.050000000000000044,0.0
2021-06-07,4226.52,16.42,1.57,0.16,,-0.0007970285684825064,0.005316341194437776,0.07441075025439668,0.06947299852823277,0.13731228205244325,0.0,-0.33999999999999986,0.02688771794755676,1.4100000000000001,-0.010000000000000009,0.01999999999999999
2021-06-08,4227.26,17.07,1.53,0.14,,0.00017506961427659565,0.005983907383684008,0.07367875994893894,0.052494535321825554,0.13168275816020428,0.6499999999999986,-0.8299999999999983,0.03901724183979571,1.3900000000000001,-0.09000000000000008,-0.01999999999999999
2021-06-09,4219.55,17.89,1.5,0.16,,-0.001825541746812573,0.0027124951518372274,0.07658507325807416,0.052056320548856755,0.12752342102504186,0.8200000000000003,0.41000000000000014,0.05137657897495815,1.34,-0.09000000000000008,0.03
2021-06-10,4239.18,16.1,1.45,0.14,,0.004641367023082649,0.01098916067416128,0.0704342033524211,0.055474259852632615,0.09638574140382553,-1.7899999999999991,-1.9399999999999977,0.06461425859617448,1.31,-0.17999999999999994,-0.01999999999999999
2021-06-11,4247.44,15.65,1.47,0.16,,0.001946594193743096,0.004140460515807119,0.04039535202642758,0.05566828520223812,0.08889230164089049,-0.45000000000000107,-0.7700000000000014,0.06760769835910951,1.31,-0.09000000000000008,0.01999999999999999
2021-06-14,4255.15,16.39,1.51,0.16,,0.0018135655401930488,0.006751054624482914,0.037956709408618707,0.05574002941871504,0.07403851265112543,0.7400000000000002,-0.030000000000001137,0.08986148734887459,1.35,-0.06000000000000005,0.0
2021-06-15,4246.59,17.02,1.51,0.16,,-0.0020137061101785226,0.004562278900027552,0.044791207405661386,0.057532770959039685,0.0737353215150906,0.629999999999999,-0.05000000000000071,0.09646467848490939,1.35,-0.020000000000000018,0.01999999999999999
2021-06-16,4223.7,18.15,1.57,0.21,,-0.005404786783292966,0.0009830338635471775,0.06234357931419725,0.06589836907993787,0.06902603017609298,1.129999999999999,0.259999999999998,0.11247396982390702,1.36,0.07000000000000006,0.04999999999999999
2021-06-17,4221.86,17.75,1.52,0.23,,-0.0004357319180995622,-0.0040940650776350035,0.048399399845591294,0.062313730291896095,0.06761051259385013,-0.3999999999999986,1.6499999999999986,0.10988948740614986,1.29,0.07000000000000006,0.09
2021-06-18,4166.45,20.7,1.45,0.26,,-0.013211434948255869,-0.019252094219633885,0.09295707133600427,0.07808893722793687,0.0765000506605163,2.9499999999999993,5.049999999999999,0.1304999493394837,1.19,-0.020000000000000018,0.1
2021-06-21,4224.79,17.89,1.5,0.27,,0.013905201143734752,-0.007160458616092317,0.15696886312351638,0.1101497486625835,0.09072593873458351,-2.8099999999999987,1.5,0.08817406126541649,1.23,-0.010000000000000009,0.11000000000000001
2021-06-22,4246.44,16.66,1.48,0.25,,0.005111429423335091,-3.5323082578575326e-05,0.16332713976290852,0.11316688932944076,0.08588546575673782,-1.2300000000000004,-0.35999999999999943,0.08071453424326218,1.23,-0.030000000000000027,0.09
2021-06-23,4241.84,16.32,1.5,0.26,,-0.0010838474815418405,0.004285616219172559,0.157092398450841,0.11280949122619058,0.08552742431218667,-0.33999999999999986,-1.8299999999999983,0.07767257568781334,1.24,-0.07000000000000006,0.05000000000000002
2021-06-24,4266.49,15.97,1.49,0.26,,0.005794337776572367,0.010515685913844528,0.1600604847554879,0.11412773171024553,0.0873910012068952,-0.34999999999999964,-1.7799999999999994,0.0723089987931048,1.23,-0.030000000000000027,0.03
2021-06-25,4280.7,15.62,1.54,0.28,,0.0033250724723028176,0.02705219333440339,0.08655693847480121,0.11477682518422921,0.08783505131013691,-0.3500000000000014,-5.08,0.06836494868986309,1.26,0.09000000000000008,0.020000000000000018
2021-06-28,4290.61,15.76,1.49,0.25,,0.00231236635141237,0.015459358542080855,0.04309613003943135,0.11492980277400311,0.08796567323311233,0.14000000000000057,-2.130000000000001,0.06963432676688766,1.24,-0.010000000000000009,-0.020000000000000018
2021-06-29,4291.8,16.02,1.49,0.27,,0.00027731138634168957,0.0106252405050875,0.042484684718163836,0.11391357932822226,0.08783265598874805,0.2599999999999998,-0.6400000000000006,0.07236734401125196,1.22,0.010000000000000009,0.020000000000000018
2021-06-30,4297.5,15.83,1.45,0.25,,0.001327232914611209,0.013036320901240366,0.033512522042131766,0.10808131142593688,0.08782669529289404,-0.1899999999999995,-0.4900000000000002,0.07047330470710596,1.2,-0.050000000000000044,-0.010000000000000009
2021-07-01,4319.94,15.48,1.48,0.25,,0.005208054995811113,0.012450038120479229,0.030082863508753922,0.10862352984984727,0.08717580247892132,-0.34999999999999964,-0.4900000000000002,0.06762419752107868,1.23,-0.010000000000000009,-0.010000000000000009
2021-07-02,4352.34,15.07,1.44,0.24,,0.007472118231364166,0.016597083879540477,0.046990444432718305,0.06795048570673459,0.08582178543208964,-0.41000000000000014,-0.5499999999999989,0.06487821456791036,1.2,-0.10000000000000009,-0.040000000000000036
2021-07-06,4343.54,16.44,1.37,0.22,,-0.0020239476634912454,0.012260769864636914,0.060877188034785305,0.0500122809603179,0.08635232842583303,1.370000000000001,0.6800000000000015,0.07804767157416699,1.1500000000000001,-0.11999999999999988,-0.03
2021-07-07,4358.13,16.2,1.33,0.22,,0.0033533824363036076,0.01533684091459874,0.05779265786684037,0.048464395008451795,0.0865080269768364,-0.240000000000002,0.17999999999999972,0.0754919730231636,1.11,-0.15999999999999992,-0.05000000000000002
2021-07-08,4320.82,19.0,1.3,0.19,,-0.008597867216573877,0.005411740783413733,0.10237637956732366,0.0729391156311366,0.09307706029613828,2.8000000000000007,3.17,0.09692293970386172,1.11,-0.1499999999999999,-0.06
2021-07-09,4369.55,16.18,1.37,0.23,,0.011214829918570923,0.01141851570617347,0.12418526128252255,0.08520214196365695,0.09904711271235252,-2.8200000000000003,0.6999999999999993,0.06275288728764748,1.1400000000000001,-0.10999999999999988,-0.01999999999999999
2021-07-12,4384.63,16.17,1.38,0.23,,0.0034452147239393167,0.007391612198748642,0.11664782030102606,0.08524131057655476,0.09927640736225227,-0.00999999999999801,1.1000000000000014,0.062423592637747743,1.15,-0.06000000000000005,-0.009999999999999981
2021-07-13,4369.21,17.12,1.42,0.26,,-0.003523028967647122,0.005892530894592904,0.11992288671715044,0.09029094682647554,0.10091043655776018,0.9499999999999993,0.6799999999999997,0.07028956344223984,1.16,0.04999999999999982,0.04000000000000001
2021-07-14,4374.3,16.33,1.37,0.23,,0.0011642922750682311,0.003703440733357396,0.11841932006321346,0.089977141457994,0.10014448901533202,-0.7900000000000027,0.129999999999999,0.06315551098466796,1.1400000000000001,0.040000000000000036,0.010000000000000009
2021-07-15,4360.03,17.01,1.31,0.23,,-0.003267568936996537,0.009033739012934581,0.0958288380379556,0.09368205847775758,0.09846862554734959,0.6800000000000033,-1.9899999999999984,0.07163137445265044,1.08,0.010000000000000009,0.04000000000000001
2021-07-16,4327.16,18.45,1.31,0.25,,-0.007567500391698108,-0.0097485912973343,0.06854308298219586,0.10097926252139176,0.10353671708166076,1.4399999999999977,2.2699999999999996,0.08096328291833924,1.06,-0.06000000000000005,0.01999999999999999
2021-07-19,4258.49,22.5,1.19,0.21,,-0.015996800327963308,-0.029190606349236963,0.10263047338215417,0.12031580286922397,0.10901720018334009,4.050000000000001,6.329999999999998,0.11598279981665992,0.98,-0.18999999999999995,-0.020000000000000018
2021-07-20,4323.06,19.73,1.23,0.2,,0.015048847488145101,-0.010618729893444806,0.182576439594184,0.14822381270702994,0.11085993309362287,-2.7699999999999996,2.6099999999999994,0.08644006690637714,1.03,-0.18999999999999995,-0.06
2021-07-21,4358.69,17.91,1.3,0.22,,0.008208068658883821,-0.003574953509629036,0.1968576325108064,0.15363709836329406,0.112854662011219,-1.8200000000000003,1.5800000000000018,0.066245337988781,1.08,-0.07000000000000006,-0.010000000000000009
2021-07-22,4367.48,17.69,1.27,0.2,,0.0020146302382427882,0.0017072456656101603,0.19611293424377782,0.14603137784196257,0.11252039089698147,-0.21999999999999886,0.6799999999999997,0.06437960910301853,1.07,-0.040000000000000036,-0.03
2021-07-23,4411.79,17.2,1.3,0.22,,0.010094319060166316,0.01936906511747471,0.19126306748307573,0.14394612274939217,0.11570764413741401,-0.490000000000002,-1.25,0.05629235586258598,1.08,-0.010000000000000009,-0.03
2021-07-26,4422.3,17.58,1.29,0.22,,0.0023794199422129485,0.03774528538765084,0.087134470753066,0.1435301528623006,0.11557733892765941,0.379999999999999,-4.920000000000002,0.060222661072340575,1.07,0.10000000000000009,0.010000000000000009
2021-07-27,4401.46,19.36,1.25,0.2,,-0.004723618672649374,0.017972819226856444,0.09280010074974755,0.1446776003317919,0.1177030200030116,1.7800000000000011,-0.370000000000001,0.0758969799969884,1.05,0.020000000000000018,0.0
2021-07-28,4400.64,18.31,1.26,0.2,,-0.0001863191743724431,0.009578431393600055,0.08534436841221478,0.14472435311344725,0.11776665002441826,-1.0500000000000007,0.3999999999999986,0.06533334997558173,1.06,-0.040000000000000036,-0.01999999999999999
2021-07-29,4419.15,17.7,1.28,0.2,,0.004197385011620316,0.011761186166977695,0.08689649116890927,0.14398780502171257,0.11823067838734617,-0.6099999999999994,0.00999999999999801,0.058769321612653816,1.08,0.010000000000000009,0.0
2021-07-30,4395.26,18.24,1.24,0.19,,-0.005420682382193263,-0.0037538152753817276,0.06743982520611187,0.1406304801356125,0.11969567531671324,0.5399999999999991,1.0399999999999991,0.06270432468328674,1.05,-0.06000000000000005,-0.03
2021-08-02,4387.16,19.46,1.2,0.17,,-0.0018445946098472469,-0.007977829827442055,0.061493232434795694,0.10444484817468509,0.11742101771948843,1.2200000000000024,1.8800000000000026,0.07717898228051157,1.03,-0.09000000000000008,-0.04999999999999999
2021-08-03,4423.15,18.04,1.19,0.17,,0.008170019032652822,0.004915807877860163,0.08413311706389703,0.08631801414116602,0.120174954608805,-1.4200000000000017,-1.3200000000000003,0.060225045391195,1.02,-0.06000000000000005,-0.03
2021-08-04,4402.66,17.97,1.19,0.17,,-0.00464320822964288,0.0004589188225896179,0.09346797806606914,0.08574864262870097,0.12136327101646968,-0.07000000000000028,-0.33999999999999986,0.05833672898353032,1.02,-0.07000000000000006,-0.03
2021-08-05,4429.1,17.28,1.23,0.21,,0.00598749943154757,0.002249033242517028,0.09911511844715665,0.08930556164786012,0.11784032179787138,-0.6899999999999977,-0.41999999999999815,0.05495967820212863,1.02,-0.050000000000000044,0.009999999999999981
2021-08-06,4436.52,16.15,1.31,0.21,,0.0016738821949274498,0.009343597819637867,0.08433779203823255,0.0752527865481518,0.1118400923287175,-1.1300000000000026,-2.09,0.04965990767128248,1.1,0.07000000000000006,0.01999999999999999
2021-08-09,4432.35,16.72,1.33,0.23,,-0.0009403678951865314,0.010247824534298601,0.08204269681990153,0.07484835318107515,0.1115267945693563,0.5700000000000003,-2.740000000000002,0.05567320543064369,1.1,0.13000000000000012,0.06
2021-08-10,4436.75,16.79,1.36,0.24,,0.0009922089864754615,0.00307001448812131,0.06158162665303783,0.06957694999389182,0.11049126389982136,0.07000000000000028,-1.25,0.05740873610017863,1.12,0.17000000000000015,0.06999999999999998
2021-08-11,4447.7,16.06,1.35,0.23,,0.002464982197991973,0.010178204915756052,0.040376965751521006,0.06979872261381782,0.11064964410122156,-0.7300000000000004,-1.9100000000000001,0.04995035589877843,1.12,0.16000000000000014,0.06
2021-08-12,4460.83,15.59,1.36,0.23,,0.0029477387419454388,0.007138444226153895,0.02413300591661378,0.06849758672114403,0.10979155111048207,-0.46999999999999886,-1.6900000000000013,0.04610844888951794,1.1300000000000001,0.13000000000000012,0.020000000000000018
2021-08-13,4468.0,15.45,1.29,0.23,,0.001606033834479566,0.00707059586570617,0.024094175753191963,0.05859822393884135,0.10485684397751105,-0.14000000000000057,-0.6999999999999993,0.04964315602248895,1.06,-0.020000000000000018,0.020000000000000018
2021-08-16,4479.71,16.12,1.26,0.21,,0.0026174309818667143,0.010628394742759511,0.012767670047007915,0.05535714327936679,0.08167790980167978,0.6700000000000017,-0.5999999999999979,0.07952209019832022,1.05,-0.07000000000000006,-0.020000000000000018
2021-08-17,4448.08,17.91,1.26,0.23,,-0.007085769790768185,0.002550415965515672,0.06786366026633668,0.06109909625268772,0.07413085653080594,1.7899999999999991,1.120000000000001,0.10496914346919407,1.03,-0.10000000000000009,-0.009999999999999981
2021-08-18,4400.27,21.57,1.27,0.23,,-0.010806639720144598,-0.010721205952620763,0.1010628440148445,0.08054190259026105,0.08142447012284657,3.66,5.510000000000002,0.13427552987715344,1.04,-0.08000000000000007,0.0
2021-08-19,4405.8,21.67,1.24,0.22,,0.0012559520255743905,-0.012412992668991851,0.09629391396520579,0.07382607053729029,0.08127857130233591,0.10000000000000142,6.080000000000002,0.1354214286976641,1.02,-0.1200000000000001,-0.010000000000000009
2021-08-20,4441.67,18.56,1.26,0.23,,0.008108577149077301,-0.005910449354394162,0.12146392351463518,0.08536356623638078,0.07840398621194089,-3.110000000000003,3.1099999999999994,0.1071960137880591,1.03,-0.030000000000000027,0.0
2021-08-23,4479.53,17.15,1.25,0.23,,0.008487698356534068,-4.018197972691219e-05,0.13892660040341337,0.09470579105270105,0.08335560921550064,-1.4100000000000001,1.0299999999999976,0.08814439078449934,1.02,-0.010000000000000009,0.020000000000000018
2021-08-24,4486.23,17.22,1.29,0.24,,0.0014945751943348515,0.008540163005376147,0.12393248789798225,0.09472947090370924,0.08093307161000851,0.07000000000000028,-0.6900000000000013,0.09126692838999148,1.05,0.030000000000000027,0.009999999999999981
2021-08-25,4496.19,16.79,1.35,0.23,,0.0022176660815180892,0.02156446880703883,0.058063601505377774,0.09463844289756199,0.0809337625174447,-0.4299999999999997,-4.780000000000001,0.08696623748255529,1.12,0.08000000000000007,0.0
2021-08-26,4470.0,18.84,1.34,0.25,,-0.005841962859469615,0.014466553921994703,0.0929757533299025,0.09993069093928014,0.08359686128737975,2.0500000000000007,-2.830000000000002,0.10480313871262026,1.09,0.10000000000000009,0.03
2021-08-27,4509.37,16.39,1.31,0.22,,0.008769045552897689,0.01512702232581491,0.0953964646638629,0.10881624478095557,0.08526284288715354,-2.4499999999999993,-2.169999999999998,0.07863715711284648,1.09,0.050000000000000044,-0.010000000000000009
2021-08-30,4528.79,16.19,1.29,0.2,,0.004297341469056862,0.010936665438337751,0.08427012866047053,0.1098709329942494,0.08506320116675338,-0.1999999999999993,-0.9599999999999973,0.07683679883324664,1.09,0.040000000000000036,-0.03
2021-08-31,4522.68,16.48,1.3,0.2,,-0.0013500571571324227,0.00809203308687067,0.08807717553028514,0.10136428381425137,0.08194934942225078,0.28999999999999915,-0.7399999999999984,0.08285065057774922,1.1,0.010000000000000009,-0.03999999999999998
2021-09-01,4524.09,16.11,1.31,0.2,,0.0003117134648978685,0.006186080470250181,0.08829927803937462,0.07500536791878708,0.07917397381768816,-0.370000000000001,-0.6799999999999997,0.08192602618231183,1.11,-0.040000000000000036,-0.03
2021-09-02,4536.95,16.41,1.29,0.2,,0.0028385281677768184,0.014866571497496662,0.062061700533388255,0.07452711205085356,0.07750453970764273,0.3000000000000007,-2.4299999999999997,0.08659546029235726,1.09,-0.050000000000000044,-0.04999999999999999
2021-09-03,4535.43,16.41,1.33,0.21,,-0.0003350829692366939,0.005762442975362384,0.03715731670055283,0.0700273988827465,0.07767051705247144,0.0,0.019999999999999574,0.08642948294752856,1.12,0.020000000000000018,-0.010000000000000009
2021-09-07,4520.03,18.14,1.38,0.22,,-0.003401266163481994,-0.0019361646571764532,0.03629348497277492,0.06485074518660104,0.07900866592749785,1.7300000000000004,1.9499999999999993,0.10239133407250216,1.16,0.08999999999999986,0.01999999999999999
2021-09-08,4514.07,17.96,1.35,0.22,,-0.0013194454045593487,-0.0019055529046033812,0.03624293847651647,0.06566187904863151,0.07942869277770698,-0.17999999999999972,1.4800000000000004,0.10017130722229303,1.1300000000000001,0.050000000000000044,0.01999999999999999
2021-09-09,4493.28,18.8,1.3,0.23,,-0.0046162382762889205,-0.006833504645790159,0.0459054490730935,0.06983148992131132,0.08148603332778229,0.8399999999999999,2.6900000000000013,0.10651396667221771,1.07,-0.010000000000000009,0.03
2021-09-10,4458.58,20.95,1.35,0.23,,-0.007752617623130543,-0.01742465043669761,0.04635714788256184,0.07474339754155247,0.08596891520446001,2.1499999999999986,4.539999999999999,0.12353108479553998,1.12,0.06000000000000005,0.03
2021-09-13,4468.73,19.37,1.33,0.21,,0.002273922239413449,-0.014815645228047581,0.059392905651691266,0.058026687442596,0.08616945707121432,-1.5799999999999983,2.960000000000001,0.1075305429287857,1.12,0.0,0.0
2021-09-14,4443.05,19.46,1.28,0.21,,-0.005763174377801672,-0.01717755344236727,0.06276200286343464,0.05464949172127927,0.0879208416256367,0.08999999999999986,1.3200000000000003,0.1066791583743633,1.07,-0.09999999999999987,-0.010000000000000009
2021-09-15,4480.7,18.18,1.31,0.21,,0.008438206673245678,-0.007419901364562189,0.10648647260211849,0.07555568978343036,0.08954278534551213,-1.2800000000000011,0.21999999999999886,0.09225721465448786,1.1,-0.040000000000000036,-0.010000000000000009
2021-09-16,4473.75,18.69,1.34,0.23,,-0.0015523011230354105,-0.004355964211308636,0.10297224007038246,0.07527509011418743,0.07971495099482291,0.5100000000000016,-0.10999999999999943,0.1071850490051771,1.11,0.040000000000000036,0.0
2021-09-17,4432.99,20.81,1.37,0.23,,-0.009152683146433816,-0.00575602973461195,0.10916050391935138,0.08143924263726014,0.08718606336174452,2.1199999999999974,-0.14000000000000057,0.12091393663825546,1.1400000000000001,0.020000000000000018,0.0
2021-09-20,4357.73,25.71,1.31,0.23,,-0.01712302037376946,-0.025152972347794688,0.1500250560138571,0.10895106906862051,0.10198922728916247,4.900000000000002,6.34,0.1551107727108375,1.08,-0.020000000000000018,0.020000000000000018
2021-09-21,4354.19,24.36,1.33,0.22,,-0.0008126796836591719,-0.020202477653652153,0.1525966399542815,0.11011599859060817,0.09572023592923334,-1.3500000000000014,4.899999999999999,0.14787976407076664,1.11,0.050000000000000044,0.010000000000000009
2021-09-22,4395.64,20.87,1.32,0.25,,0.009474540664091249,-0.019166143662806737,0.1580167982773669,0.12854383583697057,0.10286626084271391,-3.4899999999999984,2.6900000000000013,0.10583373915728608,1.07,0.010000000000000009,0.04000000000000001
2021-09-23,4448.98,18.63,1.41,0.27,,0.012061715863250257,-0.005552126676521154,0.19550740148691867,0.14732494746954045,0.11246292243458723,-2.240000000000002,-0.060000000000002274,0.07383707756541276,1.14,0.06999999999999984,0.04000000000000001
2021-09-24,4455.48,17.75,1.47,0.29,,0.001459942804959862,0.005060499274872533,0.1820592017146683,0.1426707967217316,0.11086205176599677,-0.879999999999999,-3.0599999999999987,0.06663794823400322,1.18,0.09999999999999987,0.05999999999999997
2021-09-27,4443.11,18.76,1.48,0.31,,-0.0027802175328761427,0.01940330211576582,0.10363384484288432,0.14260222730305794,0.105994024922509,1.0100000000000016,-6.949999999999999,0.08160597507749101,1.17,0.16999999999999993,0.07999999999999999
2021-09-28,4352.63,23.25,1.54,0.31,,-0.020574321587474437,-0.00035833978804946726,0.2052037249952422,0.17368576870674918,0.12532194422572537,4.489999999999998,-1.1099999999999994,0.10717805577427464,1.23,0.20999999999999996,0.09
2021-09-29,4359.46,22.56,1.55,0.3,,0.001567936373304978,-0.00826494407883572,0.18907420297030741,0.1652836357116188,0.12594412678762223,-0.6900000000000013,1.6899999999999977,0.09965587321237776,1.25,0.22999999999999998,0.04999999999999999
2021-09-30,4307.54,23.14,1.52,0.28,,-0.011981220973814677,-0.032307880915900575,0.15276110719256702,0.17135937977355548,0.13063327299850253,0.5800000000000018,4.510000000000002,0.10076672700149747,1.24,0.1100000000000001,0.010000000000000009
2021-10-01,4357.04,21.15,1.48,0.27,,0.011425952216359555,-0.022341871504500736,0.19567559663605455,0.18398683355203985,0.13856217482782535,-1.990000000000002,3.3999999999999986,0.07293782517217465,1.21,0.010000000000000009,-0.019999999999999962
2021-10-04,4300.46,22.96,1.49,0.27,,-0.013070933999937525,-0.032632587971562155,0.2035616018634117,0.17541825934397035,0.14378090201646127,1.8100000000000023,4.199999999999999,0.08581909798353873,1.22,0.010000000000000009,-0.03999999999999998
2021-10-05,4345.72,21.3,1.54,0.28,,0.010469458977261837,-0.0015888074068256368,0.18724425985427415,0.1852068154719427,0.15107736663558688,-1.6600000000000001,-1.9499999999999993,0.061922633364413115,1.26,0.0,-0.02999999999999997
2021-10-06,4363.55,21.0,1.53,0.3,,0.004094493547635241,0.0009377497675047385,0.1896903939488116,0.1792143894293432,0.15259944436011297,-0.3000000000000007,-1.5599999999999987,0.057400555639887024,1.23,-0.020000000000000018,0.0
2021-10-07,4399.76,19.54,1.58,0.32,,0.00826404773501655,0.021183018476335747,0.15999554517513012,0.17251160495413342,0.15613804631473877,-1.4600000000000009,-3.6000000000000014,0.039261953685261225,1.26,0.06000000000000005,0.03999999999999998
2021-10-08,4391.34,18.77,1.61,0.32,,-0.0019155742909790841,0.007841491968997224,0.149946864315532,0.17193348125823776,0.15417794479175165,-0.7699999999999996,-2.379999999999999,0.03352205520824836,1.29,0.13000000000000012,0.04999999999999999
2021-10-11,4361.19,20.0,1.61,0.32,,-0.006889463790468167,0.014022962178466547,0.11405211834864926,0.17404811048770213,0.15521411841029042,1.2300000000000004,-2.960000000000001,0.044785881589709586,1.29,0.1200000000000001,0.04999999999999999
2021-10-12,4350.65,19.85,1.59,0.35,,-0.0024196966754627294,0.0011338065257417821,0.09451377470153285,0.13990467549084884,0.1543669675787377,-0.14999999999999858,-1.4499999999999993,0.04413303242126232,1.2400000000000002,0.050000000000000044,0.06999999999999995
2021-10-13,4363.8,18.64,1.56,0.37,,0.0030179781813102643,5.7291159416824086e-05,0.09201433913791397,0.1405607309944528,0.15111260324903955,-1.2100000000000009,-2.3599999999999994,0.03528739675096046,1.19,0.030000000000000027,0.07
2021-10-14,4438.26,16.86,1.52,0.36,,0.016919170336133042,0.008712413760533265,0.14574630129994876,0.14578570194327836,0.16438107949784161,-1.7800000000000011,-2.6799999999999997,0.004218920502158385,1.1600000000000001,-0.06000000000000005,0.03999999999999998
2021-10-15,4471.37,16.3,1.59,0.41,,0.007432441620921371,0.01806042967243386,0.14607383773813581,0.14060111635824218,0.16320392476762577,-0.5599999999999987,-2.469999999999999,-0.00020392476762576273,1.1800000000000002,-0.020000000000000018,0.08999999999999997
2021-10-18,4486.46,16.31,1.59,0.44,,0.00336912271696709,0.028319016179869233,0.1143130713049151,0.1102783147395637,0.1496147220165469,0.00999999999999801,-3.6900000000000013,0.013485277983453087,1.1500000000000001,-0.020000000000000018,0.12
2021-10-19,4519.63,15.7,1.65,0.41,,0.007366160006043284,0.03810487286137514,0.08903276134774162,0.10639737382159328,0.15078229723017125,-0.6099999999999994,-4.150000000000002,0.006217702769828748,1.24,0.05999999999999983,0.06
2021-10-20,4536.19,15.49,1.65,0.4,,0.0036573205869523144,0.03874421526701726,0.08704383834175333,0.10640037679709306,0.14828147782439643,-0.20999999999999908,-3.1500000000000004,0.006618522175603575,1.25,0.08999999999999986,0.030000000000000027
2021-10-21,4549.78,15.01,1.68,0.45,,0.0029914274720985803,0.024816472402982653,0.03550150220945553,0.10357217009672841,0.14318021325585076,-0.4800000000000004,-1.8499999999999996,0.006919786744149253,1.23,0.15999999999999992,0.09000000000000002
2021-10-22,4544.9,15.43,1.66,0.48,,-0.0010731549583585973,0.016310875823702588,0.047543197553251614,0.10245260284910733,0.14338268345967908,0.41999999999999993,-0.870000000000001,0.01091731654032091,1.18,0.06999999999999984,0.07
2021-10-25,4566.48,15.24,1.64,0.47,,0.0047369422309476855,0.01767869533768328,0.048714293799462426,0.0847317969584764,0.14324137906537146,-0.1899999999999995,-1.0699999999999985,0.009158620934628547,1.17,0.04999999999999982,0.02999999999999997
2021-10-26,4574.79,15.98,1.63,0.47,,0.001818128616510003,0.012130663948150013,0.03530954616552562,0.07724118554308138,0.11748051493934646,0.7400000000000002,0.28000000000000114,0.04231948506065354,1.16,-0.020000000000000018,0.06
2021-10-27,4551.68,16.98,1.54,0.5,,-0.005064400451443849,0.0034089429097537123,0.061054194535385534,0.09230458695902197,0.12049052913169536,1.0,1.4900000000000002,0.049309470868304645,1.04,-0.10999999999999988,0.09999999999999998
2021-10-28,4596.42,16.53,1.57,0.5,,0.00978134404008955,0.010198859477744918,0.08959446625395659,0.06874647488511271,0.11101119592511907,-0.4499999999999993,1.5200000000000014,0.05428880407488093,1.07,-0.10999999999999988,0.04999999999999999
2021-10-29,4605.38,16.26,1.55,0.48,,0.00194744568057697,0.013219460116680357,0.08545322048517687,0.06539730435028769,0.10676467382329421,-0.2699999999999996,0.8300000000000018,0.05583532617670581,1.07,-0.10999999999999988,0.0
2021-11-01,4613.67,16.41,1.58,0.5,,0.0017984504334932693,0.01028096831922597,0.08344154671315415,0.06559251392926939,0.08908289562565563,0.14999999999999858,1.17,0.07501710437434436,1.08,-0.05999999999999983,0.030000000000000027
2021-11-02,4630.65,16.03,1.56,0.46,,0.003673611276116367,0.012136450978832163,0.08414482882377697,0.060835356967923845,0.08522920733495339,-0.379999999999999,0.05000000000000071,0.07507079266504661,1.1,-0.06999999999999984,-0.009999999999999953
2021-11-03,4660.57,15.1,1.6,0.47,,0.0064405112404735685,0.02364136267074973,0.053771283346271626,0.06393703736992042,0.08596841753638403,-0.9300000000000015,-1.8800000000000008,0.06503158246361597,1.1300000000000001,0.06000000000000005,-0.030000000000000027
2021-11-04,4680.06,15.44,1.53,0.41,,0.004173172106260179,0.018033190736920352,0.030097524033476618,0.06435907201123447,0.084035416297533,0.33999999999999986,-1.0900000000000016,0.07036458370246698,1.12,-0.040000000000000036,-0.09000000000000002
2021-11-05,4697.53,16.48,1.45,0.39,,0.0037259083006282606,0.019811653356971704,0.026333824346559953,0.06062453617627016,0.08194011388266269,1.040000000000001,0.21999999999999886,0.08285988611733731,1.06,-0.10000000000000009,-0.08999999999999997
2021-11-08,4701.7,17.22,1.51,0.45,,0.0008873067844048929,0.01890050970788355,0.03136453152900528,0.06115297200571732,0.07321042870040072,0.7399999999999984,0.8099999999999987,0.09898957129959927,1.06,-0.07000000000000006,-0.04999999999999999
2021-11-09,4685.25,17.78,1.46,0.41,,-0.003504869385575243,0.01172202904619173,0.060639878721901665,0.06914920777590831,0.07451483854040052,0.5600000000000023,1.75,0.1032851614595995,1.05,-0.10000000000000009,-0.050000000000000044
2021-11-10,4646.71,18.73,1.56,0.51,,-0.008259833757375561,-0.002978315951657328,0.08355631373565839,0.07982546072399616,0.08579325277147455,0.9499999999999993,3.630000000000001,0.10150674722852544,1.05,-0.040000000000000036,0.040000000000000036
2021-11-11,4649.27,17.66,1.56,0.51,,0.0005507757255752215,-0.006600712332342415,0.07393505912435436,0.06731444539489424,0.06894823139418264,-1.0700000000000003,2.2200000000000006,0.10765176860581736,1.05,0.030000000000000027,0.10000000000000003
2021-11-12,4682.85,16.29,1.58,0.53,,0.007196680911038463,-0.0031299397219323897,0.09099587980961692,0.07390539181331438,0.06872118596071353,-1.370000000000001,-0.19000000000000128,0.09417881403928646,1.05,0.13000000000000012,0.14
2021-11-15,4682.8,16.49,1.63,0.53,,-1.0677315509449458e-05,-0.004027923821846896,0.09027551287290694,0.07437261851724639,0.0690769977084176,0.1999999999999993,-0.7300000000000004,0.09582300229158239,1.0999999999999999,0.11999999999999988,0.08000000000000002
2021-11-16,4700.9,16.37,1.63,0.54,,0.0038577581225869607,0.003334703686315393,0.09152957719465654,0.07452977308432292,0.06663708544159044,-0.11999999999999744,-1.4100000000000001,0.09706291455840957,1.0899999999999999,0.16999999999999993,0.13000000000000006
2021-11-17,4688.67,17.11,1.6,0.52,,-0.002605019594335725,0.008989517849355227,0.06024047497725286,0.07153216954528643,0.0682181011566837,0.7399999999999984,-1.620000000000001,0.1028818988433163,1.08,0.040000000000000036,0.010000000000000009
2021-11-18,4704.54,17.59,1.59,0.52,,0.003379039774514253,0.01181778189829444,0.05989691369653549,0.07052580645205281,0.06833273906886136,0.4800000000000004,-0.07000000000000028,0.10756726093113864,1.07,0.030000000000000027,0.010000000000000009
2021-11-19,4697.96,17.91,1.54,0.52,,-0.0013996279870592404,0.003221473000196812,0.04557520440284135,0.06867473801481454,0.06851630122569706,0.3200000000000003,1.620000000000001,0.11058369877430295,1.02,-0.040000000000000036,-0.010000000000000009
2021-11-22,4682.94,19.17,1.63,0.63,,-0.0032022541195681504,2.9896196138152374e-05,0.05342163780683298,0.0702607043682002,0.06956910837910904,1.2600000000000016,2.6800000000000033,0.12213089162089097,0.9999999999999999,0.0,0.09999999999999998
2021-11-23,4690.7,19.38,1.67,0.6,,0.001655707232782677,-0.0021721546936660564,0.045050571033906785,0.06863192659714756,0.06955418756798519,0.2099999999999973,3.009999999999998,0.12424581243201481,1.0699999999999998,0.040000000000000036,0.05999999999999994
2021-11-24,4701.46,18.58,1.64,0.64,,0.0022912737234973743,0.002724138624167061,0.0435743061733814,0.05066202319967317,0.06547713821632724,-0.8000000000000007,1.4699999999999989,0.12032286178367275,0.9999999999999999,0.039999999999999813,0.12
2021-11-26,4594.62,28.62,1.48,0.5,,-0.022987044973283768,-0.023641946123631043,0.16589062093102674,0.1317049057468194,0.10354549744518118,10.040000000000003,11.030000000000001,0.18265450255481883,0.98,-0.1100000000000001,-0.020000000000000018
2021-11-29,4655.27,22.96,1.52,0.51,,0.013113857392683798,-0.009128460743888117,0.21029341497399998,0.1449310963914034,0.11346977561409484,-5.66,5.050000000000001,0.11613022438590516,1.01,-0.020000000000000018,-0.010000000000000009
2021-11-30,4567.0,27.19,1.43,0.52,,-0.019143376992336782,-0.025069583616656697,0.24453195076789588,0.17207058605844283,0.13304685071268815,4.23,8.02,0.13885314928731188,0.9099999999999999,-0.19999999999999996,-0.10999999999999999
2021-12-01,4513.04,31.12,1.43,0.56,,-0.011885550113429818,-0.03861084096286914,0.24012039030236323,0.1739123103287017,0.13793388141414847,3.9299999999999997,11.740000000000002,0.17326611858585156,0.8699999999999999,-0.24,-0.039999999999999925
2021-12-02,4577.1,27.95,1.44,0.63,,0.014094625715697029,-0.026807488970669466,0.2820845618374768,0.19659858422057552,0.14605735814879728,-3.1700000000000017,9.370000000000001,0.1334426418512027,0.8099999999999999,-0.19999999999999996,-0.010000000000000009
2021-12-03,4538.43,30.67,1.35,0.6,,-0.008484472537634197,-0.012304916535019951,0.24075812057410198,0.19583882108235073,0.14712882152649687,2.7200000000000024,2.0500000000000007,0.15957117847350316,0.7500000000000001,-0.1299999999999999,0.09999999999999998
2021-12-06,4591.67,27.18,1.43,0.65,,0.011662655055923081,-0.013756118871780609,0.23499517342128068,0.21037634826624493,0.1534551897879034,-3.490000000000002,4.219999999999999,0.11834481021209659,0.7799999999999999,-0.09000000000000008,0.14
2021-12-07,4686.75,21.89,1.48,0.7,,0.020495586171745628,0.02588284429230186,0.22922224558653215,0.2391600647171826,0.17160214071218205,-5.289999999999999,-5.300000000000001,0.04729785928781796,0.78,0.050000000000000044,0.17999999999999994
2021-12-08,4701.21,19.9,1.52,0.68,,0.003080543895616996,0.04084893830134853,0.17792447024421848,0.2395293672843287,0.1714913697374438,-1.990000000000002,-11.220000000000002,0.027508630262556177,0.84,0.09000000000000008,0.12
2021-12-09,4667.45,21.58,1.49,0.7,,-0.007207038387208448,0.01954727419844289,0.1965307697830896,0.2419671760383132,0.1708444802223391,1.6799999999999997,-6.370000000000001,0.04495551977766088,0.79,0.050000000000000044,0.06999999999999995
2021-12-10,4712.02,18.69,1.48,0.67,,0.009503806818878939,0.03753555355495608,0.16383394194480808,0.2112983037697327,0.17399923364695227,-2.889999999999997,-11.98,0.012900766353047738,0.8099999999999999,0.1299999999999999,0.07000000000000006
2021-12-13,4668.97,20.31,1.42,0.66,,-0.009178200213042893,0.01669469828599003,0.19447394959040817,0.2096394130392245,0.1755546445054011,1.6199999999999974,-6.870000000000001,0.027545355494598883,0.7599999999999999,-0.010000000000000009,0.010000000000000009
2021-12-14,4634.09,21.89,1.44,0.67,,-0.007498643121874399,-0.011299531007629978,0.12961966422889726,0.1862543400050317,0.1774783111055031,1.5800000000000018,0.0,0.041421688894496905,0.7699999999999999,-0.040000000000000036,-0.029999999999999916
2021-12-15,4709.85,19.29,1.47,0.69,,0.016216212899904034,0.0018361379966571514,0.18530114454707305,0.1832814743431015,0.186705720395888,-2.6000000000000014,-0.6099999999999994,0.00619427960411198,0.78,-0.050000000000000044,0.009999999999999898
2021-12-16,4668.67,20.57,1.44,0.64,,-0.008781825842753357,0.0002613505411122598,0.18964285953023752,0.18491081670858647,0.1891617367130939,1.2800000000000011,-1.009999999999998,0.016538263286906107,0.7999999999999999,-0.050000000000000044,-0.05999999999999994
2021-12-17,4620.64,21.57,1.41,0.66,,-0.010341010906645293,-0.019583467184411976,0.17938704938096645,0.18806091679641956,0.1919542145140474,1.0,2.879999999999999,0.023745785485952603,0.7499999999999999,-0.07000000000000006,-0.010000000000000009
2021-12-20,4568.02,22.87,1.43,0.65,,-0.011453373010201799,-0.021858639981570845,0.18425235435726817,0.18989250113612333,0.1955845481172918,1.3000000000000007,2.5600000000000023,0.0331154518827082,0.7799999999999999,0.010000000000000009,-0.010000000000000009
2021-12-21,4649.23,21.01,1.48,0.7,,0.01762176386180875,0.003261767002112421,0.23633845312613536,0.18134426388521155,0.2066953771074179,-1.8599999999999994,-0.879999999999999,0.0034046228925821154,0.78,0.040000000000000036,0.029999999999999916
2021-12-22,4696.56,18.63,1.46,0.68,,0.010128711352276767,-0.0028257345455148008,0.2139759306163922,0.1888669505867763,0.20995446276186677,-2.3800000000000026,-0.6600000000000001,-0.02365446276186678,0.7799999999999999,-0.010000000000000009,-0.009999999999999898
2021-12-23,4725.79,17.96,1.5,0.71,,0.006204416895324275,0.012160508192562935,0.20393535047135627,0.18672148962250773,0.2109624934639009,-0.6699999999999982,-2.6099999999999994,-0.03136249346390088,0.79,0.06000000000000005,0.06999999999999995
2021-12-27,4791.19,17.68,1.48,0.76,,0.013744072068897223,0.0362455911681053,0.17906255567210025,0.193079695687862,0.19711948863612214,-0.28000000000000114,-3.8900000000000006,-0.02031948863612215,0.72,0.07000000000000006,0.09999999999999998
2021-12-28,4786.35,17.54,1.49,0.74,,-0.0010106980314378653,0.0466882661468694,0.11380326426473439,0.18439304226946698,0.19297987946966244,-0.14000000000000057,-5.330000000000002,-0.01757987946966244,0.75,0.06000000000000005,0.08999999999999997
2021-12-29,4793.06,16.95,1.55,0.75,,0.001400921580224578,0.030467423865285077,0.09633760278176935,0.17613092233719438,0.17711633748598465,-0.5899999999999999,-4.060000000000002,-0.00761633748598467,0.8,0.07000000000000006,0.050000000000000044
2021-12-30,4778.73,17.33,1.52,0.73,,-0.002994217530076943,0.017344494982931356,0.10624583953242756,0.1628045286078456,0.17027420940057392,0.379999999999999,-1.3000000000000007,0.0030257905994260648,0.79,0.06000000000000005,0.04999999999999993
2021-12-31,4766.18,17.22,1.52,0.73,,-0.0026296753415458013,0.008510402746061253,0.11034745660014525,0.1547041979600642,0.1659324465578942,-0.10999999999999943,-0.740000000000002,0.0062675534421058055,0.79,0.020000000000000018,0.020000000000000018
2022-01-03,4796.56,16.6,1.63,0.78,,0.006353848835552744,0.0011201795127166565,0.06095948339890185,0.13912801952324474,0.16177639807853195,-0.6199999999999974,-1.0799999999999983,0.004223601921468062,0.8499999999999999,0.1499999999999999,0.020000000000000018
2022-01-04,4793.54,16.91,1.66,0.77,,-0.000629816185405453,0.0015010613587490155,0.06053192495227837,0.11446331347852505,0.15866480853741388,0.3099999999999987,-0.629999999999999,0.010435191462586119,0.8899999999999999,0.16999999999999993,0.030000000000000027
2022-01-05,4700.58,19.73,1.71,0.83,,-0.019583272775802296,-0.019483132997277972,0.1514819605984113,0.1459780566782722,0.16097027866937003,2.8200000000000003,2.780000000000001,0.03632972133062998,0.88,0.15999999999999992,0.07999999999999996
2022-01-06,4696.05,19.61,1.73,0.88,,-0.0009641755290858112,-0.017453090996286835,0.15292255984211583,0.1371163030480104,0.1606326685509178,-0.120000000000001,2.280000000000001,0.03546733144908221,0.85,0.20999999999999996,0.15000000000000002
2022-01-07,4677.03,18.76,1.76,0.87,,-0.004058436737205577,-0.018881852391946622,0.15275209814209528,0.13372754923794491,0.1591553178560036,-0.8499999999999979,1.5400000000000027,0.028444682143996425,0.89,0.24,0.14
2022-01-10,4670.29,19.4,1.78,0.92,,-0.0014421248375173315,-0.026677826065016605,0.12824014323628632,0.10547203183224924,0.1552750834343701,0.639999999999997,2.799999999999997,0.038724916565629874,0.86,0.15000000000000013,0.14
2022-01-11,4713.07,18.41,1.75,0.9,,0.009118332112991406,-0.016929677766619664,0.16436173343915159,0.12077334854862481,0.15520853723998335,-0.9899999999999984,1.5,0.028891462760016667,0.85,0.09000000000000008,0.13
2022-01-12,4726.35,17.62,1.74,0.92,,0.0028137340560308905,0.005467329065213416,0.08116322819043881,0.12194017660213895,0.1524788753817256,-0.7899999999999991,-2.1099999999999994,0.023721124618274414,0.82,0.030000000000000027,0.09000000000000008
2022-01-13,4659.03,20.31,1.7,0.91,,-0.014345962458906215,-0.00791445786460684,0.138138007951959,0.13830823441113357,0.15057012753378549,2.6899999999999977,0.6999999999999993,0.05252987246621449,0.7899999999999999,-0.030000000000000027,0.030000000000000027
2022-01-14,4662.85,19.19,1.78,0.99,,0.0008195772127140056,-0.003036443914687181,0.13696654529219862,0.1393234811921957,0.14742601761586957,-1.1199999999999974,0.4299999999999997,0.044473982384130445,0.79,0.020000000000000018,0.12
2022-01-18,4577.11,22.79,1.87,1.06,,-0.018559054584436702,-0.02015337366160662,0.187954816466789,0.1520829142117512,0.15756292031562344,3.599999999999998,3.3900000000000006,0.07033707968437655,0.81,0.09000000000000008,0.14
2022-01-19,4532.76,23.85,1.83,1.04,,-0.009736769104655738,-0.039008474879253706,0.14834521677072426,0.15215805296409207,0.1560872248851765,1.0600000000000023,5.440000000000001,0.0824127751148235,0.79,0.08000000000000007,0.14
2022-01-20,4482.73,25.59,1.83,1.08,,-0.011098789654240207,-0.052920998589524815,0.1146866559103394,0.13534883085976515,0.14503883892303104,1.7399999999999984,7.969999999999999,0.11086116107696897,0.75,0.09000000000000008,0.16000000000000003
2022-01-21,4397.94,28.85,1.75,1.01,,-0.01909598635863535,-0.057671022489254056,0.12861421700437659,0.15087998926746443,0.15010695617163797,3.2600000000000016,8.540000000000003,0.13839304382836207,0.74,0.050000000000000044,0.09999999999999998
2022-01-24,4410.13,29.9,1.75,0.99,,0.002767918007616829,-0.055722681694351274,0.14059046307511214,0.1577808644088631,0.14770203895567183,1.0499999999999972,10.709999999999997,0.15129796104432816,0.76,-0.030000000000000027,0.0
2022-01-25,4356.45,31.16,1.78,1.02,,-0.012246661962160472,-0.04941028907207507,0.12600281633621566,0.15859986756829864,0.13589947496538857,1.2600000000000016,8.370000000000001,0.17570052503461142,0.76,-0.09000000000000008,-0.040000000000000036
2022-01-26,4349.93,31.96,1.85,1.13,,-0.0014977525030699156,-0.04117127247048921,0.1394588059539476,0.13578501204379984,0.13573233602483167,0.8000000000000007,8.11,0.18386766397516832,0.7200000000000002,0.020000000000000018,0.08999999999999986
2022-01-27,4326.51,30.49,1.81,1.18,,-0.005398540617999041,-0.03547102343424799,0.13794563643141572,0.12310860235627342,0.13375688210468203,-1.4700000000000024,4.899999999999999,0.17114311789531797,0.6300000000000001,-0.020000000000000018,0.09999999999999987
2022-01-28,4431.85,27.66,1.78,1.15,,0.024055891707799003,0.007680854632186251,0.21822633811335473,0.20118628059562263,0.16922187697111649,-2.8299999999999983,-1.1900000000000013,0.10737812302888353,0.6300000000000001,0.030000000000000027,0.1399999999999999
2022-01-31,4515.55,24.83,1.79,1.18,,0.018709891511396817,0.023622828135966355,0.2508105173424258,0.2331757243679989,0.1871312128140877,-2.830000000000002,-5.07,0.06116878718591229,0.6100000000000001,0.040000000000000036,0.18999999999999995
2022-02-01,4546.54,21.96,1.81,1.18,,0.006839508503304335,0.04270899860143118,0.20112767072813417,0.22089778186549913,0.18745056142985234,-2.8699999999999974,-9.2,0.03214943857014768,0.6300000000000001,0.030000000000000027,0.15999999999999992
2022-02-02,4589.38,22.09,1.78,1.16,,0.009378434574517935,0.05358518567901889,0.18070979694052863,0.21976871007992446,0.19220609729783875,0.129999999999999,-9.870000000000001,0.02869390270216124,0.6200000000000001,-0.07000000000000006,0.030000000000000027
2022-02-03,4477.44,24.35,1.82,1.19,,-0.02469348416817584,0.034290242128842054,0.3009971520163545,0.24970033544417233,0.19907746999653822,2.2600000000000016,-6.139999999999997,0.0444225300034618,0.6300000000000001,0.010000000000000009,0.010000000000000009
2022-02-04,4500.53,23.22,1.93,1.31,,0.0051437130908578545,0.015378063511901107,0.2600856484755744,0.22670640381477536,0.2008473801932814,-1.1300000000000026,-4.440000000000001,0.03135261980671858,0.6199999999999999,0.1499999999999999,0.16000000000000014
2022-02-07,4483.87,22.86,1.92,1.3,,-0.003708654800609762,-0.00704048280010558,0.2209353270128088,0.22865970616080097,0.20080658550122207,-0.35999999999999943,-1.9699999999999989,0.027793414498777924,0.6199999999999999,0.1299999999999999,0.1200000000000001
2022-02-08,4521.54,21.44,1.96,1.35,,0.008366130962778839,-0.005513860340630923,0.22475841058644266,0.21666049329308676,0.20422754983897354,-1.4199999999999982,-0.5199999999999996,0.01017245016102647,0.6099999999999999,0.1499999999999999,0.17000000000000015
2022-02-09,4587.18,19.96,1.94,1.36,,0.014412812398356309,-0.00047948251679252673,0.24174840176807613,0.22061847112614233,0.20873426272718656,-1.4800000000000004,-2.129999999999999,-0.009134262727186565,0.5799999999999998,0.15999999999999992,0.20000000000000018
2022-02-10,4504.08,23.91,2.03,1.61,,-0.0182818035103296,0.005932198141053706,0.20159989967827094,0.24613287344013468,0.21643757348894024,3.9499999999999993,-0.4400000000000013,0.022662426511059763,0.4199999999999997,0.20999999999999974,0.42000000000000015
2022-02-11,4418.64,27.36,1.92,1.5,,-0.019151696234065794,-0.01836321118386986,0.2414081215027368,0.243214408806022,0.22058556754592962,3.4499999999999993,4.140000000000001,0.05301443245407039,0.41999999999999993,-0.010000000000000009,0.18999999999999995
2022-02-14,4401.67,28.33,1.98,1.58,,-0.003847942065319174,-0.018502498448579263,0.24141145573997314,0.21900744770889735,0.2202341256262795,0.9699999999999989,5.469999999999999,0.06306587437372049,0.3999999999999999,0.06000000000000005,0.28
2022-02-15,4471.07,25.7,2.05,1.58,,0.015643739212372925,-0.011224890198985319,0.2683536808866449,0.2335575314379504,0.22140389531337545,-2.629999999999999,4.259999999999998,0.03559610468662455,0.46999999999999975,0.08999999999999986,0.22999999999999998
2022-02-16,4475.01,24.29,2.03,1.52,,0.0008808327792157024,-0.024756869818125863,0.2298709300578988,0.2260738334737662,0.21915267598647828,-1.4100000000000001,4.329999999999998,0.023747324013521726,0.5099999999999998,0.08999999999999986,0.15999999999999992
2022-02-17,4380.26,28.11,1.97,1.49,,-0.02140050300402348,-0.027875569311819826,0.24201058533776196,0.2174726785892316,0.22852309382562944,3.8200000000000003,4.199999999999999,0.05257690617437058,0.48,-0.05999999999999983,-0.1200000000000001
2022-02-18,4348.87,27.75,1.92,1.47,,-0.007192042117620436,-0.015915915195374414,0.21288313270439882,0.2146157720627952,0.2198714834368379,-0.35999999999999943,0.39000000000000057,0.05762851656316212,0.44999999999999996,0.0,-0.030000000000000027
2022-02-22,4304.76,28.81,1.94,1.56,,-0.010194654042815754,-0.022262627172870964,0.21881722151329733,0.21730627681463613,0.2220720059893746,1.0599999999999987,0.4800000000000004,0.06602799401062537,0.3799999999999999,-0.040000000000000036,-0.020000000000000018
2022-02-23,4225.5,31.02,1.99,1.58,,-0.01858379019433392,-0.05649015657957773,0.14232794092395135,0.21620904509627842,0.22732662984232738,2.210000000000001,5.32,0.0828733701576726,0.4099999999999999,-0.05999999999999983,0.0
2022-02-24,4288.7,30.32,1.96,1.54,,0.014846059711535551,-0.042524929647258035,0.2269730989912351,0.21740527136300078,0.2346387768359562,-0.6999999999999993,6.030000000000001,0.06856122316404384,0.41999999999999993,-0.06999999999999984,0.020000000000000018
2022-02-25,4384.65,27.59,1.97,1.55,,0.022126148364756827,0.0010017217215221906,0.27618734804449024,0.24953479529462852,0.24734007467855182,-2.7300000000000004,-0.5199999999999996,0.02855992532144816,0.41999999999999993,0.0,0.06000000000000005
2022-02-28,4373.94,30.15,1.83,1.44,,-0.002445600339325641,0.0057481634998168135,0.27017377584887947,0.23215884492443808,0.23148363962135626,2.5599999999999987,2.3999999999999986,0.07001636037864373,0.3900000000000001,-0.08999999999999986,-0.030000000000000027
2022-03-01,4306.26,33.32,1.72,1.31,,-0.015594426756135317,0.00034839078649727016,0.286673572662498,0.2433868798917846,0.2253627290489797,3.1700000000000017,4.510000000000002,0.1078372709510203,0.4099999999999999,-0.21999999999999997,-0.25
2022-03-02,4386.54,30.74,1.86,1.5,,0.01847098344898933,0.0374031644298205,0.253559788362357,0.2495242852951375,0.2352348081562721,-2.580000000000002,-0.28000000000000114,0.07216519184372791,0.3600000000000001,-0.1299999999999999,-0.08000000000000007
2022-03-03,4363.49,30.48,1.86,1.53,,-0.005268565551901082,0.017288539166384044,0.25693785269083497,0.24950889490770212,0.23172994733846736,-0.259999999999998,0.16000000000000014,0.07307005266153266,0.33000000000000007,-0.09999999999999987,-0.010000000000000009
2022-03-04,4328.87,31.98,1.74,1.5,,-0.007965657901416316,-0.012803267099789142,0.2021693671622701,0.22934936363711525,0.21768585070485366,1.5,4.390000000000001,0.10211414929514637,0.24,-0.22999999999999998,-0.050000000000000044
2022-03-07,4201.09,36.45,1.78,1.55,,-0.02996252255053501,-0.04032018931099851,0.28042016971049355,0.2708011057423045,0.23781235386431535,4.470000000000002,6.300000000000004,0.1266876461356847,0.22999999999999998,-0.050000000000000044,0.1100000000000001
2022-03-08,4170.7,35.13,1.86,1.63,,-0.007260127998095252,-0.03198589055295844,0.2724490011407614,0.2691524819453627,0.2381988818636439,-1.3200000000000003,1.8100000000000023,0.1131011181363561,0.2300000000000002,0.14000000000000012,0.31999999999999984
2022-03-09,4277.88,32.45,1.94,1.68,,0.02537367234563523,-0.02508320165631252,0.31346240250743934,0.28840548887055634,0.25649738784238524,-2.6799999999999997,1.7100000000000044,0.06800261215761477,0.26,0.07999999999999985,0.17999999999999994
2022-03-10,4259.52,30.23,1.98,1.72,,-0.0043010818993905854,-0.024115718003802012,0.3134886648690289,0.2789602695496076,0.24834239379797846,-2.2200000000000024,-0.25,0.05395760620202156,0.26,0.11999999999999988,0.18999999999999995
2022-03-11,4204.31,30.75,2.0,1.75,,-0.013046288284512193,-0.02919634838689788,0.3187284401115195,0.2531168286897969,0.24493870627744874,0.5199999999999996,-1.2300000000000004,0.06256129372255126,0.25,0.26,0.25
2022-03-14,4173.11,31.77,2.14,1.87,,-0.007448628397104686,-0.0066824542334675005,0.2422863731534271,0.25339173948609384,0.2384204295040137,1.0199999999999996,-4.680000000000003,0.07927957049598627,0.27,0.3600000000000001,0.32000000000000006
2022-03-15,4262.45,29.83,2.15,1.85,,0.021182551140656723,0.021760224905284394,0.2797259067000801,0.275417665971714,0.25314339831900357,-1.9400000000000013,-5.300000000000004,0.045156601680996444,0.2999999999999998,0.2899999999999998,0.2200000000000002
2022-03-16,4357.86,26.67,2.19,1.95,,0.022136998842954763,0.01852355140260399,0.2649556904294216,0.2831881618872413,0.2599694828226912,-3.1599999999999966,-5.780000000000001,0.00673051717730877,0.24,0.25,0.27
2022-03-17,4411.67,25.67,2.2,1.94,,0.012272191404503483,0.035096824706498095,0.259474664925343,0.2888220010002819,0.26433462062786434,-1.0,-4.559999999999999,-0.007634620627864297,0.26000000000000023,0.2200000000000002,0.21999999999999997
2022-03-18,4463.12,23.87,2.14,1.97,,0.011594770446318643,0.05973788343732887,0.1887584616017471,0.2883255491667722,0.255897365890685,-1.8000000000000007,-6.879999999999999,-0.01719736589068499,0.17000000000000015,0.14000000000000012,0.21999999999999997
2022-03-21,4461.18,23.53,2.32,2.14,,-0.00043476799985616853,0.06675174383457738,0.14480269262960768,0.22474061049997301,0.2541686301048135,-0.33999999999999986,-8.239999999999998,-0.01886863010481349,0.17999999999999972,0.17999999999999972,0.27
2022-03-22,4511.61,22.94,2.38,2.18,,0.011240769260246017,0.056809961954166696,0.1270361552804421,0.2130458659547822,0.252724173197831,-0.5899999999999999,-6.889999999999997,-0.023324173197831005,0.19999999999999973,0.22999999999999998,0.33000000000000007
2022-03-23,4456.24,23.57,2.32,2.13,,-0.01234871315104348,0.022324249960168407,0.171048391232925,0.21034371393751752,0.24677436844134504,0.629999999999999,-3.1000000000000014,-0.011074368441345045,0.18999999999999995,0.1299999999999999,0.17999999999999994
2022-03-24,4520.16,21.67,2.34,2.13,,0.014242030309045384,0.02429408886471028,0.17717476492649537,0.21024134639914577,0.24638771672544849,-1.8999999999999986,-4.0,-0.029687716725448482,0.20999999999999996,0.13999999999999968,0.18999999999999995
2022-03-25,4543.06,20.81,2.48,2.3,,0.0050534023741785035,0.017752720792570106,0.1673189540163773,0.18224615668305538,0.23568911438870144,-0.860000000000003,-3.0600000000000023,-0.027589114388701458,0.18000000000000016,0.33999999999999986,0.32999999999999985
2022-03-28,4575.52,19.63,2.46,2.35,,0.007119559648821334,0.025307048441247548,0.1645553166830313,0.16175090249693103,0.23586307332784603,-1.1799999999999997,-3.900000000000002,-0.03956307332784603,0.10999999999999988,0.14000000000000012,0.20999999999999996
2022-03-29,4631.6,18.9,2.41,2.35,,0.012182027285255538,0.02624830646625715,0.1669010719375688,0.148889885807024,0.228479141406617,-0.7300000000000004,-4.040000000000003,-0.03947914140661701,0.06000000000000005,0.03000000000000025,0.16999999999999993
2022-03-30,4602.45,19.33,2.35,2.31,,-0.006313610350948985,0.03228340926635165,0.12770846577653988,0.1432819581650276,0.22403822887554492,0.4299999999999997,-4.240000000000002,-0.03073822887554495,0.040000000000000036,0.03000000000000025,0.18000000000000016
2022-03-31,4530.41,20.56,2.32,2.28,,-0.01577632727939729,0.0022650516779090086,0.17966178628855606,0.17220983221282557,0.23178109884975284,1.2300000000000004,-1.110000000000003,-0.026181098849752865,0.040000000000000036,-0.020000000000000018,0.1499999999999999
2022-04-01,4545.86,19.63,2.39,2.44,,0.003404485526057287,0.0006161348297878712,0.17736853640150924,0.1650660532065131,0.22887284587271464,-0.9299999999999997,-1.1799999999999997,-0.03257284587271464,-0.04999999999999982,-0.08999999999999986,0.14000000000000012
2022-04-04,4582.64,18.57,2.42,2.43,,0.00805832262263298,0.001554897803599543,0.1798098138842806,0.16728453309019115,0.19470983561199598,-1.0599999999999987,-1.0599999999999987,-0.009009835611995975,-0.010000000000000231,-0.040000000000000036,0.08000000000000007
2022-04-05,4525.12,21.03,2.54,2.51,,-0.012631155137050305,-0.02325828461870645,0.16201290167658614,0.17580903055677613,0.1998225474549415,2.460000000000001,2.1300000000000026,0.010477452545058524,0.03000000000000025,0.1299999999999999,0.1599999999999997
2022-04-06,4481.15,22.1,2.61,2.5,,-0.009764386222700547,-0.026709060490458004,0.16604502336497962,0.17101670404407862,0.18877692862760506,1.0700000000000003,2.770000000000003,0.03222307137239494,0.10999999999999988,0.2599999999999998,0.18999999999999995
2022-04-07,4500.21,21.55,2.66,2.47,,0.004244352439511796,-0.006688380771549011,0.14645987421936513,0.15525446511424296,0.1872317448631502,-0.5500000000000007,0.990000000000002,0.0282682551368498,0.18999999999999995,0.3400000000000003,0.1900000000000004
2022-04-08,4488.28,21.16,2.72,2.53,,-0.002654507487977465,-0.012747373785583766,0.140286941110024,0.15241040899864639,0.17906004458215724,-0.39000000000000057,1.5300000000000011,0.03253995541784277,0.1900000000000004,0.33000000000000007,0.08999999999999986
2022-04-11,4412.53,24.37,2.79,2.5,,-0.01702133376294985,-0.03782703017116655,0.13364299704035087,0.16324884645961302,0.1895741867463853,3.210000000000001,5.800000000000001,0.05412581325361471,0.29000000000000004,0.3700000000000001,0.06999999999999984
2022-04-12,4397.45,24.26,2.72,2.39,,-0.0034233936348681705,-0.02861926866898428,0.12750034115674097,0.13773659281343612,0.17765620572328505,-0.10999999999999943,3.2300000000000004,0.06494379427671496,0.33000000000000007,0.18000000000000016,-0.11999999999999966
2022-04-13,4446.59,21.82,2.7,2.37,,0.011112682823133003,-0.007742199623150657,0.16611626787355396,0.15976640955097351,0.16454594854109938,-2.4400000000000013,-0.28000000000000114,0.05365405145890062,0.33000000000000007,0.0900000000000003,-0.1299999999999999
2022-04-14,4392.59,22.7,2.83,2.47,,-0.012218479951525796,-0.024205032014188128,0.17099175394885724,0.15292950158033644,0.16527217695240345,0.879999999999999,1.1499999999999986,0.061727823047596525,0.3599999999999999,0.16999999999999993,0.0
2022-04-18,4391.69,22.17,2.85,2.46,,-0.00020491150171664794,-0.02175543602792734,0.17382596774127737,0.14967684831734251,0.15928654277344403,-0.5299999999999976,1.0100000000000016,0.062413457226555974,0.3900000000000001,0.1299999999999999,-0.06999999999999984
2022-04-19,4462.21,21.37,2.93,2.61,,0.015930040161497565,0.011195937896520097,0.17981707488076337,0.1704048967541626,0.17002359894772395,-0.8000000000000007,-3.0,0.04367640105227605,0.3200000000000003,0.14000000000000012,0.10999999999999988
2022-04-20,4459.45,20.32,2.85,2.6,,-0.0006187189576933424,0.014000612573694933,0.17529843962636435,0.1611480228809738,0.16476527647789438,-1.0500000000000007,-3.9400000000000013,0.03843472352210561,0.25,0.1299999999999999,0.20999999999999996
2022-04-21,4393.66,22.68,2.9,2.68,,-0.014862847316476122,-0.011974917565914395,0.1937253835696545,0.17027691024902872,0.16736788143625772,2.3599999999999994,0.8599999999999994,0.05943211856374228,0.21999999999999975,0.19999999999999973,0.31000000000000005
2022-04-22,4271.78,28.21,2.9,2.72,,-0.02813199052103028,-0.027888428135418863,0.26455609369940464,0.21009371591004636,0.18393686376764243,5.530000000000001,5.510000000000002,0.09816313623235759,0.17999999999999972,0.06999999999999984,0.25
2022-04-25,4296.12,27.02,2.81,2.63,,0.005681687572860796,-0.02200182906084139,0.27517528637702304,0.21698672541464709,0.18430697157626685,-1.1900000000000013,4.849999999999998,0.08589302842373314,0.18000000000000016,-0.040000000000000036,0.16999999999999993
2022-04-26,4175.2,33.52,2.77,2.54,,-0.02855002843027312,-0.06648189765261206,0.24798210530554848,0.242067516407866,0.2015436531394484,6.5000000000000036,12.150000000000002,0.13365634686055167,0.22999999999999998,-0.16000000000000014,-0.06999999999999984
2022-04-27,4183.96,31.6,2.82,2.58,,0.0020959051404105173,-0.06376727355450815,0.25729910973474335,0.24497962973518952,0.19343619045555044,-1.9200000000000017,11.280000000000001,0.12256380954444956,0.23999999999999977,-0.03000000000000025,-0.020000000000000018
2022-04-28,4287.5,29.99,2.85,2.63,,0.02444564600458133,-0.024458780233450775,0.3655560553446341,0.27660046505069,0.21985014330690122,-1.610000000000003,7.309999999999999,0.08004985669309878,0.2200000000000002,-0.04999999999999982,-0.050000000000000266
2022-04-29,4131.93,33.4,2.89,2.7,,-0.03695920232685872,-0.03328599203927917,0.4042361146249425,0.32220097618030186,0.24670049496390842,3.41,5.189999999999998,0.08729950503609155,0.18999999999999995,-0.009999999999999787,-0.020000000000000018
2022-05-02,4155.38,32.34,2.99,2.73,,0.00565927003737552,-0.033308409574764386,0.4041930345282788,0.3265297887382384,0.24779861467770445,-1.0599999999999952,5.320000000000004,0.07560138532229557,0.26000000000000023,0.18000000000000016,0.10000000000000009
2022-05-03,4175.48,29.25,2.97,2.78,,0.004825441551572873,6.706040708176443e-05,0.3570243863153798,0.31045683116213657,0.24588551677800244,-3.0900000000000034,-4.270000000000003,0.046614483221997544,0.1900000000000004,0.20000000000000018,0.23999999999999977
2022-05-04,4300.17,25.42,2.93,2.66,,0.029425235047606604,0.02739639031427783,0.4150672699835994,0.35953166834697564,0.2717436060029153,-3.8299999999999983,-6.18,-0.01754360600291527,0.27,0.11000000000000032,0.08000000000000007
2022-05-05,4146.87,31.2,3.05,2.71,,-0.0363007239912506,-0.03334997968155419,0.46162059314941933,0.39283744911592683,0.29630368944723523,5.779999999999998,1.2100000000000009,0.01569631055276477,0.33999999999999986,0.19999999999999973,0.08000000000000007
2022-05-06,4123.34,30.19,3.12,2.72,,-0.005690318260649576,-0.0020810956153450634,0.3782010110149069,0.37272416857091883,0.2947870952578048,-1.009999999999998,-3.2099999999999973,0.007112904742195225,0.3999999999999999,0.22999999999999998,0.020000000000000018
2022-05-09,3991.24,34.75,3.05,2.61,,-0.03256155498687775,-0.04030192063959834,0.4329011715972139,0.3950153648053066,0.3111365063604132,4.559999999999999,2.4099999999999966,0.0363634936395868,0.43999999999999995,0.05999999999999961,-0.1200000000000001
2022-05-10,4001.05,32.99,2.99,2.62,,0.0024548671098168664,-0.04267249508135432,0.428763052795599,0.3787770885758969,0.3095535761803773,-1.759999999999998,3.740000000000002,0.020346423819622705,0.3700000000000001,0.020000000000000018,-0.1599999999999997
2022-05-11,3935.18,32.56,2.91,2.66,,-0.016600202520523653,-0.08869793264948463,0.26545404935335276,0.381609113228905,0.3122449512893344,-0.4299999999999997,7.140000000000001,0.013355048710665618,0.25,-0.020000000000000018,0.0
2022-05-12,3930.08,31.77,2.84,2.56,,-0.0012968422441889949,-0.05369405090242287,0.22440109942208428,0.3438713436509209,0.30651449498999717,-0.7900000000000027,0.5700000000000003,0.011185505010002816,0.2799999999999998,-0.20999999999999996,-0.1499999999999999
2022-05-13,4023.89,28.87,2.93,2.61,,0.023589314531626496,-0.02441441811014675,0.33494579216413084,0.3388654176455389,0.3230563139364789,-2.8999999999999986,-1.3200000000000003,-0.034356313936478866,0.3200000000000003,-0.18999999999999995,-0.11000000000000032
2022-05-16,4008.01,27.47,2.88,2.58,,-0.003954237650276509,0.004192899226454341,0.23166049718603757,0.33568681236776554,0.322687032941175,-1.4000000000000021,-7.280000000000001,-0.04798703294117501,0.2999999999999998,-0.16999999999999993,-0.029999999999999805
2022-05-17,4088.85,26.1,2.98,2.71,,0.019968898134440815,0.02170693025107829,0.2696166120130517,0.3544275813663137,0.32638758105005644,-1.3699999999999974,-6.890000000000001,-0.06538758105005643,0.27,-0.010000000000000231,0.08999999999999986
2022-05-18,3923.68,30.96,2.89,2.68,,-0.041233767985439373,-0.002926635213837482,0.4102140721448899,0.35595801545543626,0.351102742615753,4.859999999999999,-1.6000000000000014,-0.04150274261575304,0.20999999999999996,-0.020000000000000018,0.020000000000000018
2022-05-19,3900.79,29.35,2.84,2.63,,-0.005850892213605512,-0.00748068518325405,0.41198194625344936,0.32217299082498435,0.3496760179027023,-1.6099999999999994,-2.419999999999998,-0.05617601790270227,0.20999999999999996,0.0,0.06999999999999984
2022-05-20,3901.36,29.43,2.78,2.6,,0.00014611357151915558,-0.030923886143361452,0.3511832107341133,0.3237181779721728,0.34016067293987623,0.0799999999999983,0.5599999999999987,-0.045860672939876224,0.17999999999999972,-0.15000000000000036,-0.009999999999999787
2022-05-23,3973.75,28.48,2.86,2.65,,0.018385022946529016,-0.008584625546555823,0.3933952172393521,0.3051083255945705,0.3481169925538799,-0.9499999999999993,1.0100000000000016,-0.0633169925538799,0.20999999999999996,-0.020000000000000018,0.06999999999999984
2022-05-24,3941.48,29.45,2.76,2.5,,-0.008153945948249348,-0.036707469629246044,0.34318745226696606,0.3069331235020795,0.33628949052183404,0.9699999999999989,3.349999999999998,-0.04178949052183406,0.2599999999999998,-0.2200000000000002,-0.20999999999999996
2022-05-25,3978.73,28.37,2.75,2.48,,0.009406385602538606,0.013932683958731975,0.1754126557138824,0.2987647722956446,0.338716682226213,-1.0799999999999983,-2.59,-0.055016682226212976,0.27,-0.14000000000000012,-0.20000000000000018
2022-05-26,4057.84,27.5,2.75,2.46,,0.019688139439344957,0.039471715611682556,0.1893358533386725,0.3123144536612175,0.334083516741012,-0.870000000000001,-1.8500000000000014,-0.05908351674101198,0.29000000000000004,-0.08999999999999986,-0.16999999999999993
2022-05-27,4158.24,25.72,2.74,2.47,,0.024441095491293145,0.06376669753145632,0.20464076069887766,0.31389681266443453,0.3215598402619543,-1.7800000000000011,-3.710000000000001,-0.0643598402619543,0.27,-0.03999999999999959,-0.1299999999999999
2022-05-31,4132.15,26.19,2.85,2.53,,-0.0062940551963996914,0.0390876193885276,0.2346534239680244,0.31562261349118464,0.3217254186057375,0.4700000000000024,-2.289999999999999,-0.05982541860573748,0.3200000000000003,-0.009999999999999787,-0.1200000000000001
2022-06-01,4101.23,25.69,2.94,2.66,,-0.007510923912143033,0.03973064142463388,0.23192465964158446,0.3043216277549592,0.3221086659958664,-0.5,-3.759999999999998,-0.06520866599586639,0.2799999999999998,0.18000000000000016,0.16000000000000014
2022-06-02,4176.82,24.72,2.92,2.65,,0.01826326273820275,0.04858751856029804,0.24366418974570742,0.20838838716309294,0.31039619393854234,-0.9700000000000024,-3.650000000000002,-0.06319619393854237,0.27,0.16999999999999993,0.16999999999999993
2022-06-03,4108.54,24.79,2.96,2.66,,-0.016482457202400495,0.012416921918552398,0.2826128819120996,0.23125691928276143,0.2880557970357745,0.07000000000000028,-2.710000000000001,-0.040155797035774515,0.2999999999999998,0.20999999999999996,0.20000000000000018
2022-06-06,4121.43,25.07,3.04,2.73,,0.0031324562641237242,-0.00889171730861694,0.20928583940546264,0.22991558699431777,0.2876349587840082,0.28000000000000114,-0.6499999999999986,-0.03693495878400821,0.31000000000000005,0.2999999999999998,0.2599999999999998
2022-06-07,4160.68,24.02,2.98,2.75,,0.009478331934066117,0.006880669821848997,0.21763343466450372,0.22006206513036947,0.26213906297174383,-1.0500000000000007,-2.1700000000000017,-0.021939062971743833,0.22999999999999998,0.1299999999999999,0.2200000000000002
2022-06-08,4115.77,23.96,3.03,2.78,,-0.010852585537420805,0.003539008196571207,0.2273081691436582,0.22480609689073883,0.2661117434052837,-0.05999999999999872,-1.7300000000000004,-0.0265117434052837,0.25,0.08999999999999986,0.11999999999999966
2022-06-09,4017.82,26.09,3.04,2.83,,-0.02408646993373481,-0.0388107244753663,0.21996429694006772,0.2632099140929264,0.2740416479891421,2.129999999999999,1.370000000000001,-0.01314164798914208,0.20999999999999996,0.1200000000000001,0.18000000000000016
2022-06-10,3900.86,27.75,3.15,3.06,,-0.02954242533536117,-0.051870692608326927,0.267077549643034,0.28066406336860455,0.2947906162307534,1.6600000000000001,2.960000000000001,-0.017290616230753397,0.08999999999999986,0.18999999999999995,0.3999999999999999
2022-06-13,3749.63,34.02,3.43,3.4,,-0.039539873198958186,-0.09454302207140887,0.30080572302363945,0.2832371330231227,0.31143066604764663,6.270000000000003,8.950000000000003,0.028769333952353426,0.03000000000000025,0.3900000000000001,0.6699999999999999
2022-06-14,3735.48,32.69,3.49,3.45,,-0.0037808440639954524,-0.10780219806947032,0.22785934738179858,0.28452127688931006,0.3114281384904719,-1.3300000000000054,8.669999999999998,0.015471861509528062,0.040000000000000036,0.5100000000000002,0.7000000000000002
2022-06-15,3789.99,29.62,3.33,3.2,,0.014487056184644877,-0.08246255634740458,0.34419409454709116,0.3103654289423692,0.3065132873640283,-3.0699999999999967,5.66,-0.010313287364028256,0.1299999999999999,0.30000000000000027,0.4200000000000004
2022-06-16,3666.77,32.95,3.28,3.14,,-0.033052215017083934,-0.09142830143075371,0.36207696763566405,0.2958424968871172,0.29439533388233013,3.330000000000002,6.860000000000003,0.03510466611766988,0.13999999999999968,0.23999999999999977,0.31000000000000005
2022-06-17,3674.84,31.13,3.25,3.17,,0.0021984287507105164,-0.059687447344681885,0.36994201934183835,0.30446488987298226,0.29488755976788966,-1.8200000000000038,3.379999999999999,0.016412440232110304,0.08000000000000007,0.10000000000000009,0.10999999999999988
2022-06-21,3764.79,30.19,3.31,3.21,,0.02418248850178457,0.0040349143560608905,0.3462488388461099,0.34743074870184604,0.31021557640441705,-0.9399999999999977,-3.830000000000002,-0.008315576404417047,0.10000000000000009,-0.1200000000000001,-0.18999999999999995
2022-06-22,3759.89,28.95,3.16,3.06,,-0.0013023811491289687,0.006513377270927443,0.3446231837977605,0.33533647501657654,0.30097450907282375,-1.240000000000002,-3.7399999999999984,-0.011474509072823769,0.10000000000000009,-0.33000000000000007,-0.3900000000000001
2022-06-23,3795.73,29.05,3.09,3.01,,0.0094870490606574,0.0015133701469398505,0.33424387908623254,0.3493586948048155,0.3032912037433025,0.10000000000000142,-0.5700000000000003,-0.012791203743302504,0.08000000000000007,-0.2400000000000002,-0.1900000000000004
2022-06-24,3911.74,27.23,3.13,3.04,,0.030105537080807647,0.06467112224483132,0.21754428824886077,0.38409347085462553,0.3218436112729331,-1.8200000000000003,-5.720000000000002,-0.04954361127293311,0.08999999999999986,-0.1499999999999999,-0.10000000000000009
2022-06-27,3900.11,26.95,3.2,3.08,,-0.0029775299301252065,0.05949516356399544,0.23596044877212768,0.3540387599247786,0.3125838237745773,-0.28000000000000114,-4.18,-0.04308382377457726,0.1200000000000001,-0.04999999999999982,-0.08999999999999986
2022-06-28,3821.55,28.36,3.2,3.1,,-0.020348658383248716,0.014964016678962052,0.294448894756522,0.30356468486919336,0.30264163007306805,1.4100000000000001,-1.8300000000000018,-0.019041630073068028,0.10000000000000009,-0.10999999999999988,-0.10999999999999988
2022-06-29,3818.83,28.16,3.1,3.06,,-0.0007120065009618694,0.015554391327129128,0.29393572661352513,0.3023451388964912,0.30278328936888793,-0.1999999999999993,-0.7899999999999991,-0.021183289368887914,0.040000000000000036,-0.06000000000000005,0.0
2022-06-30,3785.38,28.71,2.98,2.92,,-0.00879781483060845,-0.00273047256413667,0.2975882120439473,0.29843382212264974,0.30301880144478105,0.5500000000000007,-0.33999999999999986,-0.015918801444781028,0.06000000000000005,-0.10999999999999988,-0.08999999999999986
2022-07-01,3825.33,26.7,2.88,2.84,,0.010498459915641863,-0.022337549729302363,0.17947086265690054,0.23779497666345564,0.2966361857087229,-2.0100000000000016,-0.5300000000000011,-0.029636185708722895,0.040000000000000036,-0.25,-0.20000000000000018
2022-07-05,3831.39,27.54,2.82,2.82,,0.0015829235665797978,-0.017777096232597277,0.18470020167341744,0.2379624726040261,0.2937905066239058,0.8399999999999999,0.5899999999999999,-0.018390506623905845,0.0,-0.38000000000000034,-0.26000000000000023
2022-07-06,3845.08,26.73,2.93,2.97,,0.003566747349581468,0.0061383095002330865,0.11106987283283903,0.21031975111965912,0.29392440010038456,-0.8099999999999987,-1.629999999999999,-0.026624400100384582,-0.040000000000000036,-0.27,-0.1299999999999999
2022-07-07,3902.62,26.08,3.01,3.03,,0.014853713471199018,0.021704029472393856,0.14402701478438987,0.21845950153871646,0.29766081088058227,-0.6500000000000021,-2.080000000000002,-0.036860810880582295,-0.020000000000000018,-0.0900000000000003,-0.03000000000000025
2022-07-08,3899.38,24.64,3.09,3.12,,-0.0008305563153684295,0.029671287987633844,0.10369910806886229,0.21697563171827228,0.2963671693615938,-1.4399999999999977,-4.07,-0.04996716936159379,-0.03000000000000025,0.10999999999999988,0.20000000000000018
2022-07-11,3854.43,26.17,2.99,3.07,,-0.01159442997810581,0.007578398093886173,0.1504930021398118,0.16397317805200998,0.2875988416676535,1.5300000000000011,-0.5299999999999976,-0.02589884166765344,-0.07999999999999963,0.11000000000000032,0.22999999999999998
2022-07-12,3818.8,27.29,2.96,3.03,,-0.009286899019016758,-0.0032914244917103203,0.1688518874925119,0.1685850697599528,0.2704159195196838,1.1199999999999974,-0.25,0.0024840804803161753,-0.06999999999999984,0.14000000000000012,0.20999999999999996
2022-07-13,3801.78,26.82,2.91,3.13,,-0.004466859031662644,-0.011325030872954552,0.1657920203667979,0.13621031236444314,0.22984127483129754,-0.46999999999999886,0.08999999999999986,0.03835872516870245,-0.21999999999999975,-0.020000000000000018,0.1599999999999997
2022-07-14,3790.38,26.4,2.96,3.15,,-0.0030031001895847553,-0.0291818445337384,0.07100296402731456,0.13678571494711425,0.2296571009736648,-0.4200000000000017,0.3200000000000003,0.03434289902633522,-0.18999999999999995,-0.04999999999999982,0.1200000000000001
2022-07-15,3863.16,24.23,2.93,3.13,,0.01901922349251537,-0.009332064725854666,0.1934414984306778,0.16021799860552177,0.2337844133522234,-2.169999999999998,-0.41000000000000014,0.008515586647776602,-0.19999999999999973,-0.1599999999999997,0.009999999999999787
2022-07-18,3830.85,25.3,2.96,3.15,,-0.008398790728860633,-0.006136425476609469,0.18443782775162187,0.16034748825650127,0.20018263507437342,1.0700000000000003,-0.870000000000001,0.05281736492562658,-0.18999999999999995,-0.03000000000000025,0.08000000000000007
2022-07-19,3936.69,24.5,3.01,3.23,,0.027253558019802913,0.030404031562210044,0.2533858625079772,0.2106796123747989,0.21906453774591483,-0.8000000000000007,-2.789999999999999,0.025935462254085162,-0.2200000000000002,0.04999999999999982,0.20000000000000018
2022-07-20,3959.9,23.88,3.04,3.25,,0.005878503718335059,0.04074939431220782,0.23632495638334935,0.2112612677385217,0.20528082409099466,-0.620000000000001,-2.9400000000000013,0.03351917590900533,-0.20999999999999996,0.1299999999999999,0.1200000000000001
2022-07-21,3998.95,23.11,2.91,3.1,,0.009813054238448901,0.0535655487402414,0.21475020655797725,0.2047176896305757,0.2063203348993516,-0.7699999999999996,-3.289999999999999,0.024779665100648413,-0.18999999999999995,-0.04999999999999982,-0.04999999999999982
2022-07-22,3961.63,23.03,2.77,2.98,,-0.00937626992342271,0.025170055324303307,0.2388252377491396,0.2128709615551256,0.209395806970174,-0.0799999999999983,-1.1999999999999993,0.020904193029826018,-0.20999999999999996,-0.16000000000000014,-0.1499999999999999
2022-07-25,3966.84,23.36,2.81,3.0,,0.0013142512363463167,0.03488309728951024,0.2129618425009295,0.1999671601141623,0.18147282648443153,0.3299999999999983,-1.9400000000000013,0.052127173515568476,-0.18999999999999995,-0.1499999999999999,-0.1499999999999999
2022-07-26,3921.05,24.69,2.81,3.02,,-0.01161033289574997,-0.003980793626042624,0.14894252666136923,0.2042186884989413,0.1863153343233096,1.3300000000000018,0.19000000000000128,0.06058466567669041,-0.20999999999999996,-0.19999999999999973,-0.20999999999999996
2022-07-27,4023.61,23.24,2.78,2.96,,0.02582003453356371,0.015960737189186072,0.24289329140222457,0.22970303960274255,0.19058414322957656,-1.4500000000000028,-0.6400000000000006,0.04181585677042343,-0.18000000000000016,-0.26000000000000023,-0.29000000000000004
2022-07-28,4072.43,22.33,2.68,2.85,,0.012060363275690102,0.018208046226427438,0.24723768573473756,0.22619567562764292,0.19303820768085977,-0.9100000000000001,-0.7800000000000011,0.030261792319140196,-0.16999999999999993,-0.22999999999999998,-0.25
2022-07-29,4130.29,21.33,2.67,2.89,,0.014107749538291978,0.04169206568814191,0.22450457305617935,0.22026201721867109,0.19124765673804392,-1.0,-1.7000000000000028,0.02205234326195607,-0.2200000000000002,-0.10000000000000009,-0.08999999999999986
2022-08-01,4118.63,22.84,2.6,2.9,,-0.0028270386343186996,0.037550775817477,0.23437555958864653,0.21116553096129406,0.19142428698268685,1.5100000000000016,-0.5199999999999996,0.036975713017313144,-0.2999999999999998,-0.20999999999999996,-0.10000000000000009
2022-08-02,4091.19,23.93,2.75,3.06,,-0.006684702509967414,0.04247640620325957,0.21044705230130992,0.18864304680327976,0.19485237341174033,1.0899999999999999,-0.7600000000000016,0.04444762658825965,-0.31000000000000005,-0.06000000000000005,0.040000000000000036
2022-08-03,4155.17,21.95,2.73,3.1,,0.015517460750035557,0.03217383241973164,0.16476615907673828,0.19754165160112058,0.19964404523287033,-1.9800000000000004,-1.2899999999999991,0.019855954767129674,-0.3700000000000001,-0.04999999999999982,0.14000000000000012
2022-08-04,4151.94,21.44,2.68,3.03,,-0.0007776471390832699,0.019335822004958182,0.16234110171653832,0.19719039799330992,0.19592193162371593,-0.509999999999998,-0.889999999999997,0.018478068376284074,-0.34999999999999964,0.0,0.17999999999999972
2022-08-05,4145.19,21.15,2.83,3.24,,-0.0016270689959386672,0.0036010034707275366,0.13612509128088823,0.18627720875766293,0.196153938448908,-0.2900000000000027,-0.17999999999999972,0.015346061551092,-0.41000000000000014,0.16000000000000014,0.3500000000000001
2022-08-08,4140.06,21.29,2.77,3.21,,-0.0012383454103545306,0.00518969669469179,0.1339670761866097,0.18794406841637676,0.18921666155135056,0.14000000000000057,-1.5500000000000007,0.02368333844864942,-0.43999999999999995,0.16999999999999993,0.31000000000000005
2022-08-09,4122.47,21.77,2.8,3.28,,-0.004257782198348112,0.007616617006310986,0.12602582595303502,0.17362316987909407,0.18548822642725168,0.4800000000000004,-2.16,0.03221177357274832,-0.48,0.04999999999999982,0.21999999999999975
2022-08-10,4210.24,19.74,2.78,3.23,,0.021067154907856916,0.013166311164132513,0.16498589236607022,0.15866713277481437,0.19236445594503396,-2.030000000000001,-2.210000000000001,0.005035544054966035,-0.4500000000000002,0.04999999999999982,0.1299999999999999
2022-08-11,4207.27,20.2,2.87,3.23,,-0.0007056718966173459,0.013238286406598283,0.16489291265580822,0.15460133616643634,0.19125013493710433,0.46000000000000085,-1.240000000000002,0.010749865062895658,-0.3599999999999999,0.18999999999999995,0.20000000000000018
2022-08-12,4280.15,19.53,2.84,3.25,,0.01717407440983608,0.03203942981237315,0.18675820744489927,0.16125033169141959,0.18958897827520582,-0.6699999999999982,-1.6199999999999974,0.00571102172479418,-0.41000000000000014,0.009999999999999787,0.009999999999999787
2022-08-15,4297.14,19.95,2.79,3.2,,0.003961629423932771,0.0372394046466605,0.17672476993055308,0.15726846066770514,0.1828519475054671,0.41999999999999815,-1.3399999999999999,0.016648052494532883,-0.41000000000000014,0.020000000000000018,-0.009999999999999787
2022-08-16,4305.2,19.69,2.82,3.25,,0.0018739092755182558,0.04337109612052676,0.15518650236210604,0.14608851322388297,0.16452783122238265,-0.259999999999998,-2.0799999999999983,0.032372168777617366,-0.43000000000000016,0.020000000000000018,-0.029999999999999805
2022-08-17,4274.04,19.9,2.89,3.28,,-0.00726407864047862,0.015039862572191243,0.14246877621327952,0.1453575073217345,0.16957649377674247,0.2099999999999973,0.16000000000000014,0.029423506223257512,-0.3899999999999997,0.11000000000000032,0.04999999999999982
2022-08-18,4283.74,19.56,2.88,3.22,,0.002266944033161183,0.01801247850196959,0.13911062142026082,0.14404479699821313,0.16814711746280775,-0.33999999999999986,-0.6400000000000006,0.027452882537192247,-0.3400000000000003,0.009999999999999787,-0.009999999999999787
2022-08-19,4228.48,20.6,2.98,3.25,,-0.012983869381359623,-0.01214546528922597,0.11670471247786933,0.16438185785265227,0.17223206287296183,1.0400000000000027,1.0700000000000003,0.03376793712703818,-0.27,0.14000000000000012,0.0
2022-08-22,4137.99,23.8,3.03,3.32,,-0.021632427725287454,-0.03773952243844615,0.16132473839312542,0.20295035453985558,0.19360366546316332,3.1999999999999993,3.8500000000000014,0.044396334536836696,-0.29000000000000004,0.23999999999999977,0.11999999999999966
2022-08-23,4128.73,24.11,3.05,3.29,,-0.002240309064050325,-0.041853740778014785,0.14830574260918106,0.2020297696433839,0.18755773846152116,0.3099999999999987,4.419999999999998,0.053542261538478825,-0.2400000000000002,0.22999999999999998,0.040000000000000036
2022-08-24,4140.77,22.82,3.11,3.36,,0.002911907251337381,-0.031677754886198665,0.1692113800395959,0.16690625279658045,0.16633775018183325,-1.2899999999999991,2.9200000000000017,0.061862249818166765,-0.25,0.21999999999999975,0.08000000000000007
2022-08-25,4199.12,21.78,3.03,3.35,,0.013993218645290096,-0.019951480274069705,0.2197112803872148,0.18463749873955454,0.16810738452838717,-1.0399999999999991,2.2200000000000024,0.049692615471612855,-0.3200000000000003,0.1499999999999999,0.1299999999999999
2022-08-26,4057.66,25.56,3.04,3.37,,-0.03426852674898546,-0.04123613764169557,0.3085865507770676,0.22526737960616933,0.2039836919444265,3.7799999999999976,4.959999999999997,0.05161630805557349,-0.33000000000000007,0.06000000000000005,0.1200000000000001
2022-08-29,4030.61,26.21,3.12,3.42,,-0.006688723509263949,-0.026292433425672057,0.28509229430838473,0.21921963955700957,0.20492918240611038,0.6500000000000021,2.41,0.05717081759388962,-0.2999999999999998,0.0900000000000003,0.10000000000000009
2022-08-30,3986.16,26.21,3.11,3.46,,-0.011089367791653617,-0.035141492153275354,0.286110151375235,0.21513556861239538,0.20711170310181076,0.0,2.1000000000000014,0.05498829689818924,-0.3500000000000001,0.06000000000000005,0.16999999999999993
2022-08-31,3955.0,25.87,3.15,3.45,,-0.00784776025709875,-0.045901159661711544,0.2724293161931265,0.21512244212678247,0.19836945066081768,-0.33999999999999986,3.0500000000000007,0.060330549339182304,-0.30000000000000027,0.040000000000000036,0.0900000000000003
2022-09-01,3966.85,25.56,3.26,3.51,,0.0029917276491103818,-0.05690265065789131,0.2195336640635126,0.21609671398680683,0.1992449250760258,-0.3100000000000023,3.7799999999999976,0.05635507492397421,-0.25,0.22999999999999998,0.1599999999999997
2022-09-02,3924.26,25.47,3.2,3.4,,-0.010794530441166154,-0.03342865435007206,0.09094228901781974,0.21486966288425638,0.20149107610325287,-0.08999999999999986,-0.08999999999999986,0.05320892389674711,-0.19999999999999973,0.16000000000000014,0.029999999999999805
2022-09-06,3908.19,26.91,3.33,3.5,,-0.00410344720981454,-0.03084337805062273,0.0927705838815747,0.20001608537394797,0.2014648082125814,1.4400000000000013,0.6999999999999993,0.06763519178741861,-0.16999999999999993,0.20999999999999996,0.08000000000000007
2022-09-07,3979.87,24.64,3.27,3.45,,0.018174804228558855,-0.0015792060304103577,0.18336992215454115,0.23340954706230502,0.21473208208198719,-2.2699999999999996,-1.5700000000000003,0.03166791791801282,-0.18000000000000016,0.16000000000000014,-0.009999999999999787
2022-09-08,4006.18,23.61,3.29,3.48,,0.0065890133889801,0.012857567615668468,0.1744365365160543,0.2370158383738132,0.19996040341689697,-1.0300000000000011,-2.2600000000000016,0.036139596583103034,-0.18999999999999995,0.14000000000000012,0.029999999999999805
2022-09-09,4067.36,22.79,3.33,3.56,,0.015155971507018435,0.025021811473576655,0.19629007669675738,0.23945123752132447,0.20952919423889696,-0.8200000000000003,-2.7699999999999996,0.018370805761103032,-0.22999999999999998,0.07000000000000028,0.050000000000000266
2022-09-12,4110.41,23.87,3.37,3.58,,0.010528639881468727,0.046344981796211604,0.13783451057997295,0.17302665214073412,0.20281372944827983,1.0800000000000018,-1.5999999999999979,0.035886270551720195,-0.20999999999999996,0.16999999999999993,0.18000000000000016
2022-09-13,3932.69,27.27,3.42,3.75,,-0.04419911011958206,0.006249318886444076,0.4093688154731616,0.28663346921099025,0.2504250434472866,3.3999999999999986,0.35999999999999943,0.022274956552713387,-0.33000000000000007,0.08999999999999986,0.25
2022-09-14,3946.01,26.16,3.41,3.78,,0.003381271704881856,-0.008544213637233017,0.38349049527301643,0.283623466903078,0.250984947262853,-1.1099999999999994,1.5199999999999996,0.010615052737147024,-0.36999999999999966,0.14000000000000012,0.3299999999999996
2022-09-15,3901.35,26.27,3.45,3.87,,-0.011382294724738607,-0.0265155217509517,0.38020126702692436,0.2865485196596887,0.2520413162350727,0.10999999999999943,2.66,0.01065868376492729,-0.41999999999999993,0.16000000000000014,0.3900000000000001
2022-09-16,3873.33,26.3,3.45,3.85,,-0.007208044914246866,-0.048879538172216935,0.33482770047123556,0.2867800263718471,0.25087780182816616,0.030000000000001137,3.5100000000000016,0.012122198171833853,-0.3999999999999999,0.1200000000000001,0.29000000000000004
2022-09-19,3899.89,25.76,3.49,3.95,,0.006833745439536254,-0.05257443261414946,0.32147277336907826,0.285959526873877,0.25240810687969145,-0.5399999999999991,1.8900000000000006,0.005191893120308544,-0.45999999999999996,0.1200000000000001,0.3700000000000001
2022-09-20,3855.93,27.16,3.57,3.96,,-0.01133612455307255,-0.019711447047640038,0.13527025531950024,0.29069023274022415,0.24544249343735966,1.3999999999999986,-0.10999999999999943,0.026157506562640348,-0.3900000000000001,0.1499999999999999,0.20999999999999996
2022-09-21,3789.93,27.99,3.51,4.02,,-0.017264673789774226,-0.04035739254229598,0.14397869625680643,0.2782252632977176,0.2501445206611589,0.8299999999999983,1.8299999999999983,0.029755479338841095,-0.5099999999999998,0.09999999999999964,0.23999999999999977
2022-09-22,3757.99,27.35,3.7,4.11,,-0.00846330926893181,-0.03743840708648923,0.1412147467464128,0.2710032861785729,0.24906269082255442,-0.639999999999997,1.0800000000000018,0.024437309177445604,-0.41000000000000014,0.25,0.2400000000000002
2022-09-23,3693.23,29.92,3.69,4.2,,-0.017382826077567966,-0.04761318824981041,0.15748277202670297,0.24668514834677913,0.24239108105668702,2.5700000000000003,3.620000000000001,0.056808918943313,-0.5100000000000002,0.23999999999999977,0.3500000000000001
2022-09-26,3655.04,32.26,3.88,4.27,,-0.010394376865970473,-0.06484131055531708,0.06522611334517338,0.21964333769352481,0.2197680614753,2.3399999999999963,6.4999999999999964,0.10283193852469999,-0.3899999999999997,0.3899999999999997,0.3199999999999994
2022-09-27,3647.29,32.6,3.97,4.3,,-0.0021226109775338642,-0.0556277969797784,0.10211560081800149,0.1279800996979084,0.21996229270505838,0.3400000000000034,5.440000000000001,0.10603770729494164,-0.3299999999999996,0.40000000000000036,0.33999999999999986
2022-09-28,3719.04,30.18,3.72,4.07,,0.019481144387776417,-0.01888197880222768,0.22373314735779629,0.18097501926186058,0.23498533030467414,-2.4200000000000017,2.1900000000000013,0.06681466969532587,-0.3500000000000001,0.2100000000000004,0.05000000000000071
2022-09-29,3640.47,31.84,3.76,4.16,,-0.02135277627216209,-0.03177144580545798,0.2569859597248216,0.19571601788799667,0.24307428943830056,1.6600000000000001,4.489999999999998,0.07532571056169945,-0.40000000000000036,0.05999999999999961,0.04999999999999982
2022-09-30,3585.62,31.62,3.83,4.22,,-0.015181392276394085,-0.029570012004283937,0.2514496663786293,0.20008749455510003,0.2445543248512395,-0.21999999999999886,1.6999999999999993,0.07164567514876052,-0.3899999999999997,0.14000000000000012,0.019999999999999574
2022-10-03,3678.43,30.1,3.67,4.12,,0.02555462879740763,0.0063789936590941745,0.3287342797000399,0.25322485609618295,0.2663038766599303,-1.5199999999999996,-2.1599999999999966,0.03469612334006966,-0.4500000000000002,-0.20999999999999996,-0.14999999999999947
2022-10-04,3790.93,29.07,3.62,4.1,,0.03012534086530393,0.03862694550193175,0.3829754011398086,0.30772764266435865,0.29136085471303685,-1.0300000000000011,-3.530000000000001,-0.0006608547130368403,-0.47999999999999954,-0.3500000000000001,-0.20000000000000018
2022-10-05,3783.28,28.55,3.76,4.15,,-0.0020200133350643033,0.01712578777909098,0.37164769747832854,0.29540695513430204,0.28191796050536677,-0.5199999999999996,-1.629999999999999,0.00358203949463326,-0.39000000000000057,0.03999999999999959,0.08000000000000007
2022-10-06,3744.52,30.52,3.83,4.23,,-0.010297920383574249,0.028180643667678813,0.3313124046333855,0.29698745732024284,0.28104220392417856,1.9699999999999989,-1.3200000000000003,0.024157796075821414,-0.40000000000000036,0.07000000000000028,0.07000000000000028
2022-10-07,3639.66,31.36,3.89,4.3,,-0.028403167167490584,0.0149588687765822,0.3914836124406557,0.319011060233318,0.2854426341935096,0.8399999999999999,-0.26000000000000156,0.028157365806490364,-0.4099999999999997,0.06000000000000005,0.08000000000000007
2022-10-10,3612.39,32.45,3.89,4.3,,-0.00752066754461965,-0.018116427565445008,0.33817947540428367,0.31707815082840796,0.2790728398924374,1.0900000000000034,2.3500000000000014,0.04542716010756259,-0.4099999999999997,0.2200000000000002,0.17999999999999972
2022-10-11,3588.84,33.63,3.93,4.3,,-0.006540572639369859,-0.05478234107011877,0.1618861413136575,0.31822189182350163,0.24093360921764004,1.1799999999999997,4.560000000000002,0.09536639078236,-0.36999999999999966,0.31000000000000005,0.20000000000000018
2022-10-12,3577.03,33.57,3.91,4.28,,-0.0032961833504644216,-0.05605851108551891,0.157645950734472,0.2956850343079697,0.23916852783429488,-0.060000000000002274,5.02,0.09653147216570512,-0.3700000000000001,0.15000000000000036,0.1299999999999999
2022-10-13,3669.91,31.94,3.97,4.47,,0.02563429144689717,-0.020126299255047463,0.3066952839168586,0.31164890449806365,0.2609786361419274,-1.629999999999999,1.4200000000000017,0.05842136385807262,-0.49999999999999956,0.14000000000000012,0.23999999999999932
2022-10-14,3583.07,32.02,4.0,4.48,,-0.023947163771951822,-0.015670295859508774,0.28526409713864276,0.32696948005832804,0.2710778060438134,0.08000000000000185,0.6600000000000037,0.049122193956186666,-0.4800000000000004,0.10999999999999988,0.1800000000000006
2022-10-17,3677.95,31.37,4.02,4.45,,0.02613555691190645,0.01798592859701731,0.34621316085934173,0.3282547825468399,0.28925849325391995,-0.6500000000000021,-1.0800000000000018,0.02444150674608009,-0.4300000000000006,0.12999999999999945,0.15000000000000036
2022-10-18,3719.98,30.5,4.01,4.43,,0.011362760181543908,0.03588926141793109,0.3363766837655818,0.29147199977309507,0.2917204116642332,-0.870000000000001,-3.1300000000000026,0.013279588335766812,-0.41999999999999993,0.07999999999999963,0.1299999999999999
2022-10-19,3695.16,30.76,4.14,4.55,,-0.006694436704711702,0.03249100806368382,0.343825639957119,0.2924735321181078,0.2866548047972974,0.26000000000000156,-2.8099999999999987,0.02094519520270266,-0.41000000000000014,0.22999999999999954,0.2699999999999996
2022-10-20,3665.78,29.98,4.24,4.62,,-0.007982718516093059,-0.001126001899306441,0.3067861087622599,0.29094030307405566,0.286499801370735,-0.7800000000000011,-1.9600000000000009,0.013300198629265014,-0.3799999999999999,0.27,0.15000000000000036
2022-10-21,3752.75,29.69,4.21,4.49,,0.02344776785243657,0.04626892972508202,0.2562582692860314,0.2758531428856185,0.2925856202733697,-0.28999999999999915,-2.330000000000002,0.004314379726630291,-0.28000000000000025,0.20999999999999996,0.009999999999999787
2022-10-24,3797.34,29.85,4.25,4.5,,0.011811917059798283,0.031945289872973924,0.2134030010091901,0.2721372491352359,0.2919348531093349,0.16000000000000014,-1.5199999999999996,0.006565146890665063,-0.25,0.23000000000000043,0.04999999999999982
2022-10-25,3859.11,28.46,4.1,4.42,,0.01613576532526921,0.03671829501669931,0.22289057889338543,0.2690178131316611,0.29575910029410774,-1.3900000000000006,-2.039999999999999,-0.011159100294107716,-0.3200000000000003,0.08999999999999986,-0.009999999999999787
2022-10-26,3830.6,27.28,4.04,4.39,,-0.007415138056792231,0.03599759366461885,0.22579009065896707,0.2742867124662235,0.29103818331992026,-1.1799999999999997,-3.4800000000000004,-0.018238183319920276,-0.34999999999999964,-0.09999999999999964,-0.16000000000000014
2022-10-27,3807.3,27.39,3.96,4.3,,-0.0061011723843323405,0.037879139796379475,0.21808316273323952,0.2592834649508223,0.2799956968902186,0.10999999999999943,-2.59,-0.006095696890218549,-0.33999999999999986,-0.28000000000000025,-0.3200000000000003
2022-10-28,3901.06,25.75,4.02,4.41,,0.024328034575769396,0.03875940651971226,0.2221705052355136,0.2264541253404453,0.28250207957828727,-1.6400000000000006,-3.9400000000000013,-0.025002079578287262,-0.39000000000000057,-0.1900000000000004,-0.08000000000000007
2022-10-31,3871.98,25.88,4.1,4.51,,-0.007482306966126504,0.01946518249378754,0.2413540016226518,0.21579191555676439,0.2736043745332192,0.129999999999999,-3.9700000000000024,-0.0148043745332192,-0.41000000000000014,-0.15000000000000036,0.009999999999999787
2022-11-01,3856.1,25.81,4.07,4.54,,-0.004109694089746853,-0.0007802769212284359,0.21835594456856514,0.21727425469144562,0.2541609018507068,-0.07000000000000028,-2.650000000000002,0.003939098149293219,-0.46999999999999975,-0.02999999999999936,0.1200000000000001
2022-11-02,3759.69,25.86,4.1,4.61,,-0.0253198028276198,-0.01868494169205619,0.2832186470391605,0.2582265146990059,0.2705795199840266,0.05000000000000071,-1.4200000000000017,-0.011979519984026576,-0.5100000000000007,0.05999999999999961,0.22000000000000064
2022-11-03,3719.89,25.3,4.14,4.71,,-0.01064240923898342,-0.023226178546707214,0.2874108019139983,0.26135421046063767,0.2707508387162528,-0.5599999999999987,-2.09,-0.01775083871625277,-0.5700000000000003,0.17999999999999972,0.41000000000000014
2022-11-04,3770.55,24.55,4.17,4.66,,0.013526781457993704,-0.03402743166448301,0.22148044711492176,0.24201950506500494,0.2534442775314508,-0.75,-1.1999999999999993,-0.007944277531450827,-0.4900000000000002,0.15000000000000036,0.25
2022-11-07,3806.8,24.35,4.22,4.72,,0.009568061802673562,-0.01697706289568289,0.24950267138277352,0.2393230933698653,0.2523957532202024,-0.1999999999999993,-1.5299999999999976,-0.00889575322020239,-0.5,0.1200000000000001,0.20999999999999996
2022-11-08,3828.11,25.54,4.14,4.67,,0.005582267593980096,-0.007285101211955994,0.25712563334201516,0.2251512875142672,0.25021838002535174,1.1899999999999977,-0.2699999999999996,0.005181619974648277,-0.5300000000000002,0.0699999999999994,0.1299999999999999
2022-11-09,3748.57,26.09,4.12,4.61,,-0.020996774887089925,-0.0029620732714260942,0.2325024759455175,0.24569865687430503,0.2638557307181162,0.5500000000000007,0.23000000000000043,-0.0029557307181161674,-0.4900000000000002,0.020000000000000462,0.0
2022-11-10,3956.37,23.53,3.82,4.34,,0.05395250428096393,0.06163284024852134,0.4272646137687273,0.371499456307296,0.3118022569444947,-2.5599999999999987,-1.7699999999999996,-0.0765022569444947,-0.52,-0.31999999999999984,-0.3700000000000001
2022-11-11,3992.93,22.52,3.82,4.34,,0.00919835904482699,0.0573044178353546,0.42760347571876656,0.35555891108649335,0.2944557137288226,-1.0100000000000016,-2.030000000000001,-0.06925571372882264,-0.52,-0.3500000000000001,-0.3200000000000003
2022-11-14,3957.25,23.73,3.88,4.4,,-0.008975957665021739,0.038760398367659266,0.4523261915813862,0.3567897317422442,0.28799172490839753,1.2100000000000009,-0.620000000000001,-0.05069172490839752,-0.5200000000000005,-0.33999999999999986,-0.3199999999999994
2022-11-15,3991.73,24.54,3.8,4.37,,0.008675381307597811,0.04185351208127698,0.4519242549818099,0.35625279692039025,0.28719524341554087,0.8099999999999987,-1.0,-0.04179524341554089,-0.5700000000000003,-0.33999999999999986,-0.2999999999999998
2022-11-16,3958.79,24.11,3.67,4.35,,-0.00828629787208508,0.05456398909628183,0.4066268076834495,0.3267693875994636,0.28800100380373433,-0.4299999999999997,-1.9800000000000004,-0.046901003803734354,-0.6799999999999997,-0.4500000000000002,-0.2600000000000007
2022-11-17,3946.56,23.93,3.77,4.43,,-0.003094109623737159,-0.0024826248084191625,0.1414175941527494,0.3186443375228096,0.2859435171858629,-0.17999999999999972,0.3999999999999986,-0.04664351718586293,-0.6599999999999997,-0.04999999999999982,0.08999999999999986
2022-11-18,3965.34,23.12,3.82,4.51,,0.004747288330235593,-0.006933695523010699,0.12474066247155974,0.31580735135347493,0.2763497018369809,-0.8099999999999987,0.6000000000000014,-0.04514970183698086,-0.69,0.0,0.16999999999999993
2022-11-21,3949.94,22.36,3.83,4.48,,-0.0038912128014762935,-0.00184895065946519,0.10954935869539129,0.317622764871268,0.27514287576402946,-0.7600000000000016,-1.370000000000001,-0.05154287576402947,-0.6500000000000004,-0.04999999999999982,0.08000000000000007
2022-11-22,4003.58,21.29,3.76,4.47,,0.01348857192195737,0.0029642399548943563,0.13658045916470674,0.32139813982147203,0.2734907176046589,-1.0700000000000003,-3.25,-0.060590717604658895,-0.71,-0.040000000000000036,0.09999999999999964
2022-11-23,4027.26,20.35,3.71,4.46,,0.005897283130642713,0.017147820957622142,0.11368901116270777,0.2883596216968001,0.2715929498119256,-0.9399999999999977,-3.759999999999998,-0.0680929498119256,-0.75,0.040000000000000036,0.11000000000000032
2022-11-25,4026.12,20.5,3.68,4.42,,-0.000283110944129042,0.019958819637230236,0.10494210201263465,0.12326047724188094,0.269928332161567,0.14999999999999858,-3.4299999999999997,-0.06492833216156699,-0.7399999999999998,-0.08999999999999986,-0.009999999999999787
2022-11-28,3963.94,22.21,3.69,4.46,,-0.015564652905563017,-0.0003531215985683245,0.17283809047670295,0.14252649390899408,0.2648131125484571,1.7100000000000009,-0.9100000000000001,-0.042713112548457055,-0.77,-0.1299999999999999,-0.04999999999999982
2022-11-29,3957.63,21.89,3.75,4.48,,-0.0015931188727940442,0.0019449723301138728,0.17039040709127917,0.13519473047703054,0.2631904482685375,-0.3200000000000003,-0.46999999999999886,-0.04429044826853748,-0.7300000000000004,-0.08000000000000007,0.0
2022-11-30,4080.11,20.58,3.68,4.38,,0.03047858758258928,0.01893498799074589,0.2676269829083751,0.20208395615142682,0.2820795174466457,-1.3100000000000023,-0.7100000000000009,-0.07627951744664574,-0.6999999999999997,-0.07999999999999963,-0.08999999999999986
2022-12-01,4076.57,19.84,3.53,4.25,,-0.000868000270271791,0.012169704589831428,0.268574200062044,0.19460891443133332,0.26238930952076284,-0.7399999999999984,-0.5100000000000016,-0.06398930952076284,-0.7200000000000002,-0.18000000000000016,-0.20999999999999996
2022-12-02,4071.7,19.06,3.51,4.28,,-0.0011953459028422096,0.011257469631118192,0.2692328819820453,0.19319096426344523,0.257471970461247,-0.7800000000000011,-1.4400000000000013,-0.06687197046124699,-0.7700000000000005,-0.17000000000000037,-0.13999999999999968
2022-12-05,3998.84,20.75,3.6,4.41,,-0.01805628360207544,0.008765838934605733,0.2799866742488924,0.21988827724418286,0.26704505961520214,1.6900000000000013,-1.4600000000000009,-0.05954505961520215,-0.81,-0.08999999999999986,-0.04999999999999982
2022-12-06,3941.26,22.17,3.51,4.34,,-0.014503849921748772,-0.004144892114348911,0.3037056803057482,0.23238251579583719,0.27272956510399216,1.4200000000000017,0.28000000000000114,-0.05102956510399215,-0.8300000000000001,-0.2400000000000002,-0.14000000000000057
2022-12-07,3933.92,22.68,3.42,4.26,,-0.0018640849162627044,-0.03648756461320097,0.131810918530027,0.21944351239577004,0.2726174014816615,0.509999999999998,2.1000000000000014,-0.045817401481661524,-0.8399999999999999,-0.26000000000000023,-0.1200000000000001
2022-12-08,3963.51,22.29,3.48,4.31,,0.007493612090724109,-0.028125952252205072,0.16634846131882217,0.22114195870244086,0.26009461932616534,-0.39000000000000057,2.4499999999999993,-0.03719461932616536,-0.8299999999999996,-0.04999999999999982,0.05999999999999961
2022-12-09,3934.38,22.83,3.57,4.33,,-0.00737668721482345,-0.034307293564186395,0.16170146312415495,0.22282373510181439,0.1783382021904386,0.5399999999999991,3.7699999999999996,0.049961797809561365,-0.7600000000000002,0.06000000000000005,0.04999999999999982
2022-12-12,3990.56,25.0,3.61,4.39,,0.014178262831053962,-0.002072747131057054,0.18179085735235803,0.2232890958631858,0.18267153627427693,2.1700000000000017,4.25,0.06732846372572307,-0.7799999999999998,0.009999999999999787,-0.020000000000000462
2022-12-13,4019.65,22.55,3.51,4.22,,0.007263262233261697,0.019694365023953383,0.13522459417909208,0.22519441996302303,0.18121233151030258,-2.4499999999999993,0.379999999999999,0.044287668489697424,-0.71,0.0,-0.1200000000000001
2022-12-14,3995.32,21.14,3.49,4.23,,-0.006071158028413109,0.01548729191180299,0.14917721294967812,0.1586704328476962,0.1802508063355369,-1.4100000000000001,-1.5399999999999991,0.031149193664463115,-0.7400000000000002,0.07000000000000028,-0.02999999999999936
2022-12-15,3895.75,22.83,3.44,4.23,,-0.025237460791963953,-0.017243780970884914,0.2410773370983291,0.1961135152596578,0.19964223467285552,1.6899999999999977,0.5399999999999991,0.028657765327144452,-0.7900000000000005,-0.040000000000000036,-0.07999999999999918
2022-12-16,3852.36,22.62,3.48,4.17,,-0.011200267830704025,-0.02106736158676545,0.246470044185926,0.19776440460500175,0.20292288793045127,-0.2099999999999973,-0.2099999999999973,0.023277112069548744,-0.69,-0.08999999999999986,-0.16000000000000014
2022-12-19,3817.66,22.42,3.57,4.25,,-0.009048278034291597,-0.04429390245211096,0.18469611988499768,0.18665609022934715,0.20346110067980838,-0.1999999999999993,-2.5799999999999983,0.02073889932019163,-0.6800000000000002,-0.040000000000000036,-0.13999999999999968
2022-12-20,3821.62,21.48,3.69,4.25,,0.001036747011419641,-0.050520417673953114,0.1530301829378316,0.17983159619743683,0.20357262622704692,-0.9400000000000013,-1.0700000000000003,0.011227373772953075,-0.56,0.18000000000000016,0.03000000000000025
2022-12-21,3878.44,20.07,3.68,4.21,,0.014758594440961796,-0.029690665204578096,0.23636904950757837,0.2010890014413954,0.20487114190872147,-1.4100000000000001,-1.0700000000000003,-0.004171141908721476,-0.5299999999999998,0.18999999999999995,-0.020000000000000462
2022-12-22,3822.39,21.97,3.67,4.24,,-0.014557129502374849,-0.01901033391498898,0.1888065258630506,0.2041631669245761,0.20780412394734848,1.8999999999999986,-0.8599999999999994,0.011895876052651494,-0.5700000000000003,0.22999999999999998,0.009999999999999787
2022-12-23,3844.82,20.87,3.75,4.31,,0.005850906388984781,-0.0019591596953003466,0.18549037293569906,0.20811795632268396,0.20984599777478988,-1.0999999999999979,-1.75,-0.0011459977747898809,-0.5599999999999996,0.27,0.13999999999999968
2022-12-27,3829.25,21.65,3.84,4.32,,-0.004057826255056132,0.00303129208393504,0.17383533606378607,0.18671585923666323,0.20409805871698755,0.7799999999999976,-0.7700000000000031,0.012401941283012446,-0.4800000000000004,0.27,0.07000000000000028
2022-12-28,3783.22,22.14,3.88,4.31,,-0.01209346269904926,-0.010098917626533744,0.19543695219445728,0.1787703610400414,0.207382633828091,0.490000000000002,0.6600000000000001,0.014017366171909018,-0.4299999999999997,0.18999999999999995,0.05999999999999961
2022-12-29,3849.28,21.44,3.83,4.34,,0.017310618960093668,-0.007546893107401863,0.20956865628986163,0.21383122432133359,0.1837364920617373,-0.6999999999999993,1.370000000000001,0.030663507938262696,-0.5099999999999998,0.1499999999999999,0.1299999999999999
2022-12-30,3839.5,21.67,3.88,4.41,,-0.0025439680351095257,0.004466268359863355,0.17732093372673535,0.17709114806755002,0.1835854691017452,0.23000000000000043,-0.29999999999999716,0.03311453089825481,-0.5300000000000002,0.20999999999999996,0.16999999999999993
2023-01-03,3824.14,22.9,3.79,4.4,,-0.0040085443908070935,-0.00539318241992842,0.17373309753258864,0.16952765812516138,0.18349112634571038,1.2299999999999969,2.0299999999999976,0.0455088736542896,-0.6100000000000003,0.040000000000000036,0.09000000000000075
2023-01-04,3852.97,22.01,3.69,4.36,,0.007510674075384772,0.006175317910512468,0.18051501811140594,0.1671548459603698,0.17828788449534425,-0.889999999999997,0.360000000000003,0.04181211550465577,-0.6700000000000004,-0.1499999999999999,0.040000000000000036
2023-01-05,3808.1,22.46,3.71,4.45,,-0.011713902384519219,0.006554878225042403,0.1787610171674126,0.17875918215951453,0.17592260823653053,0.4499999999999993,0.3200000000000003,0.048677391763469496,-0.7400000000000002,-0.16999999999999993,0.14000000000000057
2023-01-06,3895.08,21.13,3.55,4.24,,0.02258384117602654,0.011828100440975316,0.20973208298031928,0.20030147022581177,0.19592189015034647,-1.3300000000000018,-0.3100000000000023,0.015378109849653515,-0.6900000000000004,-0.28000000000000025,-0.09999999999999964
2023-01-09,3892.09,21.97,3.53,4.19,,-0.0007679298504944067,0.013604138625590309,0.20747976365030013,0.1825944140583625,0.19363481707509422,0.8399999999999999,0.29999999999999716,0.026065182924905755,-0.6600000000000006,-0.3500000000000001,-0.21999999999999975
2023-01-10,3919.25,20.58,3.61,4.24,,0.0069540205524518915,0.024566703568849272,0.19952354855586718,0.18336082539068455,0.19396786405156102,-1.3900000000000006,-2.3200000000000003,0.01183213594843896,-0.6300000000000003,-0.18000000000000016,-0.16000000000000014
2023-01-11,3969.61,21.09,3.54,4.2,,0.012767544131228952,0.02982357362469355,0.20717822950621315,0.1874171847148929,0.1926417180148681,0.5100000000000016,-0.9200000000000017,0.018258281985131908,-0.6600000000000001,-0.1499999999999999,-0.16000000000000014
2023-01-12,3983.17,18.83,3.43,4.12,,0.0034101315868827887,0.04494760759609555,0.14409115447894497,0.16600397929597815,0.1911246332245145,-2.2600000000000016,-3.6300000000000026,-0.002824633224514511,-0.69,-0.2799999999999998,-0.33000000000000007
2023-01-13,3999.09,18.35,3.49,4.22,,0.003988850553225138,0.026352616973294204,0.07961273150966323,0.15151793675532302,0.19053954478774532,-0.4799999999999969,-2.7799999999999976,-0.007039544787745294,-0.7299999999999995,-0.05999999999999961,-0.020000000000000462
2023-01-17,3990.97,19.36,3.53,4.18,,-0.0020325261125498277,0.02508802071123863,0.08591244825935841,0.150937282400002,0.1659105095736896,1.009999999999998,-2.6099999999999994,0.027689490426310387,-0.6499999999999999,0.0,-0.010000000000000675
2023-01-18,3928.86,20.34,3.37,4.06,,-0.015685001660276407,0.002448998498510419,0.1663988127795693,0.17711280329090914,0.1710432070126818,0.9800000000000004,-0.23999999999999844,0.032356792987318195,-0.6899999999999995,-0.23999999999999977,-0.1800000000000006
2023-01-19,3898.85,20.52,3.39,4.09,,-0.00766766960752083,-0.01798621524023929,0.13085225375744028,0.1818980414481081,0.17003652280173198,0.17999999999999972,-0.5700000000000003,0.03516347719826801,-0.6999999999999997,-0.1499999999999999,-0.11000000000000032
2023-01-20,3972.61,19.85,3.48,4.14,,0.01874167155917249,-0.0026546752679495883,0.20616936009143866,0.18564449064807237,0.18125896733438182,-0.6699999999999982,1.0200000000000031,0.01724103266561819,-0.6599999999999997,0.04999999999999982,0.019999999999999574
2023-01-23,4019.81,19.81,3.52,4.21,,0.011811328415709267,0.005167802594534553,0.2237066958750737,0.16222109722697145,0.17877892128914355,-0.0400000000000027,1.4599999999999973,0.01932107871085645,-0.69,0.029999999999999805,-0.009999999999999787
2023-01-24,4016.95,19.2,3.46,4.12,,-0.0007117296325210936,0.006488599074563209,0.22276074501030357,0.16218331293849844,0.16844424150851903,-0.6099999999999994,-0.16000000000000014,0.023555758491480977,-0.6600000000000001,-0.06999999999999984,-0.05999999999999961
2023-01-25,4016.22,19.08,3.46,4.11,,-0.00018174643434897735,0.02199185430049068,0.16900241231577207,0.16146068871985306,0.16820512240631424,-0.120000000000001,-1.2600000000000016,0.022594877593685725,-0.6500000000000004,0.08999999999999986,0.05000000000000071
2023-01-26,4060.43,18.73,3.49,4.17,,0.010947717569977039,0.040607241477988484,0.1331378778648296,0.15843277411775014,0.16925382575118886,-0.34999999999999787,-1.7899999999999991,0.018046174248811137,-0.6799999999999997,0.10000000000000009,0.08000000000000007
2023-01-27,4070.56,18.51,3.52,4.19,,0.0024917027916841637,0.02435727271050035,0.09638219765653419,0.15831347056778208,0.15973226038144833,-0.21999999999999886,-1.3399999999999999,0.025367739618551682,-0.6700000000000004,0.040000000000000036,0.05000000000000071
2023-01-30,4017.77,19.94,3.55,4.25,,-0.013053559781991077,-0.0005076154871999886,0.13677539493889673,0.17506204585621626,0.16166849325532712,1.4299999999999997,0.13000000000000256,0.037731506744672905,-0.7000000000000002,0.029999999999999805,0.040000000000000036
2023-01-31,4076.6,19.4,3.52,4.21,,0.014536285322318165,0.01474039946763932,0.17103580973859475,0.18774045754920143,0.1664014493519169,-0.5400000000000027,0.1999999999999993,0.027598550648083087,-0.69,0.06000000000000005,0.08999999999999986
2023-02-01,4119.21,17.87,3.39,4.09,,0.010398089735210484,0.025320235637198645,0.17527813263987208,0.1624178853327324,0.16621595297320457,-1.5299999999999976,-1.2099999999999973,0.012484047026795425,-0.6999999999999997,-0.06999999999999984,-0.020000000000000462
2023-02-02,4179.76,18.73,3.4,4.09,,0.014592431217642185,0.028964949284863855,0.18464537707296938,0.1530047646201945,0.17021285687589668,0.8599999999999994,0.0,0.01708714312410331,-0.69,-0.0900000000000003,-0.08000000000000007
2023-02-03,4136.48,18.33,3.53,4.3,,-0.010408643989373002,0.016064602503806622,0.21874068311712286,0.1599586825323441,0.16866348058824596,-0.40000000000000213,-0.18000000000000327,0.014636519411754034,-0.77,0.009999999999999787,0.10999999999999943
2023-02-06,4111.08,19.43,3.63,4.44,,-0.006159416919169087,0.02295874536662859,0.19003390517616744,0.1609549493285407,0.15745274918369467,1.1000000000000014,-0.5100000000000016,0.03684725081630533,-0.8100000000000005,0.08000000000000007,0.1900000000000004
2023-02-07,4164.0,18.66,3.67,4.47,,0.012790383040919152,0.02121284308522966,0.1846046515425027,0.16812171318591687,0.16081312917412618,-0.7699999999999996,-0.7399999999999984,0.025786870825873803,-0.7999999999999998,0.1499999999999999,0.2599999999999998
2023-02-08,4117.86,19.63,3.63,4.45,,-0.011142539811002886,-0.0003277864609837824,0.2018851012658763,0.18333247324817759,0.16813637657075847,0.9699999999999989,1.759999999999998,0.02816362342924153,-0.8200000000000003,0.23999999999999977,0.3600000000000003
2023-02-09,4081.5,20.71,3.67,4.48,,-0.008869043032445954,-0.023789260711071774,0.1586463318340983,0.1847466925450972,0.16810479821061752,1.0800000000000018,1.9800000000000004,0.03899520178938248,-0.8100000000000005,0.27,0.39000000000000057
2023-02-10,4090.46,20.53,3.74,4.5,,0.002192865258876484,-0.011187751462822216,0.15556287431220348,0.18466335295964414,0.1679662422779359,-0.17999999999999972,2.200000000000003,0.0373337577220641,-0.7599999999999998,0.2100000000000004,0.20000000000000018
2023-02-13,4137.29,20.34,3.72,4.52,,0.011383550959928976,0.0063552164162757555,0.176186683779152,0.17498114038224777,0.17153248317999473,-0.19000000000000128,0.9100000000000001,0.03186751682000527,-0.7999999999999994,0.0900000000000003,0.07999999999999918
2023-02-14,4136.13,18.91,3.77,4.6,,-0.0002804160812822511,-0.006715582705925604,0.14380867973291658,0.1628548019021674,0.17113929052920135,-1.4299999999999997,0.25,0.01796070947079864,-0.8299999999999996,0.10000000000000009,0.1299999999999999
2023-02-15,4147.6,18.23,3.81,4.62,,0.002769285655189374,0.007196242760266648,0.1151433244728282,0.15545235594917833,0.15819952467468126,-0.6799999999999997,-1.3999999999999986,0.024100475325318754,-0.81,0.18000000000000016,0.16999999999999993
2023-02-16,4090.41,20.17,3.86,4.62,,-0.013884644172642286,0.002180641620070227,0.1450529129992294,0.149752316820716,0.16500104857489564,1.9400000000000013,-0.5399999999999991,0.036698951425104376,-0.7600000000000002,0.18999999999999995,0.13999999999999968
2023-02-17,4079.09,20.02,3.82,4.6,,-0.0027712852059047503,-0.0027835088447110932,0.14554564631727246,0.1427170007443418,0.15404593094753935,-0.15000000000000213,-0.5100000000000016,0.04615406905246064,-0.7799999999999998,0.07999999999999963,0.09999999999999964
2023-02-21,3997.34,22.87,3.95,4.67,,-0.020244784414123935,-0.034411844218763844,0.15497520992172847,0.17065803181040187,0.16661000143686686,2.8500000000000014,2.530000000000001,0.06208999856313316,-0.7199999999999998,0.22999999999999998,0.15000000000000036
2023-02-22,3991.05,22.29,3.93,4.66,,-0.0015747857327715093,-0.03570621387025304,0.15174003824897953,0.1475742415867031,0.16666779977847476,-0.5800000000000018,3.379999999999999,0.056232200221525225,-0.73,0.16000000000000014,0.0600000000000005
2023-02-23,4012.32,21.14,3.88,4.66,,0.005315273460274993,-0.03316022606516742,0.162883324420943,0.14914485631870986,0.16786766187492688,-1.1499999999999986,2.91,0.04353233812507312,-0.7800000000000002,0.06999999999999984,0.040000000000000036
2023-02-24,3970.04,21.67,3.95,4.78,,-0.010593457421727142,-0.02986903931425233,0.15514293020205158,0.15140955975042414,0.16656188412245185,0.5300000000000011,1.5,0.050138115877548156,-0.8300000000000001,0.0900000000000003,0.16000000000000014
2023-02-27,3982.24,20.95,3.92,4.78,,0.0030683048311681872,-0.024029449277179458,0.1677628938441967,0.15227413965536568,0.16674045104307716,-0.7200000000000024,0.9299999999999997,0.04275954895692283,-0.8600000000000003,0.10000000000000009,0.1800000000000006
2023-02-28,3970.15,20.7,3.92,4.81,,-0.0030405976856194583,-0.006825262548675048,0.09795237354601385,0.13065034923539828,0.16090322859122475,-0.25,-2.1700000000000017,0.046096771408775244,-0.8899999999999997,-0.03000000000000025,0.13999999999999968
2023-03-01,3951.39,20.58,4.01,4.89,,-0.00473646161527038,-0.00998693843117393,0.10090603226741793,0.1288830609836425,0.15110838389978323,-0.120000000000001,-1.7100000000000009,0.05469161610021675,-0.8799999999999999,0.07999999999999963,0.22999999999999954
2023-03-02,3981.35,19.59,4.08,4.89,,0.007553542016924832,-0.007748669874523972,0.1117893274476967,0.13839723566638212,0.14843655000458103,-0.9899999999999984,-1.5500000000000007,0.04746344999541896,-0.8099999999999996,0.20000000000000018,0.22999999999999954
2023-03-03,4045.64,18.49,3.97,4.86,,0.016018800257414187,0.018863587804617388,0.13366315996492714,0.15902039489421266,0.15058408452284722,-1.1000000000000014,-3.1800000000000033,0.034315915477152764,-0.8900000000000001,0.020000000000000018,0.08000000000000007
2023-03-06,4048.42,18.61,3.98,4.89,,0.0006869235239955045,0.01648220649744462,0.1355102190161068,0.15895063077916446,0.14711631358859664,0.120000000000001,-2.34,0.038983686411403345,-0.9099999999999997,0.06000000000000005,0.10999999999999943
2023-03-07,3986.37,19.59,3.97,5.0,,-0.015445639173959797,0.0040771650091044505,0.18979947673230682,0.1435538540665585,0.15486113117379557,0.9800000000000004,-1.1099999999999994,0.04103886882620442,-1.0299999999999998,0.050000000000000266,0.1900000000000004
2023-03-08,3992.01,19.11,3.98,5.05,,0.0014138210863556078,0.010227447710730354,0.18337914201118763,0.1435800232737505,0.1459043180098223,-0.4800000000000004,-1.4699999999999989,0.045195681990177705,-1.0699999999999998,-0.029999999999999805,0.16000000000000014
2023-03-09,3918.32,22.61,3.93,4.9,,-0.018631872945282475,-0.015957967251477096,0.22363567994443237,0.16724478962152414,0.15423824276700107,3.5,3.0199999999999996,0.07186175723299892,-0.9700000000000002,-0.1499999999999999,0.010000000000000675
2023-03-10,3861.59,24.8,3.7,4.6,,-0.014583974750190179,-0.04656074225908149,0.15211742265686212,0.1738092329507182,0.15864733135094833,2.1900000000000013,6.310000000000002,0.08935266864905167,-0.8999999999999995,-0.27,-0.2600000000000007
2023-03-13,3855.76,26.52,3.55,4.03,,-0.0015108816132590817,-0.04875854739633604,0.14357639884228432,0.1709999926766379,0.1576524811890067,1.7199999999999989,7.91,0.10754751881099328,-0.4800000000000004,-0.43000000000000016,-0.8599999999999994
2023-03-14,3919.29,23.73,3.64,4.2,,0.016342380801371525,-0.016970527421004605,0.2207633159691662,0.19726036578012351,0.16446931017556604,-2.789999999999999,4.140000000000001,0.07283068982443397,-0.56,-0.33000000000000007,-0.7999999999999998
2023-03-15,3891.93,26.14,3.51,3.93,,-0.007005336398235209,-0.025389684905595407,0.2172753785817995,0.1986941308960632,0.1648854040558822,2.41,7.030000000000001,0.09651459594411782,-0.4200000000000004,-0.4700000000000002,-1.1199999999999997
2023-03-16,3960.28,22.99,3.56,4.14,,0.01740955128696453,0.010651739326651725,0.22611059065828454,0.21664081733222554,0.1792901906480123,-3.150000000000002,0.379999999999999,0.050609809351987695,-0.5799999999999996,-0.3700000000000001,-0.7600000000000007
2023-03-17,3916.64,25.51,3.39,3.81,,-0.011080586449227313,0.014155127627614563,0.21063343307275076,0.20081011439466578,0.17715293367570328,2.520000000000003,0.7100000000000009,0.07794706632429671,-0.41999999999999993,-0.31000000000000005,-0.7899999999999996
2023-03-20,3951.57,24.15,3.47,3.92,,0.008878824909597214,0.024544834150470884,0.21005455923192465,0.2093263590766825,0.18140466051298523,-1.360000000000003,-2.370000000000001,0.06009533948701476,-0.44999999999999973,-0.07999999999999963,-0.11000000000000032
2023-03-21,4002.87,21.38,3.59,4.17,,0.01289863554198477,0.02110108889108383,0.19939793445977294,0.20830266456587646,0.1742012693637001,-2.7699999999999996,-2.3500000000000014,0.0395987306362999,-0.5800000000000001,-0.050000000000000266,-0.03000000000000025
2023-03-22,3936.97,22.26,3.48,3.96,,-0.016600211922495948,0.011506213366823077,0.24077089713960229,0.22485101348428055,0.18397258752384377,0.8800000000000026,-3.879999999999999,0.03862741247615625,-0.48,-0.029999999999999805,0.029999999999999805
2023-03-23,3948.72,22.61,3.38,3.76,,0.0029800838470393862,-0.0029232540731019578,0.20247413292293576,0.20361482211851054,0.183147803722152,0.34999999999999787,-0.379999999999999,0.04295219627784799,-0.3799999999999999,-0.18000000000000016,-0.3799999999999999
2023-03-24,3970.99,21.74,3.38,3.76,,0.005623958124210314,0.0137812905003356,0.18157071292275906,0.1853947708368847,0.1806750534773106,-0.870000000000001,-3.770000000000003,0.03672494652268937,-0.3799999999999999,-0.010000000000000231,-0.050000000000000266
2023-03-27,3977.53,20.6,3.53,3.94,,0.0016455897389303137,0.00654805532966902,0.17327667054782223,0.1840147239425064,0.18042625742926216,-1.139999999999997,-3.549999999999997,0.025573742570737856,-0.41000000000000014,0.05999999999999961,0.020000000000000018
2023-03-28,3971.27,19.97,3.55,4.02,,-0.001575080840930101,-0.007925661053245877,0.1394570016460848,0.16933316340230675,0.18017989259508052,-0.6300000000000026,-1.4100000000000001,0.019520107404919468,-0.46999999999999975,-0.040000000000000036,-0.15000000000000036
2023-03-29,4027.81,19.12,3.57,4.08,,0.014136861145886559,0.022811412015136538,0.09440908606663036,0.1734472546083682,0.1859425216425928,-0.8499999999999979,-3.1400000000000006,0.005257478357407197,-0.5100000000000002,0.08999999999999986,0.1200000000000001
2023-03-30,4050.83,19.02,3.55,4.1,,0.005698994460609173,0.025530322628706532,0.09350733851338847,0.15611949103120185,0.18518499564731544,-0.10000000000000142,-3.59,0.005015004352684566,-0.5499999999999998,0.16999999999999993,0.33999999999999986
2023-03-31,4109.31,18.7,3.48,4.06,,0.014333332809426856,0.03423969731392303,0.11460781261811445,0.14718048917086485,0.18344417041448055,-0.3200000000000003,-3.039999999999999,0.003555829585519449,-0.5799999999999996,0.10000000000000009,0.2999999999999998
2023-04-03,4124.51,18.55,3.43,3.97,,0.003692093649516912,0.03628620122450953,0.10956532132201365,0.14545074052214385,0.18373370373979672,-0.14999999999999858,-2.0500000000000007,0.0017662962602032761,-0.54,-0.09999999999999964,0.03000000000000025
2023-04-04,4100.6,19.0,3.35,3.84,,-0.005813920385208212,0.032047361680231375,0.13276830402042653,0.14474818886330834,0.17533635034959752,0.4499999999999993,-0.9699999999999989,0.014663649650402483,-0.48999999999999977,-0.19999999999999973,-0.17999999999999972
2023-04-05,4090.38,19.08,3.3,3.79,,-0.002495429192470336,0.01541507134187457,0.12399872549997577,0.10463355388378702,0.17588424228508234,0.0799999999999983,-0.0400000000000027,0.014915757714917627,-0.4900000000000002,-0.27,-0.29000000000000004
2023-04-06,4105.02,18.4,3.3,3.82,,0.0035727397253701647,0.013288816606635584,0.12207660707565796,0.10454218395779767,0.15955070115736866,-0.6799999999999997,-0.620000000000001,0.024449298842631334,-0.52,-0.25,-0.2799999999999998
2023-04-10,4109.11,18.97,3.41,4.0,,0.0009958450470119054,-4.867115577937085e-05,0.0651706529555045,0.10496354003458946,0.1467166990180979,0.5700000000000003,0.2699999999999996,0.04298330098190209,-0.5899999999999999,-0.06999999999999984,-0.05999999999999961
2023-04-11,4108.94,19.1,3.43,4.03,,-4.137234502690973e-05,-0.0037821371503232674,0.056642088753171164,0.10609714168832768,0.14619512748948638,0.13000000000000256,0.5500000000000007,0.04480487251051363,-0.6000000000000001,0.0,0.06000000000000005
2023-04-12,4091.95,19.09,3.41,3.95,,-0.004143458650798345,-0.0021116754159135015,0.04779615685842834,0.11007671264372555,0.13967157812003964,-0.010000000000001563,0.08999999999999986,0.05122842187996035,-0.54,0.06000000000000005,0.11000000000000032
2023-04-13,4146.22,17.8,3.45,3.96,,0.013175446748330008,0.013559200524886858,0.1028014275849436,0.10742545995558078,0.14048363159535235,-1.2899999999999991,-1.2799999999999976,0.03751636840464767,-0.5099999999999998,0.15000000000000036,0.16999999999999993
2023-04-14,4137.64,17.07,3.52,4.08,,-0.002071498810492095,0.007914961989024472,0.10752440859181105,0.10882428203886103,0.13098191734904124,-0.7300000000000004,-1.3299999999999983,0.03971808265095875,-0.56,0.2200000000000002,0.26000000000000023
2023-04-17,4151.32,16.95,3.6,4.18,,0.0033007789687629755,0.010219895910775548,0.10797564185393653,0.0858169812226981,0.12124153219061884,-0.120000000000001,-2.0199999999999996,0.048258467809381145,-0.5799999999999996,0.18999999999999995,0.17999999999999972
2023-04-18,4154.87,16.83,3.58,4.19,,0.0008547842551524592,0.011116052510954922,0.10706888582427002,0.08451270957048813,0.119332419208668,-0.120000000000001,-2.270000000000003,0.04896758079133198,-0.6100000000000003,0.1499999999999999,0.16000000000000014
2023-04-19,4154.52,16.46,3.6,4.24,,-8.424204429116194e-05,0.015175269117462153,0.09506784076102329,0.07660881643660244,0.1130741001099372,-0.36999999999999744,-2.629999999999999,0.0515258998900628,-0.6400000000000001,0.18999999999999995,0.29000000000000004
2023-04-20,4129.79,17.17,3.54,4.14,,-0.005970339945819703,-0.0039705175766874615,0.05522866485307317,0.08314451232053793,0.09489170344210468,0.7100000000000009,-0.629999999999999,0.07680829655789534,-0.5999999999999996,0.08999999999999986,0.17999999999999972
2023-04-21,4133.52,16.77,3.57,4.17,,0.000902785990925368,-0.0009962327752700074,0.054930373743475036,0.08186472194491866,0.09500701468349389,-0.40000000000000213,-0.3000000000000007,0.0726929853165061,-0.6000000000000001,0.04999999999999982,0.08999999999999986
2023-04-24,4137.04,16.89,3.52,4.12,,0.0008512120612239251,-0.0034457996828091723,0.04732333598239866,0.08185290370042038,0.09429138840420719,0.120000000000001,-0.05999999999999872,0.07460861159579281,-0.6000000000000001,-0.08000000000000007,-0.05999999999999961
2023-04-25,4071.63,18.76,3.4,3.86,,-0.01593714559496794,-0.020237729532929603,0.11482194900704819,0.11707756606568584,0.11390344221206974,1.870000000000001,1.9300000000000033,0.07369655778793027,-0.45999999999999996,-0.18000000000000016,-0.3300000000000005
2023-04-26,4055.99,18.84,3.43,3.9,,-0.003848609877111783,-0.024002097365750184,0.1096286248611776,0.11685886229245014,0.11491136107074401,0.0799999999999983,2.379999999999999,0.073488638929256,-0.46999999999999975,-0.16999999999999993,-0.3400000000000003
2023-04-27,4135.35,17.03,3.53,4.07,,0.01937716738000212,0.001345409960071646,0.2016525841265882,0.13966945477807802,0.12397186358990041,-1.8099999999999987,-0.14000000000000057,0.0463281364100996,-0.5400000000000005,-0.010000000000000231,-0.0699999999999994
2023-04-28,4169.48,15.78,3.44,4.04,,0.008219359612570367,0.008661983581716604,0.20963299919158823,0.1453746294720529,0.12546710002261033,-1.2500000000000018,-0.9900000000000002,0.03233289997738967,-0.6000000000000001,-0.1299999999999999,-0.1299999999999999
2023-05-01,4167.87,16.08,3.59,4.14,,-0.0003862138497272949,0.007424557670765592,0.21014413737900445,0.1447518858337077,0.11592695799057888,0.29999999999999893,-0.8100000000000023,0.04487304200942109,-0.5499999999999998,0.06999999999999984,0.019999999999999574
2023-05-02,4119.58,17.78,3.44,3.97,,-0.011653897528004022,0.01170780573772943,0.18889867813962724,0.15676741311916306,0.1232534215611263,1.7000000000000028,-0.9800000000000004,0.054546578438873713,-0.5300000000000002,0.040000000000000036,0.11000000000000032
2023-05-03,4090.75,18.34,3.38,3.89,,-0.00702288909058116,0.008533526524259875,0.19663763419344987,0.1596576414264752,0.12407398527223563,0.5599999999999987,-0.5,0.05932601472776437,-0.5100000000000002,-0.050000000000000266,-0.009999999999999787
2023-05-04,4061.22,20.09,3.37,3.75,,-0.007244906241251436,-0.01808854709699356,0.12293545529856055,0.1607707361180143,0.12640339592495567,1.75,3.0599999999999987,0.07449660407504433,-0.3799999999999999,-0.1599999999999997,-0.3200000000000003
2023-05-05,4136.25,17.19,3.44,3.92,,0.018306159168068423,-0.008001747541495659,0.18784346093788173,0.18971387081877414,0.14229920209214464,-2.8999999999999986,1.410000000000002,0.029600797907855386,-0.48,0.0,-0.1200000000000001
2023-05-08,4138.12,16.98,3.52,4.0,,0.00045199816586328297,-0.0071635355259049936,0.18827853679143253,0.1896781887639179,0.14228102509157814,-0.21000000000000085,0.9000000000000021,0.027518974908421867,-0.48,-0.06999999999999984,-0.13999999999999968
2023-05-09,4119.17,17.71,3.53,4.01,,-0.004589891663841041,-9.952966174191837e-05,0.16990072173339846,0.17052503083074805,0.1433597046776158,0.7300000000000004,-0.07000000000000028,0.033740295322384206,-0.48,0.08999999999999986,0.03999999999999959
2023-05-10,4137.64,16.94,3.43,3.9,,0.004473890233026689,0.011397249661866051,0.15932181774986934,0.16878844948190153,0.1432204790954837,-0.7699999999999996,-1.3999999999999986,0.026179520904516335,-0.46999999999999975,0.050000000000000266,0.009999999999999787
2023-05-11,4130.62,16.93,3.39,3.89,,-0.0016980602174566785,0.01694409568566059,0.14239917966231896,0.1384398059616745,0.1353525322559088,-0.010000000000001563,-3.16,0.033947467744091214,-0.5,0.020000000000000018,0.14000000000000012
2023-05-12,4124.08,17.03,3.46,3.98,,-0.0015845521626198357,-0.0029466156450275427,0.05321205538151084,0.13043121833797178,0.1352736961481642,0.10000000000000142,-0.16000000000000014,0.035026303851835805,-0.52,0.020000000000000018,0.06000000000000005
2023-05-15,4136.28,17.12,3.5,3.99,,0.0029538685652344835,-0.0004447452456562444,0.05895130169294666,0.13200750633109018,0.1351614007708442,0.08999999999999986,0.14000000000000057,0.03603859922915581,-0.4900000000000002,-0.020000000000000018,-0.009999999999999787
2023-05-16,4109.9,17.99,3.54,4.06,,-0.006398135861993161,-0.002252989443808421,0.06830476153724394,0.12213109758706317,0.13686510098146373,0.8699999999999974,0.2799999999999976,0.04303489901853624,-0.5199999999999996,0.010000000000000231,0.04999999999999982
2023-05-17,4158.77,16.87,3.57,4.12,,0.01182066016444788,0.005093780487612859,0.1092906497379891,0.12923399998133914,0.14374644082672772,-1.1199999999999974,-0.07000000000000028,0.0249535591732723,-0.5500000000000003,0.13999999999999968,0.2200000000000002
2023-05-18,4198.05,16.05,3.65,4.24,,0.009400774284705668,0.01619261498977519,0.11980645145462723,0.12406928160425269,0.14555023300196088,-0.8200000000000003,-0.879999999999999,0.014949766998039127,-0.5900000000000003,0.2599999999999998,0.3500000000000001
2023-05-19,4191.98,16.81,3.7,4.28,,-0.001446955746059144,0.0163302114063361,0.11946096287796638,0.09295996671211597,0.14577125387149528,0.759999999999998,-0.22000000000000242,0.022328746128504717,-0.5800000000000001,0.2400000000000002,0.30000000000000027
2023-05-22,4192.63,17.21,3.72,4.29,,0.0001550459714410593,0.013531388812542709,0.12155580605435562,0.09305115341826588,0.145782759922952,0.40000000000000213,0.08999999999999986,0.026317240077048,-0.5699999999999998,0.2200000000000002,0.2999999999999998
2023-05-23,4145.58,18.53,3.7,4.26,,-0.011285515564489972,0.008644009110045809,0.14692270115873068,0.10954433177197244,0.13955789025210535,1.3200000000000003,0.5400000000000027,0.045742109747894666,-0.5599999999999996,0.16000000000000014,0.20000000000000018
2023-05-24,4115.24,20.03,3.73,4.31,,-0.007345550785867146,-0.01052220184026933,0.12541587324735523,0.11393935712212246,0.14167204161962244,1.5,3.16,0.05862795838037757,-0.5799999999999996,0.16000000000000014,0.1899999999999995
2023-05-25,4151.28,19.14,3.83,4.5,,0.008719564785563249,-0.011203411339411856,0.12151135358324662,0.12265038132684866,0.127393360348459,-0.8900000000000006,3.09,0.06400663965154102,-0.6699999999999999,0.18000000000000016,0.2599999999999998
2023-05-26,4205.45,17.95,3.8,4.54,,0.01296458273531355,0.003208127141960858,0.16332176663148035,0.1366743289049454,0.1323751656766133,-1.1900000000000013,1.1400000000000006,0.04712483432338668,-0.7400000000000002,0.09999999999999964,0.2599999999999998
2023-05-30,4205.52,17.46,3.69,4.46,,1.6644929182328236e-05,0.003069726099701878,0.1633506966348598,0.13686778098740437,0.13234996187891065,-0.48999999999999844,0.25,0.04225003812108935,-0.77,-0.03000000000000025,0.16999999999999993
2023-05-31,4179.83,17.94,3.64,4.4,,-0.006127372232971846,0.00822786943122007,0.1424452355768415,0.1364274593399283,0.12699208139329593,0.4800000000000004,-0.5899999999999999,0.052407918606704074,-0.7600000000000002,-0.06000000000000005,0.14000000000000057
2023-06-01,4221.02,15.65,3.61,4.33,,0.009806229149665344,0.02537964936675253,0.12524599214345697,0.13255781163447033,0.12742193189929052,-2.290000000000001,-4.380000000000001,0.02907806810070948,-0.7200000000000002,-0.1200000000000001,0.020000000000000462
2023-06-02,4282.37,14.6,3.69,4.5,,0.01442978965214366,0.03108987423333309,0.14124973425211446,0.1429614479571533,0.1307252301974238,-1.0500000000000007,-4.540000000000001,0.015274769802576194,-0.81,-0.14000000000000012,0.0
2023-06-05,4273.79,14.73,3.69,4.46,,-0.0020055732655681105,0.016119718232451407,0.13609073754414072,0.14336426978266098,0.11769698673791622,0.13000000000000078,-3.219999999999999,0.029603013262083797,-0.77,-0.10999999999999988,-0.08000000000000007
2023-06-06,4283.85,13.96,3.7,4.51,,0.0023511165774900327,0.0184541898807592,0.13361119265979243,0.14302524372027453,0.11763672913101868,-0.7699999999999996,-3.5,0.021963270868981324,-0.8099999999999996,0.010000000000000231,0.04999999999999982
2023-06-07,4267.52,13.94,3.79,4.56,,-0.0038192757067673886,0.020762286406963693,0.12355206886161627,0.12744595716483015,0.11711824381037123,-0.02000000000000135,-4.000000000000002,0.02228175618962877,-0.7699999999999996,0.1499999999999999,0.15999999999999925
2023-06-08,4293.93,13.65,3.73,4.52,,0.00616953524709693,0.017125592504395232,0.11550320478838905,0.11441982040599499,0.11779037269902763,-0.28999999999999915,-2.0,0.01870962730097238,-0.7899999999999996,0.1200000000000001,0.1899999999999995
2023-06-09,4298.86,13.83,3.75,4.59,,0.0011474737636884458,0.0038432766159400243,0.0617693024254793,0.1124354822668141,0.11708326930689864,0.17999999999999972,-0.7699999999999996,0.02121673069310137,-0.8399999999999999,0.06000000000000005,0.08999999999999986
2023-06-12,4338.93,15.01,3.73,4.55,,0.009277902665684432,0.015126752547192602,0.07929718959829365,0.1050184000869768,0.1190103581043453,1.1799999999999997,0.27999999999999936,0.031089641895654704,-0.8199999999999998,0.040000000000000036,0.08999999999999986
2023-06-13,4369.01,14.61,3.84,4.67,,0.0069086648833658285,0.01968430085306831,0.0833530775486284,0.10500628410978471,0.1200167971569342,-0.40000000000000036,0.6499999999999986,0.02608320284306581,-0.8300000000000001,0.13999999999999968,0.16000000000000014
2023-06-14,4372.59,13.88,3.83,4.74,,0.0008190720692196159,0.02432264862905549,0.05915337812990229,0.09151586575944116,0.1153753035564684,-0.7299999999999986,-0.05999999999999872,0.02342469644353161,-0.9100000000000001,0.040000000000000036,0.1800000000000006
2023-06-15,4425.84,14.5,3.72,4.62,,0.012104580063652602,0.030257693445611276,0.07905917684738077,0.09586516418269606,0.11566404350594824,0.6199999999999992,0.8499999999999996,0.029335956494051754,-0.8999999999999999,-0.009999999999999787,0.10000000000000053
2023-06-16,4409.59,13.54,3.77,4.7,,-0.0036783763376504303,0.025431843344272283,0.10201010731728885,0.08732500179427213,0.11554979208580277,-0.9600000000000009,-0.2900000000000009,0.019850207914197227,-0.9300000000000002,0.020000000000000018,0.11000000000000032
2023-06-20,4388.71,13.88,3.74,4.68,,-0.004746380368690653,0.011407560309897088,0.11363128655023108,0.0925857143381926,0.11760397709340632,0.34000000000000163,-1.129999999999999,0.021196022906593684,-0.9399999999999995,0.010000000000000231,0.1299999999999999
2023-06-21,4365.69,13.2,3.72,4.68,,-0.005259081846186579,-0.0007601864196552789,0.11523861746902464,0.10079887558901113,0.12044541588557252,-0.6800000000000015,-1.4100000000000001,0.011554584114427488,-0.9599999999999995,-0.11999999999999966,0.009999999999999787
2023-06-22,4381.89,12.91,3.8,4.77,,0.003703885765053952,0.0021246272761789964,0.11854265259393805,0.09581422113346269,0.10975738971042752,-0.28999999999999915,-0.9700000000000006,0.019342610289572473,-0.9699999999999998,-0.03000000000000025,0.02999999999999936
2023-06-23,4348.33,13.44,3.74,4.71,,-0.007688274822307147,-0.017668227609780752,0.06833030986360802,0.10622788149715327,0.11018232235828332,0.5299999999999994,-1.0600000000000005,0.024217677641716673,-0.9699999999999998,0.020000000000000018,0.08999999999999986
2023-06-26,4328.82,14.25,3.72,4.65,,-0.004496875789266097,-0.01848672706139635,0.06868567910391037,0.11010193603234521,0.11067912961391327,0.8100000000000005,0.7100000000000009,0.03182087038608672,-0.9300000000000002,-0.04999999999999982,-0.04999999999999982
2023-06-27,4378.41,13.74,3.77,4.74,,0.011390657230512101,-0.002349689462193453,0.12533600977977244,0.11511064191504931,0.10875305830756767,-0.5099999999999998,-0.14000000000000057,0.02864694169243233,-0.9700000000000002,0.029999999999999805,0.0600000000000005
2023-06-28,4376.86,13.43,3.71,4.71,,-0.0003540724651995093,0.002555319918793691,0.11816029175311357,0.11017369472633946,0.10885133356528467,-0.3100000000000005,0.23000000000000043,0.025448666434715328,-1.0,-0.010000000000000231,0.03000000000000025
2023-06-29,4396.44,13.54,3.85,4.87,,0.00446355020531417,0.0033149843590537845,0.11956817931993469,0.11226523509537494,0.10478343613619001,0.10999999999999943,0.629999999999999,0.03061656386380998,-1.02,0.050000000000000266,0.10000000000000053
2023-06-30,4450.38,13.59,3.81,4.87,,0.012194363266362706,0.023197622447723505,0.11532099850469428,0.11252471423941027,0.10729680833564123,0.05000000000000071,0.15000000000000036,0.028603191664358762,-1.06,0.06999999999999984,0.16000000000000014
2023-07-03,4455.59,13.57,3.86,4.94,,0.0011700018289601843,0.02886450006594993,0.09161779603466005,0.11002427396846212,0.09789321617876529,-0.019999999999999574,-0.6799999999999997,0.03780678382123473,-1.0800000000000005,0.13999999999999968,0.29000000000000004
2023-07-05,4446.82,14.18,3.95,4.94,,-0.001970253636267394,0.015503589199170139,0.08907059307365711,0.10677233332752181,0.09787420973930515,0.6099999999999994,0.4399999999999995,0.04392579026069486,-0.9900000000000002,0.18000000000000016,0.20000000000000018
2023-07-06,4411.59,15.44,4.05,4.99,,-0.007954065287478301,0.007903596376891486,0.11896626884709535,0.11214085043241119,0.10400575986156425,1.2599999999999998,2.01,0.05039424013843573,-0.9400000000000004,0.33999999999999986,0.28000000000000025
2023-07-07,4398.95,14.83,4.06,4.94,,-0.0028692926136023467,0.0005707535579748001,0.11916145744679721,0.1126320390646222,0.10341809892295964,-0.6099999999999994,1.290000000000001,0.04488190107704035,-0.8800000000000008,0.20999999999999952,0.07000000000000028
2023-07-10,4409.53,15.07,4.01,4.85,,0.002402231733022815,-0.009221377975364901,0.0642450734218755,0.10338194375383888,0.10202526355556729,0.2400000000000002,1.4800000000000004,0.04867473644443271,-0.8399999999999999,0.19999999999999973,-0.020000000000000462
2023-07-11,4439.26,14.84,3.99,4.88,,0.006719588071620385,-0.0036717917327048653,0.08824608236757689,0.10077573868682349,0.10379614448536785,-0.23000000000000043,1.2699999999999996,0.044603855514632154,-0.8899999999999997,0.13000000000000034,-0.0600000000000005
2023-07-12,4472.16,13.54,3.86,4.72,,0.007383817501052891,0.005682279404615462,0.10363715860784917,0.09257289593518282,0.10214415032014848,-1.3000000000000007,-0.6400000000000006,0.03325584967985151,-0.8599999999999999,-0.0900000000000003,-0.22000000000000064
2023-07-13,4510.04,13.61,3.76,4.59,,0.008434509266769535,0.0220708539588632,0.07420106076474817,0.0964324772921899,0.10334982043225502,0.07000000000000028,-1.83,0.03275017956774498,-0.8300000000000001,-0.29000000000000004,-0.40000000000000036
2023-07-14,4505.42,13.34,3.83,4.74,,-0.0010249061954501163,0.02391524037701544,0.06312386666199292,0.09801894463537811,0.10373843717882435,-0.2699999999999996,-1.4900000000000002,0.029661562821175644,-0.9100000000000001,-0.22999999999999954,-0.20000000000000018
2023-07-17,4522.79,13.48,3.81,4.74,,0.003847943597379543,0.025360952241372164,0.06046713104368201,0.08251090175490783,0.09642209793732157,0.14000000000000057,-1.5899999999999999,0.03837790206267844,-0.9300000000000002,-0.19999999999999973,-0.10999999999999943
2023-07-18,4554.98,13.3,3.8,4.74,,0.007092079866132413,0.02573344403588428,0.06116032903589474,0.08685969430146372,0.09694534283614145,-0.17999999999999972,-1.5399999999999991,0.036054657163858556,-0.9400000000000004,-0.1900000000000004,-0.13999999999999968
2023-07-19,4565.72,13.76,3.75,4.74,,0.0023550834835142126,0.020704710018345618,0.05998015367049613,0.08369261758064099,0.0939903447909588,0.4599999999999991,0.22000000000000064,0.0436096552090412,-0.9900000000000002,-0.10999999999999988,0.020000000000000462
2023-07-20,4534.87,13.99,3.85,4.8,,-0.006779806181851591,0.005490394569724634,0.08386414127233412,0.07964067888921864,0.09568293135501608,0.23000000000000043,0.3800000000000008,0.04421706864498391,-0.9499999999999997,0.0900000000000003,0.20999999999999996
2023-07-21,4536.34,13.6,3.84,4.82,,0.0003241023001049327,0.006839403065279734,0.08224389809253982,0.07479055763684202,0.09559036878355102,-0.39000000000000057,0.2599999999999998,0.040409631216448985,-0.9800000000000004,0.009999999999999787,0.08000000000000007
2023-07-24,4554.64,13.91,3.86,4.81,,0.004025974035341747,0.007017433503241782,0.08259109248182432,0.07482547390377561,0.08910282335774157,0.3100000000000005,0.4299999999999997,0.04999717664225843,-0.9499999999999997,0.04999999999999982,0.0699999999999994
2023-07-25,4567.46,13.86,3.91,4.85,,0.0028107581456501534,0.0027361117827598303,0.06838431358907929,0.07226164535021291,0.08538850824330355,-0.05000000000000071,0.5599999999999987,0.053211491756696455,-0.9399999999999995,0.11000000000000032,0.10999999999999943
2023-07-26,4566.75,13.19,3.86,4.82,,-0.00015545953102232801,0.00022556876822315224,0.0664996160392345,0.06883799885289159,0.079397906455433,-0.6699999999999999,-0.5700000000000003,0.05250209354456699,-0.9600000000000004,0.10999999999999988,0.08000000000000007
2023-07-27,4537.41,14.41,4.01,4.91,,-0.0064454274911412875,0.0005599474589334857,0.06434507386449817,0.07095109854872904,0.08467004156453424,1.2200000000000006,0.41999999999999993,0.059429958435465766,-0.9000000000000004,0.1599999999999997,0.11000000000000032
2023-07-28,4582.23,13.33,3.96,4.87,,0.009829414508767577,0.010065259667596053,0.0945939635002711,0.08373937200705023,0.08894237292448796,-1.08,-0.2699999999999996,0.04435762707551204,-0.9100000000000001,0.1200000000000001,0.04999999999999982
2023-07-31,4588.96,13.63,3.97,4.88,,0.001467639686456588,0.007506925318710809,0.09289254004216978,0.08287023871872774,0.08049602826654406,0.3000000000000007,-0.27999999999999936,0.05580397173345594,-0.9099999999999997,0.11000000000000032,0.07000000000000028
2023-08-01,4576.73,13.93,4.05,4.92,,-0.002668649552448092,0.0020275176206124555,0.09611571561426872,0.07864917432332792,0.0818673137511014,0.29999999999999893,0.07000000000000028,0.05743268624889861,-0.8700000000000001,0.13999999999999968,0.07000000000000028
2023-08-02,4513.39,16.09,4.08,4.88,,-0.013936235197657028,-0.011753258046022222,0.1406546385885871,0.10564074914219392,0.09776249068123405,2.16,2.9000000000000004,0.06313750931876594,-0.7999999999999998,0.2200000000000002,0.05999999999999961
2023-08-03,4501.89,15.92,4.2,4.9,,-0.0025512255276715053,-0.007859056082552465,0.136157454101743,0.10138087141089765,0.0931604586629478,-0.16999999999999993,1.5099999999999998,0.06603954133705221,-0.7000000000000002,0.1900000000000004,-0.009999999999999787
2023-08-04,4478.03,17.1,4.05,4.78,,-0.0053140910274567365,-0.02300256161877679,0.091336742177064,0.10366473196771864,0.09489974273512446,1.1800000000000015,3.7700000000000014,0.07610025726487556,-0.7300000000000004,0.08999999999999986,-0.08999999999999986
2023-08-07,4518.44,15.77,4.09,4.76,,0.008983583955258645,-0.015486617349974583,0.13013862449001043,0.1133253222810123,0.09907357178576418,-1.3300000000000018,2.139999999999999,0.05862642821423583,-0.6699999999999999,0.11999999999999966,-0.1200000000000001
2023-08-08,4499.38,15.99,4.02,4.74,4.0,-0.004227192022498048,-0.01704515982002442,0.13028547316473185,0.11255471274353517,0.0986330512764358,0.22000000000000064,2.0600000000000005,0.06126694872356421,-0.7200000000000006,-0.03000000000000025,-0.17999999999999972
2023-08-09,4467.71,15.96,4.0,4.79,3.94,-0.007063636404007057,-0.01017256102637452,0.10118707179079792,0.11554372342856851,0.09892658829094753,-0.02999999999999936,-0.129999999999999,0.060673411709052494,-0.79,-0.08000000000000007,-0.08999999999999986
2023-08-10,4468.83,15.85,4.09,4.82,3.83,0.00025065629558288107,-0.007370679203120177,0.10223537462137529,0.11351441759998145,0.09374715091680488,-0.11000000000000121,-0.07000000000000028,0.06475284908319512,-0.7300000000000004,-0.11000000000000032,-0.08000000000000007
2023-08-11,4464.05,14.84,4.16,4.89,3.83,-0.001070203664713968,-0.003126791840377456,0.09647002930797348,0.09460481133921457,0.0937509155882641,-1.0099999999999998,-2.2600000000000016,0.05464908441173591,-0.7299999999999995,0.11000000000000032,0.10999999999999943
2023-08-14,4489.72,14.82,4.19,4.96,3.79,0.005733913274737526,-0.006376462520898823,0.07683908842234724,0.10190011470081863,0.09512954168542506,-0.019999999999999574,-0.9499999999999993,0.053070458314574936,-0.7699999999999996,0.10000000000000053,0.20000000000000018
2023-08-15,4437.86,16.46,4.21,4.92,3.85,-0.011618060736365813,-0.013767331234766563,0.1068002683954773,0.11244413932967336,0.09878517739661509,1.6400000000000006,0.47000000000000064,0.0658148226033849,-0.71,0.1900000000000004,0.17999999999999972
2023-08-16,4404.33,16.78,4.28,4.97,3.81,-0.007584130338210397,-0.014287825168969962,0.10817865772362774,0.09899077060895965,0.10019446184142765,0.3200000000000003,0.8200000000000003,0.06760553815857236,-0.6899999999999995,0.28000000000000025,0.17999999999999972
2023-08-17,4370.36,17.89,4.3,4.94,3.95,-0.007742762356125065,-0.022281243820677723,0.10859285134309492,0.10251314558792776,0.10088524060940668,1.1099999999999994,2.040000000000001,0.07801475939059332,-0.6400000000000006,0.20999999999999996,0.1200000000000001
2023-08-18,4369.71,17.3,4.26,4.92,4.02,-0.00014874022775515319,-0.02135978038371894,0.11058180888004905,0.10247858702851166,0.10076413213984416,-0.5899999999999999,2.460000000000001,0.07223586786015586,-0.6600000000000001,0.09999999999999964,0.03000000000000025
2023-08-21,4399.77,17.13,4.34,4.97,3.97,0.006855621481266927,-0.02023807217718932,0.11707234130368246,0.09619583545654692,0.1034260095595498,-0.1700000000000017,2.3099999999999987,0.06787399044045019,-0.6299999999999999,0.14999999999999947,0.009999999999999787
2023-08-22,4387.55,16.97,4.34,5.02,3.93,-0.002781282092229976,-0.01140129353305361,0.09598129124102828,0.09580993649326497,0.10206584573801446,-0.16000000000000014,0.509999999999998,0.06763415426198553,-0.6799999999999997,0.1299999999999999,0.09999999999999964
2023-08-23,4436.01,15.98,4.19,4.95,3.92,0.01098433903027149,0.007167175835428234,0.11908251007575506,0.11310420705771879,0.11193232343076447,-0.9899999999999984,-0.8000000000000007,0.04786767656923553,-0.7599999999999998,-0.08999999999999986,-0.019999999999999574
2023-08-24,4376.31,17.2,4.23,4.98,3.91,-0.013549420207499292,0.0013605179840540816,0.15031186862614254,0.12979872023074834,0.11876716671372227,1.2199999999999989,-0.6900000000000013,0.05323283328627772,-0.75,-0.0699999999999994,0.040000000000000036
2023-08-25,4405.71,15.68,4.25,5.03,3.9,0.006695523315478112,0.008204781527287172,0.15681730286529028,0.1371561994473009,0.11516076799822811,-1.5199999999999996,-1.620000000000001,0.041639232001771886,-0.7800000000000002,-0.009999999999999787,0.11000000000000032
2023-08-28,4433.31,15.08,4.2,4.98,3.86,0.006245056511156882,0.007594216557176951,0.1555933311396285,0.137913703226117,0.11825604064445223,-0.5999999999999996,-2.049999999999999,0.032543959355547755,-0.7800000000000002,-0.13999999999999968,0.010000000000000675
2023-08-29,4497.63,14.45,4.12,4.87,3.87,0.014404107984150809,0.024779606633557903,0.1725774767009528,0.1449021987641171,0.1312628154048651,-0.6300000000000008,-2.5199999999999996,0.013237184595134899,-0.75,-0.21999999999999975,-0.14999999999999947
2023-08-30,4514.87,13.88,4.12,4.9,3.8,0.0038258021699069606,0.01762106977319333,0.1640982324115764,0.13629602202861646,0.12267680989509384,-0.5699999999999985,-2.0999999999999996,0.016123190104906163,-0.7800000000000002,-0.07000000000000028,-0.04999999999999982
2023-08-31,4507.66,13.57,4.09,4.85,3.85,-0.0015982216816604765,0.02957226829903224,0.09174186791863245,0.1265339939758668,0.12245870583717731,-0.3100000000000005,-3.629999999999999,0.0132412941628227,-0.7599999999999998,-0.14000000000000057,-0.13000000000000078
2023-09-01,4515.77,13.09,4.18,4.87,3.81,0.0017975431036151848,0.024674288087169333,0.09562239953399425,0.12551078048861222,0.12090832626517929,-0.4800000000000004,-2.59,0.009991673734820697,-0.6900000000000004,-0.07000000000000028,-0.16000000000000014
2023-09-05,4496.83,14.01,4.27,4.94,3.83,-0.004203010869610265,0.01422622070640203,0.11366879035287877,0.12893921826165478,0.11753377407063648,0.9199999999999999,-1.0700000000000003,0.022566225929363526,-0.6700000000000008,0.0699999999999994,-0.040000000000000036
2023-09-06,4465.48,14.45,4.3,5.01,3.86,-0.006995992744252873,-0.0071738800220016025,0.06953077027901274,0.13507195272574207,0.1191790594041182,0.4399999999999995,0.0,0.02532094059588179,-0.71,0.17999999999999972,0.13999999999999968
2023-09-07,4451.14,14.4,4.27,4.94,3.9,-0.0032164682050081963,-0.014216150396916661,0.051635219601194784,0.12645624608144596,0.11708063307024692,-0.049999999999998934,0.5199999999999996,0.026919366929753094,-0.6700000000000008,0.14999999999999947,0.040000000000000036
2023-09-08,4457.49,13.84,4.26,4.98,3.85,0.0014255841976643817,-0.011192344517591756,0.060011423843066354,0.09997108330097565,0.11721292922896359,-0.5600000000000005,0.2699999999999996,0.021187070771036404,-0.7200000000000006,0.16999999999999993,0.13000000000000078
2023-09-11,4487.46,13.8,4.29,4.97,3.82,0.006701012782986727,-0.00628887483822031,0.08547974975266921,0.09997855525169358,0.11960510918504713,-0.03999999999999915,0.7100000000000009,0.01839489081495288,-0.6799999999999997,0.11000000000000032,0.09999999999999964
2023-09-12,4461.9,14.23,4.27,4.98,3.84,-0.0057121558411206055,-0.007798019809730588,0.08933990057259178,0.10318943724491551,0.11956002930687025,0.4299999999999997,0.22000000000000064,0.02273997069312976,-0.7100000000000009,0.0,0.040000000000000036
2023-09-13,4467.44,13.48,4.25,4.96,3.85,0.0012408533465711885,0.000438826281093401,0.07588756060790636,0.06978874676345653,0.11189782610587169,-0.75,-0.9699999999999989,0.02290217389412831,-0.71,-0.04999999999999982,-0.04999999999999982
2023-09-14,4505.1,12.82,4.29,5.0,3.78,0.008394550741111827,0.012049845227213394,0.08786114627839785,0.08091741425872591,0.1112778893100771,-0.6600000000000001,-1.58,0.016922110689922915,-0.71,0.020000000000000462,0.05999999999999961
2023-09-15,4450.32,13.79,4.33,5.02,3.79,-0.012234084667107637,-0.0016098236375586405,0.13717793581545204,0.10109984661309913,0.11702201281236367,0.9699999999999989,-0.05000000000000071,0.020877987187636324,-0.6899999999999995,0.07000000000000028,0.03999999999999915
2023-09-18,4453.53,14.0,4.32,5.05,3.82,0.000721036436838388,-0.00758979998370694,0.12380809267984799,0.10032368412089476,0.11695869502706345,0.21000000000000085,0.1999999999999993,0.023041304972936563,-0.7299999999999995,0.03000000000000025,0.08000000000000007
2023-09-19,4443.95,14.11,4.37,5.08,3.82,-0.0021534195529618974,-0.004031063695548222,0.11868470498430501,0.09923501570455741,0.11528524127360446,0.10999999999999943,-0.120000000000001,0.025814758726395548,-0.71,0.10000000000000053,0.09999999999999964
2023-09-20,4402.2,15.14,4.35,5.12,3.77,-0.009439204623110126,-0.014711121665229553,0.1306910697866374,0.10389109552365018,0.1201193164904094,1.0300000000000011,1.6600000000000001,0.03128068350959061,-0.7700000000000005,0.09999999999999964,0.16000000000000014
2023-09-21,4330.0,17.54,4.49,5.12,3.89,-0.01653687395146802,-0.03964254635780922,0.11311364528945007,0.12883844986309323,0.12678649609243023,2.3999999999999986,4.719999999999999,0.04861350390756977,-0.6299999999999999,0.20000000000000018,0.1200000000000001
2023-09-22,4320.06,17.2,4.44,5.1,3.93,-0.0022982509659402743,-0.029706712656641997,0.11126549336249526,0.1267915834480726,0.11826633831309812,-0.33999999999999986,3.41,0.05373366168690187,-0.6599999999999993,0.11000000000000032,0.08000000000000007
2023-09-25,4337.44,16.9,4.55,5.09,3.97,0.004015021275818627,-0.026412727817661692,0.12526785159416115,0.12156860872804716,0.11642761416772429,-0.3000000000000007,2.8999999999999986,0.05257238583227569,-0.54,0.22999999999999954,0.040000000000000036
2023-09-26,4273.53,18.94,4.56,5.04,4.04,-0.014844128717961364,-0.03910343698266124,0.1371335002559633,0.1343975953951623,0.12340527497544791,2.0400000000000027,4.830000000000002,0.0659947250245521,-0.4800000000000004,0.1899999999999995,-0.040000000000000036
2023-09-27,4274.51,18.22,4.61,5.1,4.03,0.00022929233000634007,-0.029434940029544672,0.14678301418868517,0.1333186511713121,0.10795558044319566,-0.7200000000000024,3.0799999999999983,0.07424441955680434,-0.4899999999999993,0.2600000000000007,-0.020000000000000462
2023-09-28,4299.7,17.34,4.59,5.04,4.09,0.00587577688747319,-0.007022289190603375,0.1295658744850042,0.12699208024467068,0.10978952336428215,-0.879999999999999,-0.1999999999999993,0.06361047663571785,-0.4500000000000002,0.09999999999999964,-0.08000000000000007
2023-09-29,4288.05,17.52,4.59,5.03,4.03,-0.002713168675515421,-0.007437206900178579,0.1297795041765384,0.11990198645990639,0.10974725771238614,0.17999999999999972,0.3200000000000003,0.06545274228761386,-0.4400000000000004,0.14999999999999947,-0.0699999999999994
2023-10-02,4288.39,17.61,4.69,5.12,4.11,7.928697692236147e-05,-0.011372941199074723,0.12204397086005077,0.11927893566475102,0.10902250223551305,0.08999999999999986,0.7100000000000009,0.06707749776448696,-0.4299999999999997,0.14000000000000057,0.03000000000000025
2023-10-03,4229.45,19.78,4.81,5.15,4.26,-0.013839410161483797,-0.010368222642597158,0.11556111977980758,0.12886161107376123,0.11606029941806759,2.1700000000000017,0.8399999999999999,0.08173970058193242,-0.34000000000000075,0.25,0.11000000000000032
2023-10-04,4263.75,18.58,4.73,5.05,4.37,0.008077093787000134,-0.002520421185603394,0.13687806208707337,0.1411768354936669,0.12149468946126489,-1.2000000000000028,0.35999999999999943,0.0643053105387351,-0.3199999999999994,0.1200000000000001,-0.04999999999999982
2023-10-05,4258.19,18.49,4.72,5.03,4.38,-0.0013048673867472557,-0.009701065459823811,0.12474798788417553,0.11998997017104213,0.1214952998600428,-0.08999999999999986,1.1499999999999986,0.06340470013995718,-0.3100000000000005,0.1299999999999999,-0.009999999999999787
2023-10-06,4308.5,17.45,4.78,5.08,4.33,0.011745628333713317,0.004757731549404774,0.15713162240743528,0.13738830706281926,0.1307665450590875,-1.0399999999999991,-0.07000000000000028,0.04373345494091249,-0.2999999999999998,0.1900000000000004,0.04999999999999982
2023-10-09,4335.66,17.7,4.78,5.08,4.34,0.006284032081045516,0.01096247665352788,0.16108618468209615,0.13981952864686373,0.1304191666503354,0.25,0.08999999999999986,0.04658083334966459,-0.2999999999999998,0.08999999999999986,-0.040000000000000036
2023-10-10,4358.24,17.03,4.66,4.96,4.26,0.005194458360886415,0.029996345175898102,0.07588995228732694,0.11426720492780845,0.13173150934306532,-0.6699999999999982,-2.75,0.038568490656934684,-0.2999999999999998,-0.14999999999999947,-0.1900000000000004
2023-10-11,4376.95,16.09,4.58,4.99,4.25,0.004283828654568987,0.026203080043466855,0.07410387410644843,0.11435760098585877,0.13290934347203395,-0.9400000000000013,-2.4899999999999984,0.027990656527966035,-0.41000000000000014,-0.15000000000000036,-0.05999999999999961
2023-10-12,4349.61,16.69,4.7,5.06,4.25,-0.006265948885271601,0.021241998544942516,0.10403558438949045,0.12003248546110265,0.12926935547336993,0.6000000000000014,-1.7999999999999972,0.03763064452663009,-0.35999999999999943,-0.019999999999999574,0.02999999999999936
2023-10-13,4327.78,19.32,4.63,5.04,4.3,-0.005031477449688668,0.004464892761540558,0.09571336762116277,0.12265930368387047,0.12394487542796485,2.629999999999999,1.870000000000001,0.06925512457203516,-0.41000000000000014,-0.15000000000000036,-0.040000000000000036
2023-10-16,4373.63,17.21,4.71,5.09,4.27,0.010538619453747615,0.008719480134242577,0.11385688505466521,0.13156129907151257,0.13087447022100207,-2.1099999999999994,-0.48999999999999844,0.04122552977899793,-0.3799999999999999,-0.07000000000000028,0.009999999999999787
2023-10-17,4373.2,17.88,4.83,5.19,4.25,-9.832133477993887e-05,0.003426700438576244,0.10988232422764066,0.09951185294244169,0.1308177958151022,0.6699999999999982,0.8499999999999979,0.04798220418489779,-0.3600000000000003,0.16999999999999993,0.23000000000000043
2023-10-18,4314.6,19.22,4.91,5.19,4.32,-0.01349038622382619,-0.014347514439818866,0.14120067653358112,0.1261188587584418,0.13508597551203458,1.3399999999999999,3.129999999999999,0.057114024487965404,-0.28000000000000025,0.33000000000000007,0.20000000000000018
2023-10-19,4278.0,21.4,4.98,5.14,4.37,-0.008519009694152467,-0.016600575248699782,0.1454567909631173,0.13499475104513756,0.12551827269890473,2.1799999999999997,4.709999999999997,0.08848172730109527,-0.15999999999999925,0.28000000000000025,0.08000000000000007
2023-10-20,4224.16,21.71,4.93,5.07,4.52,-0.01266518618575799,-0.024234283984769046,0.1604391853608671,0.1334844647472127,0.1325703120387482,0.3100000000000023,2.3900000000000006,0.08452968796125182,-0.14000000000000057,0.2999999999999998,0.03000000000000025
2023-10-23,4217.04,20.37,4.86,5.05,4.51,-0.0016869643388467898,-0.0364598677773634,0.09784484169741338,0.12542620004655342,0.13117732903822898,-1.3399999999999999,3.16,0.07252267096177104,-0.1899999999999995,0.15000000000000036,-0.040000000000000036
2023-10-24,4247.68,18.97,4.83,5.02,4.41,0.0072394913997594025,-0.029122055042824113,0.13761656881865553,0.12942059004386838,0.12442357424916142,-1.4000000000000021,1.0899999999999999,0.06527642575083856,-0.1899999999999995,0.0,-0.17000000000000082
2023-10-25,4186.77,20.19,4.95,5.08,4.37,-0.014443397939346892,-0.030075066758344884,0.14108373811505767,0.1356475734250421,0.13411389594492484,1.2200000000000024,0.9700000000000024,0.06778610405507518,-0.1299999999999999,0.040000000000000036,-0.11000000000000032
2023-10-26,4137.23,20.68,4.86,5.02,4.5,-0.011903071819740901,-0.03345912888393328,0.14679740907773114,0.14062983022018552,0.13678130173738828,0.48999999999999844,-0.7199999999999989,0.0700186982626117,-0.15999999999999925,-0.1200000000000001,-0.1200000000000001
2023-10-27,4117.37,21.27,4.84,4.99,4.53,-0.004811871761208667,-0.025605814459384018,0.1369201633914565,0.14063303586317716,0.13714389403857838,0.5899999999999999,-0.4400000000000013,0.07555610596142162,-0.15000000000000036,-0.08999999999999986,-0.08000000000000007
2023-10-30,4166.82,19.75,4.88,5.03,4.5,0.011938544947970331,-0.011980305172566832,0.18439088602651352,0.14506531939319767,0.14575443844326122,-1.5199999999999996,-0.620000000000001,0.05174556155673879,-0.15000000000000036,0.019999999999999574,-0.019999999999999574
2023-10-31,4193.8,18.14,4.88,5.07,4.42,0.006454089207465981,-0.012765707364860249,0.18187233884714793,0.15449028353500527,0.14056134708398818,-1.6099999999999994,-0.8299999999999983,0.040838652916011825,-0.1900000000000004,0.04999999999999982,0.05000000000000071
2023-11-01,4237.86,16.87,4.77,4.95,4.47,0.010451180679737281,0.012128871254223897,0.1643656819772909,0.1607511321406417,0.1427018724717308,-1.2699999999999996,-3.3200000000000003,0.025998127528269216,-0.1800000000000006,-0.1800000000000006,-0.1299999999999999
2023-11-02,4317.78,15.66,4.67,4.98,4.15,0.018682956430735833,0.042714899504700574,0.13763888200211966,0.18505204257388763,0.15769371598634538,-1.2100000000000009,-5.02,-0.0010937159863453894,-0.3100000000000005,-0.1900000000000004,-0.03999999999999915
2023-11-03,4358.34,14.91,4.57,4.83,4.04,0.009349869637436973,0.05687664090334639,0.07226553373456268,0.17234407161627718,0.1556834744765976,-0.75,-6.359999999999999,-0.0065834744765976005,-0.2599999999999998,-0.2699999999999996,-0.16000000000000014
2023-11-06,4365.98,14.89,4.67,4.93,4.0,0.0017514263468030517,0.0466895223021792,0.09863952317895693,0.17050942093866556,0.15430423777303162,-0.019999999999999574,-4.859999999999999,-0.005404237773031617,-0.2599999999999998,-0.20999999999999996,-0.10000000000000053
2023-11-07,4378.38,14.81,4.58,4.91,4.08,0.002836115693239983,0.04307154878795326,0.1081855235752214,0.16921227949850173,0.15354712113965344,-0.08000000000000007,-3.33,-0.005447121139653427,-0.33000000000000007,-0.2999999999999998,-0.16000000000000014
2023-11-08,4382.78,14.45,4.49,4.93,4.08,0.0010044332873557552,0.033624801395571675,0.11838685034961079,0.13974992956023402,0.15283856258452466,-0.3600000000000012,-2.4200000000000017,-0.008338562584524672,-0.4399999999999995,-0.27999999999999936,-0.020000000000000462
2023-11-09,4347.35,15.29,4.62,5.03,4.04,-0.008116762182437998,0.006825082782397722,0.09916977741688374,0.12805207958080253,0.15399247880375524,0.8399999999999999,-0.370000000000001,-0.0010924788037552646,-0.41000000000000014,-0.04999999999999982,0.04999999999999982
2023-11-10,4415.24,14.17,4.61,5.04,4.03,0.015495728650985885,0.012970941795946735,0.13387168848585476,0.12523491162679412,0.1621645820271569,-1.1199999999999992,-0.7400000000000002,-0.020464582027156897,-0.4299999999999997,0.040000000000000036,0.20999999999999996
2023-11-13,4411.55,14.76,4.63,5.02,4.03,-0.0008360910851978613,0.01038342436394571,0.13613901988717758,0.12748476959676688,0.15827072946597043,0.5899999999999999,-0.13000000000000078,-0.010670729465970419,-0.3899999999999997,-0.040000000000000036,0.08999999999999986
2023-11-14,4495.7,14.16,4.44,4.8,3.92,0.018895282757298078,0.02644259142800373,0.18184748539076712,0.14378178753209087,0.17125464088014186,-0.5999999999999996,-0.6500000000000004,-0.029654640880141858,-0.35999999999999943,-0.13999999999999968,-0.11000000000000032
2023-11-15,4502.88,14.18,4.53,4.9,3.89,0.0015958076771483444,0.027033965817796476,0.18101633420426236,0.14461600649108053,0.162001391875994,0.019999999999999574,-0.2699999999999996,-0.020201391875993985,-0.3700000000000001,0.040000000000000036,-0.02999999999999936
2023-11-16,4508.24,14.32,4.45,4.83,4.02,0.0011896413835666805,0.03634036938380113,0.1458567812908311,0.1275357969850242,0.15712466717998577,0.14000000000000057,-0.9699999999999989,-0.013924667179985778,-0.3799999999999999,-0.16999999999999993,-0.20000000000000018
2023-11-17,4514.02,13.8,4.44,4.88,3.99,0.001281275598516672,0.02212591633133202,0.129312224945118,0.12502676321206765,0.14657349157144045,-0.5199999999999996,-0.3699999999999992,-0.00857349157144044,-0.4399999999999995,-0.16999999999999993,-0.16000000000000014
2023-11-20,4547.38,13.41,4.42,4.89,3.92,0.0073631338909269815,0.030325141307456883,0.12113823535998355,0.12598701674255328,0.14599373105748148,-0.39000000000000057,-1.3499999999999996,-0.011893731057481483,-0.46999999999999975,-0.20999999999999996,-0.1299999999999999
2023-11-21,4538.19,13.35,4.41,4.86,3.95,-0.0020229887908321687,0.00940686975932662,0.053958092382730076,0.12962911760865337,0.14677511488826803,-0.0600000000000005,-0.8100000000000005,-0.01327511488826802,-0.4500000000000002,-0.03000000000000025,0.0600000000000005
2023-11-22,4556.62,12.85,4.42,4.89,3.9,0.004052866464977724,0.011863928547155884,0.055922617869297905,0.12883076173733216,0.13093567991181532,-0.5,-1.33,-0.002435679911815314,-0.46999999999999975,-0.11000000000000032,-0.010000000000000675
2023-11-24,4559.34,12.46,4.47,4.92,3.85,0.0005967555980324687,0.011271042761621688,0.05686335044292524,0.11248112816930626,0.11731444873008513,-0.3899999999999988,-1.8599999999999994,0.0072855512699148695,-0.4500000000000002,0.019999999999999574,0.08999999999999986
2023-11-27,4550.43,12.69,4.39,4.84,3.89,-0.0019561422168003027,0.008033624946304645,0.06448682252200366,0.0991773622491386,0.11459910958081003,0.22999999999999865,-1.1100000000000012,0.012300890419189955,-0.4500000000000002,-0.05000000000000071,-0.040000000000000036
2023-11-28,4554.89,12.69,4.34,4.73,3.9,0.0009796471418229004,0.0016501381972005877,0.03977818548893017,0.0976091700340887,0.11237997093659514,0.0,-0.7200000000000006,0.01452002906340484,-0.39000000000000057,-0.08000000000000007,-0.15999999999999925
2023-11-29,4550.58,12.98,4.27,4.64,3.8,-0.000946683767425388,0.00272644322060751,0.03635362499190381,0.044791957639696296,0.11369440681241759,0.2900000000000009,-0.3699999999999992,0.01610559318758241,-0.3700000000000001,-0.14000000000000057,-0.22000000000000064
2023-11-30,4567.8,12.92,4.37,4.73,3.84,0.0037769911916856066,0.002450567947315362,0.03469146074337396,0.04661467671545629,0.1111761591176948,-0.0600000000000005,0.07000000000000028,0.018023840882305214,-0.3600000000000003,-0.04999999999999982,-0.15999999999999925
2023-12-01,4594.63,12.63,4.22,4.56,3.87,0.005856541700615295,0.007710354049898102,0.05165758670491603,0.05156149064137627,0.09670493510203818,-0.28999999999999915,0.16999999999999993,0.02959506489796182,-0.33999999999999986,-0.25,-0.3600000000000003
2023-12-04,4569.78,13.08,4.28,4.64,3.8,-0.005423166555119596,0.004243329711578766,0.06930010359421743,0.06342646684272836,0.09826197494125806,0.4499999999999993,0.39000000000000057,0.03253802505874194,-0.35999999999999943,-0.10999999999999943,-0.20000000000000018
2023-12-05,4567.18,12.85,4.18,4.57,3.8,-0.0005691170958779145,0.002694565473877973,0.06998454919434238,0.05369466509914081,0.09879909780667696,-0.23000000000000043,0.16000000000000014,0.02970090219332304,-0.39000000000000057,-0.16000000000000014,-0.16000000000000014
2023-12-06,4549.34,12.97,4.12,4.6,3.79,-0.003913779111384419,-0.0002725298700812373,0.07679152086000114,0.056863129688812325,0.10114773504841568,0.120000000000001,-0.009999999999999787,0.028552264951584333,-0.47999999999999954,-0.14999999999999947,-0.040000000000000036
2023-12-07,4585.59,13.06,4.14,4.58,3.77,0.007936610413312938,0.003887089351546175,0.09368625288046362,0.06664537015805046,0.10329030745687788,0.08999999999999986,0.14000000000000057,0.027309692543122113,-0.4400000000000004,-0.23000000000000043,-0.15000000000000036
2023-12-08,4604.37,12.35,4.23,4.71,3.75,0.004087074621006593,0.002117622271937392,0.08833182850925057,0.06885757822903206,0.09584195915246002,-0.7100000000000009,-0.28000000000000114,0.027658040847539977,-0.47999999999999954,0.010000000000000675,0.15000000000000036
2023-12-11,4622.44,12.63,4.23,4.71,3.79,0.003916851675081129,0.0114576405021382,0.07292852702145688,0.0681467892023931,0.0836519229478126,0.28000000000000114,-0.4499999999999993,0.0426480770521874,-0.47999999999999954,-0.04999999999999982,0.07000000000000028
2023-12-12,4643.7,12.07,4.2,4.73,3.76,0.004588758060085738,0.016615515658101848,0.06928408281055641,0.06966273110808559,0.08317551099912311,-0.5600000000000005,-0.7799999999999994,0.03752448900087689,-0.5300000000000002,0.020000000000000462,0.16000000000000014
2023-12-13,4707.09,12.19,4.04,4.46,3.79,0.013558420429298217,0.0340877151987846,0.06522505268077354,0.08841616682915959,0.0704634834317223,0.11999999999999922,-0.7800000000000011,0.05143651656827769,-0.41999999999999993,-0.08000000000000007,-0.13999999999999968
2023-12-14,4719.55,12.48,3.92,4.37,3.47,0.0026435733742609306,0.028794678159732506,0.07014267353937603,0.08845727884259065,0.07042325352792499,0.2900000000000009,-0.5800000000000001,0.05437674647207502,-0.4500000000000002,-0.21999999999999975,-0.20999999999999996
2023-12-15,4719.19,12.28,3.91,4.44,3.51,-7.628136810104926e-05,0.024631322170624935,0.08167395142118218,0.088610022940082,0.07084197751093518,-0.20000000000000107,-0.07000000000000028,0.05195802248906481,-0.5300000000000002,-0.3200000000000003,-0.2699999999999996
2023-12-18,4740.56,12.56,3.95,4.43,3.51,0.004518097487249544,0.02523256798279332,0.08131656480221666,0.07638024792798213,0.07116379122683472,0.28000000000000114,-0.07000000000000028,0.054436208773165295,-0.47999999999999954,-0.28000000000000025,-0.28000000000000025
2023-12-19,4768.37,12.53,3.93,4.41,3.46,0.005849255234901429,0.026493065157608842,0.0813619073292261,0.07313521661226027,0.06996996862543685,-0.030000000000001137,0.4599999999999991,0.055330031374563146,-0.48,-0.27,-0.3200000000000003
2023-12-20,4698.35,13.67,3.86,4.34,3.43,-0.014793144174519959,-0.0018584994462093193,0.13276053208679897,0.11550870590603243,0.09186713939171118,1.1400000000000006,1.4800000000000004,0.04483286060828881,-0.48,-0.18000000000000016,-0.1200000000000001
2023-12-21,4746.75,13.65,3.89,4.33,3.41,0.01024879009249407,0.005746717272023957,0.15306818190239543,0.11869002863475621,0.09645916370487152,-0.019999999999999574,1.17,0.04004083629512849,-0.43999999999999995,-0.029999999999999805,-0.040000000000000036
2023-12-22,4754.63,13.03,3.9,4.31,3.39,0.0016587067997896167,0.007481705439914485,0.15268807931985887,0.11895316134681151,0.0963214033993385,-0.620000000000001,0.75,0.03397859660066149,-0.4099999999999997,-0.010000000000000231,-0.13000000000000078
2023-12-26,4774.75,12.99,3.89,4.26,3.37,0.004222736399949838,0.0071863443526150005,0.15233381175576186,0.11901385707429778,0.09536525802003783,-0.03999999999999915,0.4299999999999997,0.03453474197996219,-0.36999999999999966,-0.06000000000000005,-0.16999999999999993
2023-12-27,4781.58,12.43,3.79,4.2,3.34,0.001429419277681746,0.0027665083953953315,0.14742157042119253,0.11906946845001438,0.09528936927356942,-0.5600000000000005,-0.09999999999999964,0.029010630726430578,-0.41000000000000014,-0.14000000000000012,-0.20999999999999996
2023-12-28,4783.35,12.47,3.84,4.26,3.32,0.00037010203319937546,0.017929754603114474,0.06325224714690128,0.1034797417394058,0.09478406275512864,0.040000000000000924,-1.1999999999999993,0.029915937244871363,-0.41999999999999993,-0.020000000000000018,-0.08000000000000007
2023-12-29,4769.83,12.45,3.88,4.23,3.34,-0.0028304729998547477,0.004850491510765656,0.04052599702607569,0.10557206077311926,0.09648471960187124,-0.02000000000000135,-1.200000000000001,0.028015280398128756,-0.35000000000000053,-0.010000000000000231,-0.09999999999999964
2024-01-02,4742.83,13.2,3.95,4.33,3.54,-0.005676660892965471,-0.0024848761819894535,0.060973844225922356,0.11086980465833339,0.0992753731700044,0.75,0.16999999999999993,0.03272462682999561,-0.3799999999999999,0.050000000000000266,0.020000000000000462
2024-01-03,4704.81,14.04,3.91,4.33,3.71,-0.00804861430897457,-0.014756226890914059,0.06332278169415233,0.11594762498074868,0.10213071794028956,0.8399999999999999,1.049999999999999,0.03826928205971043,-0.41999999999999993,0.020000000000000018,0.07000000000000028
2024-01-04,4688.68,14.13,3.99,4.38,3.69,-0.003434296699869414,-0.01961994286846504,0.05017398466024988,0.11036870193095476,0.10338295639081581,0.09000000000000163,1.700000000000001,0.0379170436091842,-0.3899999999999997,0.20000000000000018,0.17999999999999972
2024-01-05,4697.24,13.35,4.05,4.4,3.68,0.0018240092336748459,-0.018166035667989536,0.05840043620030125,0.08331937480930265,0.10152519032024826,-0.7800000000000011,0.879999999999999,0.03197480967975175,-0.35000000000000053,0.20999999999999996,0.14000000000000057
2024-01-08,4763.54,13.08,4.01,4.36,3.63,0.014015987132365047,-0.0013195755357697883,0.1393492733619155,0.09729774624273645,0.10860463226198154,-0.2699999999999996,0.6300000000000008,0.02219536773801846,-0.35000000000000053,0.1299999999999999,0.1299999999999999
2024-01-09,4756.5,12.76,4.02,4.36,3.59,-0.0014789856520085827,0.0028780997051872583,0.1320736630770299,0.09739372481172569,0.10891715086121947,-0.3200000000000003,-0.4399999999999995,0.018682849138780516,-0.34000000000000075,0.0699999999999994,0.03000000000000025
2024-01-10,4783.45,12.69,4.04,4.37,3.5,0.005649939819610993,0.0165766538337728,0.10961500760500084,0.09935401548699127,0.10957252710002069,-0.07000000000000028,-1.3499999999999996,0.017327472899979296,-0.33000000000000007,0.1299999999999999,0.040000000000000036
2024-01-11,4780.24,12.44,3.98,4.26,3.55,-0.000671289036040164,0.01933966149760205,0.10025171230258816,0.09917502916484627,0.10933141810346336,-0.25,-1.6900000000000013,0.015068581896536634,-0.2799999999999998,-0.010000000000000231,-0.1200000000000001
2024-01-12,4783.83,12.7,3.96,4.14,3.56,0.0007507264519410598,0.018266378715868357,0.10190618493057663,0.09923619999859735,0.09952963205651928,0.2599999999999998,-0.6500000000000004,0.02747036794348072,-0.17999999999999972,-0.08999999999999986,-0.2600000000000007
2024-01-16,4765.98,13.84,4.07,4.22,3.58,-0.0037382986232446964,0.0005120929602586281,0.055586775286398035,0.10006497030086366,0.10054194429387855,1.1400000000000006,0.7599999999999998,0.03785805570612144,-0.14999999999999947,0.0600000000000005,-0.14000000000000057
2024-01-17,4739.21,14.79,4.1,4.34,3.62,-0.005632727126755614,-0.003641648514488459,0.06918909755153987,0.09999639667890908,0.10286440462613278,0.9499999999999993,2.0299999999999994,0.04503559537386723,-0.2400000000000002,0.08000000000000007,-0.020000000000000462
2024-01-18,4780.94,14.13,4.14,4.34,3.58,0.008766724739532073,-0.0005248635945673045,0.08821324077639953,0.09806921750622057,0.1062725888312914,-0.6599999999999984,1.4400000000000013,0.03502741116870861,-0.20000000000000018,0.09999999999999964,-0.03000000000000025
2024-01-19,4839.81,13.3,4.15,4.39,3.54,0.012238283870230153,0.012384709311703,0.12353104340068001,0.10669804553178702,0.11281681226621346,-0.8300000000000001,0.8600000000000012,0.02018318773378655,-0.23999999999999932,0.17000000000000037,0.1299999999999999
2024-01-22,4850.43,13.19,4.11,4.37,3.49,0.0021918970535104105,0.013825879913272478,0.12268308348872425,0.10658378673447598,0.096760336249624,-0.11000000000000121,0.4900000000000002,0.035139663750375985,-0.2599999999999998,0.15000000000000036,0.23000000000000043
2024-01-23,4864.6,12.55,4.14,4.31,3.51,0.002917131506229948,0.020481310042747235,0.10876526724632887,0.08802025428652926,0.0914134545572105,-0.6399999999999988,-1.2899999999999991,0.034086545442789495,-0.16999999999999993,0.0699999999999994,0.08999999999999986
2024-01-24,4868.55,13.14,4.18,4.34,3.44,0.0008116591682758741,0.026925696337778703,0.07760884772869545,0.08614393295221792,0.09140974994136856,0.5899999999999999,-1.6499999999999986,0.03999025005863145,-0.16000000000000014,0.08000000000000007,0.0
2024-01-25,4894.16,13.45,4.14,4.28,3.45,0.005246506091991603,0.023405477690237965,0.07174812219150008,0.08573119401303557,0.09193190239098366,0.3099999999999987,-0.6800000000000015,0.04256809760901632,-0.14000000000000057,0.0,-0.05999999999999961
2024-01-26,4890.97,13.26,4.15,4.34,3.39,-0.000652009756234213,0.010515184063773563,0.035327453122291096,0.08571261261546445,0.09217011836157564,-0.1899999999999995,-0.040000000000000924,0.040429881638424356,-0.1899999999999995,0.0,-0.04999999999999982
2024-01-29,4927.93,13.6,4.08,4.29,3.41,0.007528373761456543,0.015851660771719633,0.052374312372850965,0.08899453525238855,0.09484981759751522,0.33999999999999986,0.41000000000000014,0.04115018240248479,-0.20999999999999996,-0.03000000000000025,-0.08000000000000007
2024-01-30,4924.97,13.31,4.06,4.36,3.42,-0.0006008383499372603,0.012333690915552495,0.05898355211360715,0.0836053163460766,0.093827827891784,-0.28999999999999915,0.7599999999999998,0.039272172108216,-0.3000000000000007,-0.08000000000000007,0.05000000000000071
2024-01-31,4845.65,14.35,3.99,4.27,3.59,-0.016236787963987382,-0.0047147562167107445,0.14725175426277962,0.12295122298919914,0.11066715512221491,1.0399999999999991,1.209999999999999,0.03283284487778508,-0.27999999999999936,-0.1899999999999995,-0.07000000000000028
2024-02-01,4906.19,13.88,3.87,4.2,3.56,0.012416277903485802,0.002455015594783552,0.1728161577057798,0.12957781897442042,0.11212870837394956,-0.46999999999999886,0.4300000000000015,0.026671291626050447,-0.33000000000000007,-0.2699999999999996,-0.08000000000000007
2024-02-02,4958.61,13.85,4.03,4.36,3.47,0.010627786351803241,0.01373481170282096,0.18615449476556137,0.12643282042074275,0.11402481127860946,-0.030000000000001137,0.5899999999999999,0.024475188721390526,-0.33000000000000007,-0.1200000000000001,0.020000000000000462
2024-02-05,4942.81,13.67,4.17,4.46,3.5,-0.003191464135615035,0.003014973805749335,0.18435551997150532,0.12956018540301836,0.11596675181059837,-0.17999999999999972,0.07000000000000028,0.020733248189401615,-0.29000000000000004,0.08999999999999986,0.16999999999999993
2024-02-06,4954.23,13.06,4.09,4.39,3.52,0.0023077617284261594,0.005923573884112665,0.18431536653867578,0.12946055297008777,0.1077674711097528,-0.6099999999999994,-0.25,0.0228325288902472,-0.2999999999999998,0.03000000000000025,0.02999999999999936
2024-02-07,4995.06,12.83,4.09,4.41,3.43,0.00820766692133105,0.03036802876943133,0.1021248464557288,0.13311083894774817,0.10914118821000597,-0.23000000000000043,-1.5199999999999996,0.019158811789994026,-0.3200000000000003,0.09999999999999964,0.14000000000000057
2024-02-08,4997.91,12.79,4.15,4.46,3.38,0.0005704010073624875,0.018522151873308045,0.08963763415682041,0.13254214070506742,0.10865226070756717,-0.040000000000000924,-1.0900000000000016,0.019247739292432814,-0.3099999999999996,0.28000000000000025,0.2599999999999998
2024-02-09,5026.61,12.93,4.17,4.48,3.33,0.005725975590860193,0.013620341112364927,0.07049712340852392,0.13270422061855178,0.10878846224238825,0.14000000000000057,-0.9199999999999999,0.020511537757611747,-0.3100000000000005,0.13999999999999968,0.1200000000000001
2024-02-12,5021.84,13.93,4.17,4.46,3.35,-0.0009494002275555409,0.015862405020424318,0.05959915667414678,0.13094336875963272,0.10931977386355599,1.0,0.2599999999999998,0.02998022613644402,-0.29000000000000004,0.0,0.0
2024-02-13,4953.17,15.85,4.31,4.64,3.36,-0.013768624761212093,-0.00021398146921376105,0.13538665520225074,0.15280927711678063,0.12189770880355102,1.92,2.789999999999999,0.03660229119644898,-0.33000000000000007,0.21999999999999975,0.25
2024-02-14,5000.62,14.38,4.27,4.56,3.38,0.0095341290968955,0.0011124807063504832,0.14070238147731234,0.12581950581785625,0.12131095656052597,-1.4699999999999989,1.5500000000000007,0.02248904343947404,-0.29000000000000004,0.17999999999999972,0.14999999999999947
2024-02-15,5029.73,14.01,4.24,4.56,3.35,0.005804399991794575,0.006346479690782552,0.1463123131119802,0.11619170840930933,0.11978724873028393,-0.370000000000001,1.2200000000000006,0.020312751269716073,-0.3199999999999994,0.08999999999999986,0.09999999999999964
2024-02-16,5005.57,14.24,4.3,4.64,3.34,-0.004815012341991563,-0.004194508242069255,0.1452176148318036,0.11166900269934169,0.11672413301657004,0.23000000000000043,1.3100000000000005,0.025675866983429954,-0.33999999999999986,0.1299999999999999,0.15999999999999925
2024-02-20,4975.51,15.42,4.27,4.59,3.37,-0.006023414477222352,-0.009268522491736028,0.1498545278861412,0.11544558923341303,0.11985068539775855,1.1799999999999997,1.4900000000000002,0.03434931460224146,-0.3200000000000003,0.09999999999999964,0.1299999999999999
2024-02-21,4981.8,15.34,4.32,4.64,3.34,0.0012633935945864823,0.005763495864062586,0.10619592806818971,0.11514671226515352,0.11969345413301814,-0.08000000000000007,-0.5099999999999998,0.033706545866981866,-0.3199999999999994,0.010000000000000675,0.0
2024-02-22,5087.03,14.54,4.33,4.69,3.22,0.02090289169482803,0.017132258461995047,0.17262042220049253,0.1508667697361652,0.13860300504204273,-0.8000000000000007,0.15999999999999837,0.00679699495795727,-0.3600000000000003,0.0600000000000005,0.13000000000000078
2024-02-23,5088.8,13.75,4.26,4.67,3.23,0.00034788317372660206,0.011675741643926985,0.17223097486914762,0.15092268540214085,0.1382628510804256,-0.7899999999999991,-0.2599999999999998,-0.0007628510804255917,-0.41000000000000014,0.019999999999999574,0.11000000000000032
2024-02-26,5069.53,13.74,4.28,4.69,3.23,-0.0037939352461026604,0.012696818739815898,0.16969427403020654,0.1515575416027308,0.13949142607855977,-0.009999999999999787,-0.5,-0.002091426078559777,-0.41000000000000014,-0.019999999999999574,0.05000000000000071
2024-02-27,5078.18,13.43,4.31,4.7,3.26,0.001704818544289236,0.0204250517613276,0.15319349800081636,0.1512604670021053,0.1378374629053635,-0.3100000000000005,-1.9900000000000002,-0.0035374629053634976,-0.39000000000000057,0.040000000000000036,0.11000000000000032
2024-02-28,5069.76,13.84,4.27,4.64,3.31,-0.001659450476103029,0.01750220769063812,0.15791756166380447,0.1283807786907433,0.13810259921236048,0.41000000000000014,-1.5,0.0002974007876395124,-0.3700000000000001,-0.05000000000000071,0.0
2024-02-29,5096.27,13.4,4.25,4.64,3.29,0.005215420393340162,0.001814736389150213,0.05425106139437007,0.12332276470490783,0.12168353958394025,-0.4399999999999995,-1.1399999999999988,0.012316460416059757,-0.3899999999999997,-0.08000000000000007,-0.05000000000000071
2024-03-01,5137.08,13.11,4.19,4.54,3.32,0.007975925057791697,0.009442778273215388,0.0765592908085905,0.1257090932865857,0.1178551298914467,-0.2900000000000009,-0.6400000000000006,0.013244870108553297,-0.34999999999999964,-0.0699999999999994,-0.1299999999999999
2024-03-04,5130.95,13.49,4.22,4.61,3.26,-0.0011939974324694175,0.012042716086848742,0.06588226785318102,0.12136138011535724,0.1141886195864641,0.3800000000000008,-0.25,0.020711380413535888,-0.39000000000000057,-0.0600000000000005,-0.08000000000000007
2024-03-05,5078.65,14.46,4.13,4.54,3.31,-0.01024534898157439,9.254856098502636e-05,0.11223873711204584,0.13109838419633432,0.12075921990903153,0.9700000000000006,1.0300000000000011,0.023840780090968475,-0.41000000000000014,-0.17999999999999972,-0.16000000000000014
2024-03-06,5104.76,14.5,4.11,4.55,3.27,0.005127959537251652,0.006879958574339651,0.1161223231771488,0.13188074230997573,0.1214670166239075,0.03999999999999915,0.6600000000000001,0.023532983376092484,-0.4399999999999995,-0.15999999999999925,-0.08999999999999986
2024-03-07,5157.36,14.44,4.09,4.5,3.27,0.010251382881397443,0.011915921062396955,0.13114427850741966,0.09611292714072438,0.12316934045469247,-0.0600000000000005,1.0399999999999991,0.021230659545307534,-0.41000000000000014,-0.16000000000000014,-0.13999999999999968
2024-03-08,5123.69,14.74,4.09,4.48,3.26,-0.0065499380656454595,-0.002609942061040329,0.1326540393300518,0.10408032791959632,0.12650585468795755,0.3000000000000007,1.6300000000000008,0.02089414531204245,-0.39000000000000057,-0.10000000000000053,-0.05999999999999961
2024-03-11,5117.94,15.22,4.1,4.51,3.26,-0.0011228682551799477,-0.0025388128837508074,0.1326322977700923,0.10169958341029252,0.12561953487678545,0.4800000000000004,1.7300000000000004,0.026580465123214547,-0.41000000000000014,-0.1200000000000001,-0.10000000000000053
2024-03-12,5175.27,13.84,4.16,4.58,3.2,0.011139497364012345,0.018846033461835984,0.12000832602254162,0.11394969564110427,0.1304932784066966,-1.3800000000000008,-0.620000000000001,0.007906721593303384,-0.41999999999999993,0.03000000000000025,0.040000000000000036
2024-03-13,5165.31,13.75,4.19,4.61,3.15,-0.001926391571868686,0.011791682352715747,0.12530910687842534,0.1141903944174313,0.1183117120184541,-0.08999999999999986,-0.75,0.019188287981545912,-0.41999999999999993,0.08000000000000007,0.0600000000000005
2024-03-14,5150.48,14.4,4.29,4.68,3.15,-0.0028752059156686048,-0.0013349064443502934,0.10645166167744319,0.11476925636672611,0.1161456091091039,0.6500000000000004,-0.03999999999999915,0.027854390890896114,-0.3899999999999997,0.20000000000000018,0.17999999999999972
2024-03-15,5117.09,14.41,4.31,4.72,3.16,-0.00650399611692649,-0.0012889644956313416,0.10628119584504678,0.11334074510219147,0.11826065952226518,0.009999999999999787,-0.33000000000000007,0.025839340477734826,-0.41000000000000014,0.21999999999999975,0.23999999999999932
2024-03-18,5149.42,14.33,4.34,4.73,3.13,0.006298168875158858,0.006132072634707358,0.11516258773150997,0.11799700341871038,0.1177645230642282,-0.08000000000000007,-0.8900000000000006,0.02553547693577181,-0.39000000000000057,0.2400000000000002,0.22000000000000064
2024-03-19,5178.51,13.82,4.3,4.68,3.1,0.0056332831318901015,0.0006258584025849389,0.08895471008650732,0.10415027576685545,0.11523896789501471,-0.5099999999999998,-0.019999999999999574,0.022961032104985277,-0.3799999999999999,0.13999999999999968,0.09999999999999964
2024-03-20,5224.62,13.04,4.27,4.59,3.14,0.008864697827341068,0.011416947801794773,0.10484481914375629,0.10892544453616397,0.11772691336820669,-0.7800000000000011,-0.7100000000000009,0.012673086631793298,-0.3200000000000003,0.07999999999999918,-0.020000000000000462
2024-03-21,5241.53,12.92,4.27,4.62,3.05,0.003231372513137806,0.017523526230601282,0.09435409305761511,0.09994484299571149,0.09545352176743467,-0.11999999999999922,-1.4800000000000004,0.03374647823256534,-0.35000000000000053,-0.020000000000000462,-0.05999999999999961
2024-03-22,5234.18,13.06,4.22,4.59,3.08,-0.0014032464064151588,0.02262427594111255,0.061493474150785384,0.0911159244112315,0.09593404850754439,0.14000000000000057,-1.3499999999999996,0.034665951492455604,-0.3700000000000001,-0.08999999999999986,-0.1299999999999999
2024-03-25,5218.19,13.19,4.25,4.54,3.11,-0.0030595955699421543,0.013266511496011725,0.07812801362395305,0.09354043569707196,0.09544002380672084,0.129999999999999,-1.1400000000000006,0.03645997619327915,-0.29000000000000004,-0.08999999999999986,-0.1900000000000004
2024-03-26,5203.58,13.24,4.24,4.56,3.15,-0.0028037482252575453,0.004829480138864255,0.08076954042386936,0.08041001278662821,0.09661191563417744,0.05000000000000071,-0.5800000000000001,0.03578808436582255,-0.3199999999999994,-0.05999999999999961,-0.1200000000000001
2024-03-27,5248.49,12.78,4.2,4.54,3.15,0.008593565940707955,0.004558348252231156,0.07910486675286926,0.08830847571829024,0.09937491556343332,-0.46000000000000085,-0.2599999999999998,0.028425084436566675,-0.33999999999999986,-0.0699999999999994,-0.04999999999999982
2024-03-28,5254.35,13.01,4.2,4.59,3.12,0.0011158887706710923,0.0024428645097643114,0.07658207767122498,0.08485358776459218,0.09853102548032955,0.23000000000000043,0.08999999999999986,0.031568974519670445,-0.3899999999999997,-0.0699999999999994,-0.03000000000000025
2024-04-01,5243.77,13.65,4.33,4.72,3.12,-0.0020155996658250933,0.0018305112503542492,0.07765101167044881,0.07464024851592886,0.09621389640001932,0.6400000000000006,0.5899999999999999,0.040286103599980694,-0.3899999999999997,0.11000000000000032,0.1299999999999999
2024-04-02,5205.81,14.61,4.36,4.7,3.23,-0.0072653957344673645,-0.002375288914170983,0.09346965135263342,0.08532801424375466,0.10039620059120621,0.9599999999999991,1.42,0.045703799408793794,-0.33999999999999986,0.11000000000000032,0.16000000000000014
2024-04-03,5211.49,14.33,4.36,4.68,3.23,0.0010904938060488179,0.0015189531171353363,0.09142356814987454,0.08151627754355506,0.0916514243468979,-0.27999999999999936,1.0899999999999999,0.051648575653102116,-0.3199999999999994,0.1200000000000001,0.1200000000000001
2024-04-04,5147.21,16.35,4.31,4.65,3.24,-0.012410983057457463,-0.019485595881030066,0.09303118941640653,0.09080989427238784,0.10242467154545175,2.0200000000000014,3.570000000000002,0.06107532845454826,-0.34000000000000075,0.10999999999999943,0.11000000000000032
2024-04-05,5204.34,16.03,4.39,4.73,3.18,0.011038072569656417,-0.00956341208204454,0.14101030788343352,0.10884621326276081,0.1034596351018752,-0.3200000000000003,3.0200000000000014,0.0568403648981248,-0.34000000000000075,0.1899999999999995,0.14000000000000057
2024-04-08,5202.39,15.19,4.42,4.78,3.15,-0.0003747574930495873,-0.007922569909269041,0.14141543156613556,0.10878577568117578,0.10018577322980654,-0.8400000000000016,1.5399999999999991,0.05171422677019347,-0.3600000000000003,0.08999999999999986,0.0600000000000005
2024-04-09,5209.91,14.98,4.36,4.74,3.14,0.0014444457627020377,0.0007872715879005231,0.13261715097445623,0.10829362498281805,0.09995931084139482,-0.20999999999999908,0.370000000000001,0.04984068915860519,-0.3799999999999999,0.0,0.040000000000000036
2024-04-10,5160.64,15.8,4.55,4.97,3.1,-0.009501978333887355,-0.00980520055203571,0.14831361932604775,0.11768713356594793,0.09873504070641562,0.8200000000000003,1.4700000000000006,0.059264959293584385,-0.41999999999999993,0.1899999999999995,0.29000000000000004
2024-04-11,5199.06,14.91,4.56,4.93,3.16,0.007417237205872028,0.010023019711293626,0.12531733265399053,0.11517139681756897,0.10201104508893545,-0.8900000000000006,-1.4400000000000013,0.04708895491106456,-0.3700000000000001,0.25,0.27999999999999936
2024-04-12,5123.41,17.31,4.5,4.88,3.25,-0.01465760702944856,-0.01567265988781149,0.14048016938784463,0.13308930877131056,0.1146989580078382,2.3999999999999986,1.2799999999999976,0.05840104199216177,-0.3799999999999999,0.11000000000000032,0.14999999999999947
2024-04-15,5061.82,19.23,4.63,4.93,3.28,-0.012094130563305876,-0.027392032958067733,0.15027176899803177,0.1413710748172375,0.12031198813486406,1.9200000000000017,4.040000000000001,0.07198801186513594,-0.2999999999999998,0.20999999999999996,0.14999999999999947
2024-04-16,5051.41,18.4,4.67,4.97,3.36,-0.002058690186348507,-0.03089516890711831,0.1419309624580432,0.13992935068476664,0.11763671318090081,-0.8300000000000018,3.419999999999998,0.06636328681909918,-0.2999999999999998,0.3099999999999996,0.22999999999999954
2024-04-17,5022.21,18.21,4.59,4.93,3.42,-0.005797336366096615,-0.02719052693932765,0.1388704653914145,0.13854178374812548,0.11612615398583002,-0.18999999999999773,2.41,0.06597384601416999,-0.33999999999999986,0.040000000000000036,-0.040000000000000036
2024-04-18,5011.12,18.0,4.64,4.98,3.39,-0.002210632863926085,-0.03681839700912566,0.09144349633683699,0.12976781368477386,0.10943631717501481,-0.21000000000000085,3.09,0.07056368282498518,-0.34000000000000075,0.08000000000000007,0.05000000000000071
2024-04-19,4967.23,18.71,4.62,4.97,3.37,-0.008797102336546191,-0.030957892316223156,0.06860698767378069,0.10731784200913061,0.11001212040111853,0.7100000000000009,1.4000000000000021,0.07708787959888148,-0.34999999999999964,0.1200000000000001,0.08999999999999986
2024-04-22,5010.6,16.94,4.62,4.97,3.29,0.008693327734887766,-0.010170434018029598,0.10500288682639476,0.12556660324040217,0.11717973659804738,-1.7699999999999996,-2.289999999999999,0.05222026340195264,-0.34999999999999964,-0.009999999999999787,0.040000000000000036
2024-04-23,5070.55,15.69,4.61,4.86,3.2,0.011893624576650831,0.0037818807449698424,0.14419977426262762,0.14683885191123372,0.12728166359618345,-1.2500000000000018,-2.709999999999999,0.02961833640381653,-0.25,-0.05999999999999961,-0.10999999999999943
2024-04-24,5071.63,15.97,4.65,4.89,3.19,0.00021297196541228134,0.009792189076478618,0.1328574265236114,0.14228726190993654,0.12730186197793542,0.28000000000000114,-2.24,0.03239813802206459,-0.23999999999999932,0.0600000000000005,-0.040000000000000036
2024-04-25,5048.42,15.37,4.7,4.96,3.24,-0.004586941901457446,0.007415880038947133,0.13850624099441178,0.13312136616601686,0.12223392469624807,-0.6000000000000014,-2.630000000000001,0.031466075303751936,-0.2599999999999998,0.0600000000000005,-0.020000000000000462
2024-04-26,5099.96,15.03,4.67,4.96,3.16,0.010157373516560254,0.026370355892053658,0.1128684063717206,0.13021575699691534,0.12924728008332612,-0.33999999999999986,-3.6800000000000015,0.021052719916673873,-0.29000000000000004,0.04999999999999982,-0.009999999999999787
2024-04-29,5116.17,14.67,4.63,4.97,3.12,0.003173415687477538,0.020850443844643435,0.10907251235386389,0.11349963647968501,0.13027640451313285,-0.35999999999999943,-2.2700000000000014,0.016423595486867143,-0.33999999999999986,0.009999999999999787,0.0
2024-04-30,5035.69,15.65,4.69,5.04,3.18,-0.01585555475344571,-0.006898735485452985,0.15395169080987856,0.14175624469552653,0.13884008431146297,0.9800000000000004,-0.03999999999999915,0.01765991568853703,-0.34999999999999964,0.08000000000000007,0.17999999999999972
2024-05-01,5018.39,15.39,4.63,4.96,3.21,-0.0034413923648739225,-0.010553099815739098,0.15375570378234718,0.1396816637020053,0.13858048348879493,-0.2599999999999998,-0.5800000000000001,0.015319516511205084,-0.33000000000000007,-0.020000000000000462,0.07000000000000028
2024-05-02,5064.2,14.68,4.58,4.87,3.16,0.009087013401337432,0.003120855487055705,0.16969961518879126,0.14620861165669927,0.13793786627230523,-0.7100000000000009,-0.6899999999999995,0.00886213372769476,-0.29000000000000004,-0.1200000000000001,-0.08999999999999986
2024-05-03,5127.79,13.49,4.5,4.81,3.08,0.01247858860899914,0.005442070579494518,0.178487315701857,0.14507677004940248,0.13966333338975812,-1.1899999999999995,-1.5399999999999991,-0.004763333389758123,-0.3099999999999996,-0.16999999999999993,-0.15000000000000036
2024-05-06,5180.74,13.49,4.49,4.82,3.03,0.010273136069376812,0.012541790961393486,0.19042939557935964,0.14696194525133952,0.14504421197025877,0.0,-1.1799999999999997,-0.010144211970258776,-0.33000000000000007,-0.13999999999999968,-0.14999999999999947
2024-05-07,5187.7,13.23,4.47,4.82,3.06,0.0013425358193505205,0.029739881534189893,0.1066608006435096,0.139099797135311,0.1450292586105855,-0.2599999999999998,-2.42,-0.012729258610585492,-0.35000000000000053,-0.22000000000000064,-0.21999999999999975
2024-05-08,5187.67,13.0,4.48,4.84,3.1,-5.78292629562257e-06,0.03317549097276811,0.08892066526988396,0.13919529999638836,0.14081900818395612,-0.23000000000000043,-2.3900000000000006,-0.01081900818395612,-0.35999999999999943,-0.14999999999999947,-0.1200000000000001
2024-05-09,5214.08,12.69,4.45,4.8,3.14,0.005078002595891348,0.02916648016732208,0.08647758603644623,0.13424702279557768,0.1394808209956162,-0.3100000000000005,-1.9900000000000002,-0.012580820995616221,-0.34999999999999964,-0.1299999999999999,-0.07000000000000028
2024-05-10,5222.68,12.55,4.5,4.87,3.12,0.0016480214063461682,0.018335912964669254,0.06574073617038785,0.1286285757759516,0.1280729806745856,-0.1399999999999988,-0.9399999999999995,-0.002572980674585612,-0.3700000000000001,0.0,0.0600000000000005
2024-05-13,5221.42,13.6,4.48,4.85,3.14,-0.00024128455417182781,0.007821492341120725,0.03379405574585769,0.12917819662015642,0.1186112656762526,1.049999999999999,0.10999999999999943,0.017388734323747407,-0.3699999999999992,-0.009999999999999787,0.02999999999999936
2024-05-14,5246.68,13.42,4.45,4.81,3.14,0.004826100061719822,0.011305056583489985,0.0406978525790926,0.08212145762501957,0.1183487767406477,-0.17999999999999972,0.1899999999999995,0.015851223259352287,-0.35999999999999943,-0.019999999999999574,-0.010000000000000675
2024-05-15,5308.15,12.45,4.36,4.73,3.13,0.011647879688045933,0.02295871919783149,0.0719204949308943,0.07813677917259478,0.1195019931955353,-0.9700000000000006,-0.5500000000000007,0.0049980068044647025,-0.3700000000000001,-0.1200000000000001,-0.10999999999999943
2024-05-16,5297.1,12.42,4.38,4.78,3.08,-0.00208387430730016,0.015796842294640095,0.08555057233821131,0.08412525259719722,0.11943276875861512,-0.02999999999999936,-0.2699999999999996,0.004767231241384881,-0.40000000000000036,-0.07000000000000028,-0.019999999999999574
2024-05-17,5303.27,11.99,4.42,4.83,3.09,0.0011641104408194052,0.015312931329113242,0.08615598423961318,0.07242550209460351,0.11160951564739004,-0.4299999999999997,-0.5600000000000005,0.00829048435260997,-0.41000000000000014,-0.08000000000000007,-0.040000000000000036
2024-05-20,5308.13,12.15,4.44,4.82,3.07,0.0009159960683443537,0.016470211951629538,0.08371733718917447,0.0619026941093022,0.11000271280656482,0.16000000000000014,-1.4499999999999993,0.01149728719343518,-0.3799999999999999,-0.040000000000000036,-0.02999999999999936
2024-05-21,5321.41,11.86,4.41,4.82,3.07,0.002498698327390512,0.014142810217299922,0.08265784465710885,0.06160579848513858,0.10472567388519852,-0.2900000000000009,-1.5600000000000005,0.01387432611480148,-0.41000000000000014,-0.040000000000000036,0.010000000000000675
2024-05-22,5307.01,12.29,4.43,4.86,3.11,-0.0027097176835470336,-0.00021478715429295987,0.035597119933141054,0.06607364355204476,0.1060460940866081,0.4299999999999997,-0.16000000000000014,0.016853905913391892,-0.4300000000000006,0.0699999999999994,0.1299999999999999
2024-05-23,5267.84,12.77,4.47,4.91,3.1,-0.00740817678564494,-0.005539089632637816,0.06375796324407064,0.07958748323985351,0.10889944357290206,0.4800000000000004,0.34999999999999964,0.01880055642709795,-0.4400000000000004,0.08999999999999986,0.1299999999999999
2024-05-24,5304.72,11.93,4.46,4.93,3.11,0.006976578915071976,0.00027337884161483746,0.08620745788229929,0.08506093160050208,0.10634392011857238,-0.8399999999999999,-0.0600000000000005,0.01295607988142762,-0.46999999999999975,0.040000000000000036,0.09999999999999964
2024-05-28,5306.04,12.92,4.54,4.94,3.09,0.00024880404548013993,-0.00039381318124947416,0.08591712979481317,0.08480575557884705,0.10641101024535365,0.9900000000000002,0.7699999999999996,0.022788989754646355,-0.40000000000000036,0.09999999999999964,0.1200000000000001
2024-05-29,5266.95,14.28,4.61,4.96,3.15,-0.007394346936505546,-0.010286858445145488,0.09540258473599851,0.09355656004482188,0.09087207157578796,1.3599999999999994,2.42,0.051927928424212025,-0.34999999999999964,0.20000000000000018,0.13999999999999968
2024-05-30,5235.48,14.47,4.55,4.92,3.19,-0.005992916722542298,-0.013570057484140701,0.09957308486078574,0.07395386737209708,0.09340575663221422,0.19000000000000128,2.1800000000000015,0.05129424336778578,-0.3700000000000001,0.1200000000000001,0.05999999999999961
2024-05-31,5277.51,12.92,4.51,4.89,3.2,0.007995864911522231,0.001833984213026422,0.1129734004587195,0.08735762781989816,0.09240080865412567,-1.5500000000000007,0.15000000000000036,0.03679919134587434,-0.3799999999999999,0.040000000000000036,-0.020000000000000462
2024-06-03,5283.4,13.11,4.41,4.82,3.17,0.0011154342969859781,-0.004027160405059609,0.09804605684671933,0.08733402360015939,0.0838171619756586,0.1899999999999995,1.1799999999999997,0.0472828380243414,-0.41000000000000014,-0.04999999999999982,-0.10999999999999943
2024-06-04,5291.34,13.16,4.33,4.77,3.22,0.0015016920495655548,-0.0027742724009742242,0.09929032876574766,0.08762552157650594,0.07715073587724443,0.05000000000000071,0.2400000000000002,0.05444926412275557,-0.4399999999999995,-0.20999999999999996,-0.17000000000000082
2024-06-05,5354.03,12.63,4.29,4.72,3.2,0.011778026448059028,0.0163981009835902,0.10891420573988954,0.10635392875249336,0.08604438774621505,-0.5299999999999994,-1.6499999999999986,0.04025561225378495,-0.4299999999999997,-0.3200000000000003,-0.2400000000000002
2024-06-06,5352.96,12.58,4.28,4.72,3.2,-0.0001998694317565987,0.022191148274376044,0.08237384877282014,0.10489591108511945,0.08609451212396198,-0.05000000000000071,-1.8900000000000006,0.03970548787603802,-0.4399999999999995,-0.2699999999999996,-0.20000000000000018
2024-06-07,5346.99,12.22,4.43,4.87,3.15,-0.0011158931807150971,0.013079390182138832,0.0829783833339801,0.09532422798244491,0.08555114998550817,-0.35999999999999943,-0.6999999999999993,0.036648850014491835,-0.4400000000000004,-0.08000000000000007,-0.019999999999999574
2024-06-10,5360.79,12.74,4.47,4.87,3.15,0.0025775665246065955,0.014541522409759469,0.0819556832989046,0.09068131737387256,0.08567082084533278,0.5199999999999996,-0.3699999999999992,0.04172917915466723,-0.40000000000000036,0.05999999999999961,0.04999999999999982
2024-06-11,5375.32,12.85,4.39,4.81,3.19,0.0027067548434573357,0.01574658520365122,0.08109467687596301,0.09091132591075196,0.08560416050805655,0.10999999999999943,-0.3100000000000005,0.04289583949194345,-0.41999999999999993,0.05999999999999961,0.040000000000000036
2024-06-12,5421.03,12.04,4.31,4.75,3.09,0.008467727171882782,0.012436285927475185,0.05941059662506588,0.08297471600993654,0.08843675135556514,-0.8100000000000005,-0.5900000000000016,0.03196324864443485,-0.4400000000000004,0.019999999999999574,0.03000000000000025
2024-06-13,5433.74,11.94,4.24,4.68,3.2,0.002341828672305396,0.014977984031537302,0.054723410004064665,0.06702533489825822,0.08025210540435891,-0.09999999999999964,-0.6400000000000006,0.03914789459564108,-0.4399999999999995,-0.040000000000000036,-0.040000000000000036
2024-06-14,5431.6,12.66,4.2,4.67,3.29,-0.0003939131270021622,0.01569996408525012,0.05144805856861467,0.06523659334032489,0.07956478319328456,0.7200000000000006,0.4399999999999995,0.047035216806715435,-0.46999999999999975,-0.22999999999999954,-0.20000000000000018
2024-06-17,5473.23,12.75,4.28,4.75,3.26,0.007635185920104081,0.020757583480747778,0.05981386486233735,0.06843605537941026,0.08272119986015021,0.08999999999999986,0.009999999999999787,0.04477880013984979,-0.46999999999999975,-0.1899999999999995,-0.1200000000000001
2024-06-18,5487.03,12.3,4.22,4.69,3.24,0.0025181897678469146,0.020569018405137335,0.06011503037509867,0.06777962796234749,0.08274682616183296,-0.4499999999999993,-0.5499999999999989,0.04025317383816705,-0.47000000000000064,-0.16999999999999993,-0.11999999999999922
2024-06-20,5473.17,13.28,4.25,4.7,3.23,-0.002529152276068834,0.009572138957185497,0.06062945866988278,0.05679292318400067,0.08398421709068467,0.9799999999999986,1.2400000000000002,0.04881578290931533,-0.4500000000000002,-0.05999999999999961,-0.04999999999999982
2024-06-21,5464.62,13.2,4.25,4.7,3.21,-0.0015633874377691908,0.005666922847110879,0.06507120325908454,0.05878434038057097,0.08333520348540518,-0.08000000000000007,1.2599999999999998,0.04866479651459482,-0.4500000000000002,0.009999999999999787,0.020000000000000462
2024-06-24,5447.87,13.33,4.25,4.71,3.19,-0.003069879221800406,0.0029909567523126418,0.07148515329644305,0.0624485521114731,0.07849189402036212,0.13000000000000078,0.6699999999999999,0.05480810597963788,-0.45999999999999996,0.04999999999999982,0.040000000000000036
2024-06-25,5469.3,12.84,4.23,4.65,3.19,0.00392593090057643,-0.0007182982672149338,0.05014684710698848,0.0632387002983728,0.0764829651717064,-0.4900000000000002,0.08999999999999986,0.05191703482829359,-0.41999999999999993,-0.04999999999999982,-0.09999999999999964
2024-06-26,5477.9,12.55,4.32,4.71,3.18,0.0015711783413408377,-0.0016653096937209735,0.04735277721641563,0.0631421819457374,0.07633359101961007,-0.28999999999999915,0.25,0.04916640898038993,-0.3899999999999997,0.10000000000000053,0.019999999999999574
2024-06-27,5482.87,12.24,4.29,4.7,3.21,0.0009068706560974762,0.0017707132384454738,0.04343440778095847,0.0514064897343979,0.06867233177086372,-0.3100000000000005,-1.0399999999999991,0.053727668229136286,-0.41000000000000014,0.040000000000000036,0.0
2024-06-28,5460.48,12.44,4.36,4.71,3.18,-0.004091988512145809,-0.0007578878359311989,0.05310111793758201,0.057014784949469245,0.06601464185497649,0.1999999999999993,-0.7599999999999998,0.058385358145023505,-0.34999999999999964,0.11000000000000032,0.009999999999999787
2024-07-01,5475.09,12.22,4.48,4.77,3.21,0.002672015942936098,0.004984007328805296,0.04868321191387784,0.05775506689787225,0.06231360127364657,-0.21999999999999886,-1.1099999999999994,0.059886398726353436,-0.28999999999999915,0.23000000000000043,0.05999999999999961
2024-07-02,5509.01,12.03,4.43,4.74,3.23,0.0061762197767835335,0.007234296205012203,0.058785929047538925,0.05320370667723361,0.06409936396098868,-0.19000000000000128,-0.8100000000000005,0.056200636039011306,-0.3100000000000005,0.1999999999999993,0.08999999999999986
2024-07-03,5537.02,12.09,4.36,4.71,3.25,0.005071516198197267,0.010734634061868597,0.0642505616406821,0.05711236252100201,0.06491161274094226,0.0600000000000005,-0.46000000000000085,0.055988387259057734,-0.34999999999999964,0.040000000000000036,0.0
2024-07-05,5567.19,12.48,4.28,4.6,3.27,0.005433988413197175,0.015261751818968433,0.06673622283059893,0.0576846691955834,0.05586100837465193,0.39000000000000057,0.2400000000000002,0.06893899162534808,-0.3199999999999994,-0.009999999999999787,-0.10000000000000053
2024-07-08,5572.85,12.37,4.28,4.62,3.2,0.0010161544279964853,0.020369894759110836,0.034213076070122354,0.05498475523640121,0.05540460771198761,-0.11000000000000121,-0.07000000000000028,0.06829539228801237,-0.33999999999999986,-0.08000000000000007,-0.08999999999999986
2024-07-09,5576.98,12.51,4.3,4.62,3.21,0.0007408185037586474,0.018438697319933396,0.041226732225574866,0.048121047710131426,0.054396799076250585,0.14000000000000057,0.28999999999999915,0.0707032009237494,-0.3200000000000003,-0.1800000000000006,-0.14999999999999947
2024-07-10,5633.91,12.85,4.28,4.62,3.17,0.010156283642139425,0.022418761185289397,0.06120431654804197,0.06201910842291336,0.061462045361290386,0.33999999999999986,0.8200000000000003,0.06703795463870962,-0.33999999999999986,-0.14999999999999947,-0.1200000000000001
2024-07-11,5584.54,12.92,4.2,4.5,3.18,-0.00880162923017665,0.008545615756915426,0.11143940611322481,0.08583463236088638,0.07333860179402563,0.07000000000000028,0.8300000000000001,0.05586139820597438,-0.2999999999999998,-0.16000000000000014,-0.20999999999999996
2024-07-12,5615.35,12.46,4.18,4.45,3.19,0.005501853628775982,0.008613480972494184,0.11158326374640998,0.0873893079375495,0.0705223473563562,-0.4599999999999991,-0.019999999999999574,0.05407765264364381,-0.27000000000000046,-0.10000000000000053,-0.14999999999999947
2024-07-15,5631.22,13.12,4.23,4.44,3.13,0.002822195662042845,0.010419522206540589,0.11159944990985186,0.07957870807404369,0.07059540572403346,0.6599999999999984,0.75,0.060604594275966525,-0.20999999999999996,-0.04999999999999982,-0.17999999999999972
2024-07-16,5667.2,13.19,4.17,4.43,3.08,0.006369053660041409,0.016047757362823312,0.11444867819834115,0.0811970386235602,0.07189666802539049,0.07000000000000028,0.6799999999999997,0.0600033319746095,-0.2599999999999998,-0.1299999999999999,-0.1900000000000004
2024-07-17,5588.27,14.48,4.16,4.42,3.09,-0.014025410555021933,-0.008133936834338095,0.14630162511066813,0.1174374125863355,0.08895891756632572,1.290000000000001,1.6300000000000008,0.05584108243367429,-0.2599999999999998,-0.1200000000000001,-0.20000000000000018
2024-07-18,5544.59,15.93,4.2,4.46,3.09,-0.00784708046968273,-0.0071793880738442745,0.143482219647026,0.12394214741153807,0.09413287241727428,1.4499999999999993,3.01,0.06516712758272572,-0.2599999999999998,0.0,-0.040000000000000036
2024-07-19,5505.0,16.52,4.25,4.49,3.09,-0.007165907407029404,-0.01984714910964965,0.13267015110305616,0.124998205799471,0.0975045825158854,0.5899999999999999,4.059999999999999,0.06769541748411459,-0.2400000000000002,0.07000000000000028,0.040000000000000036
2024-07-22,5564.41,14.91,4.26,4.5,3.05,0.010734189165974961,-0.011935155605717526,0.1659127430187487,0.13845141100802177,0.10396188603347395,-1.6099999999999994,1.790000000000001,0.04513811396652606,-0.2400000000000002,0.02999999999999936,0.05999999999999961
2024-07-23,5555.74,14.72,4.25,4.4,3.02,-0.0015593317997995005,-0.019863541065558477,0.1481486526806664,0.13851776904508353,0.10333228269346509,-0.1899999999999995,1.5300000000000011,0.04386771730653491,-0.15000000000000036,0.08000000000000007,-0.02999999999999936
2024-07-24,5427.13,18.04,4.28,4.37,3.1,-0.02342117844388951,-0.029259308954426043,0.19569981674564121,0.16668554062696897,0.13402936808476482,3.3199999999999985,3.5599999999999987,0.04637063191523519,-0.08999999999999986,0.1200000000000001,-0.04999999999999982
2024-07-25,5399.22,18.46,4.27,4.41,3.08,-0.0051559504042484414,-0.026568178888991784,0.19490223365437928,0.1645767053270991,0.13485045250645616,0.4200000000000017,2.530000000000001,0.04974954749354385,-0.14000000000000057,0.0699999999999994,-0.04999999999999982
2024-07-26,5459.1,16.39,4.2,4.36,3.1,0.01102944231248889,-0.008372829169473591,0.2245580160360941,0.17493761386243795,0.14111507394190026,-2.0700000000000003,-0.129999999999999,0.022784926058099758,-0.16000000000000014,-0.04999999999999982,-0.1299999999999999
2024-07-29,5463.54,16.6,4.17,4.36,3.13,0.0008129903108684501,-0.018294028024580133,0.19968815316321484,0.17340657290875455,0.14040105899204974,0.21000000000000085,1.6900000000000013,0.025598941007950266,-0.1900000000000004,-0.08999999999999986,-0.13999999999999968
2024-07-30,5436.44,17.69,4.15,4.35,3.2,-0.004972496433736025,-0.021707192658516665,0.19889596769253942,0.1653669902274384,0.14111211915731242,1.0899999999999999,2.9700000000000006,0.03578788084268758,-0.1999999999999993,-0.09999999999999964,-0.05000000000000071
2024-07-31,5522.3,16.36,4.09,4.29,3.25,0.01567000529191805,0.017383991077290786,0.15033241360450653,0.18209218265346408,0.15064158020522686,-1.3300000000000018,-1.6799999999999997,0.012958419794773135,-0.20000000000000018,-0.1900000000000004,-0.08000000000000007
2024-08-01,5446.68,18.59,3.99,4.16,3.35,-0.013788191433053192,0.008751750048486176,0.1890633118648942,0.1904276474694942,0.15715489840384428,2.2300000000000004,0.129999999999999,0.02874510159615573,-0.16999999999999993,-0.27999999999999936,-0.25
2024-08-02,5346.56,23.39,3.8,3.88,3.72,-0.018552885294602865,-0.020830577558605547,0.2127534868587303,0.20727660569571013,0.16723163410445993,4.800000000000001,7.0,0.06666836589554007,-0.08000000000000007,-0.40000000000000036,-0.4800000000000004
2024-08-05,5186.33,38.57,3.78,3.89,3.93,-0.030427045496882188,-0.05207061336635617,0.27359173233343503,0.23277571287424245,0.19465303461155564,15.18,21.97,0.19104696538844435,-0.11000000000000032,-0.3900000000000001,-0.4700000000000002
2024-08-06,5240.03,27.71,3.9,3.99,3.67,0.010300905557719547,-0.03679721137490065,0.31157939184050637,0.24772376010626912,0.20035136929667638,-10.86,10.02,0.07674863070332363,-0.0900000000000003,-0.25000000000000044,-0.35999999999999943
2024-08-07,5199.5,27.85,3.96,4.0,3.57,-0.007764756389251183,-0.060231973056069754,0.23824337106538065,0.22833935479492368,0.1946226140199705,0.14000000000000057,11.490000000000002,0.08387738598002953,-0.040000000000000036,-0.1299999999999999,-0.29000000000000004
2024-08-08,5319.31,23.79,3.99,4.04,3.48,0.022781128575607587,-0.023662653047409117,0.34078563822642305,0.26541301679668167,0.21548437281841631,-4.060000000000002,5.199999999999999,0.022415627181583686,-0.04999999999999982,0.0,-0.1200000000000001
2024-08-09,5344.16,20.37,3.94,4.05,3.49,0.004660780212150723,-0.00044898754065551756,0.32073455815422247,0.25884511112794706,0.21509393007056746,-3.419999999999998,-3.0199999999999996,-0.011393930070567437,-0.10999999999999988,0.14000000000000012,0.16999999999999993
2024-08-12,5344.39,20.71,3.9,4.01,3.52,4.3036707511422095e-05,0.03002109466373816,0.18218572717480933,0.2586289327368909,0.21441130009500495,0.33999999999999986,-17.86,-0.007311300095004941,-0.10999999999999988,0.1200000000000001,0.11999999999999966
2024-08-13,5434.43,18.12,3.85,3.93,3.54,0.016707226654933075,0.036427415760951695,0.19679525729073657,0.27454181679679357,0.22311948340663446,-2.59,-9.59,-0.041919483406634456,-0.08000000000000007,-0.04999999999999982,-0.06000000000000005
2024-08-14,5455.21,16.19,3.83,3.94,3.46,0.003816476067632372,0.04800864821783523,0.15338327769323787,0.26170155684435736,0.21942615788458184,-1.9299999999999997,-11.66,-0.05752615788458182,-0.10999999999999988,-0.1299999999999999,-0.06000000000000005
2024-08-15,5543.22,15.23,3.92,4.08,3.31,0.01600444401278594,0.04123196365501361,0.12077905716655668,0.26436817165649434,0.2260828992067788,-0.9600000000000009,-8.559999999999999,-0.0737828992067788,-0.16000000000000014,-0.07000000000000028,0.040000000000000036
2024-08-16,5554.25,14.8,3.89,4.06,3.29,0.0019878411263283945,0.03855902456919127,0.12710337628910862,0.23908358614014738,0.22457126734525484,-0.4299999999999997,-5.57,-0.07657126734525482,-0.16999999999999948,-0.04999999999999982,0.009999999999999787
2024-08-19,5608.25,14.65,3.86,4.06,3.21,0.009675327436177775,0.048191315297857674,0.1073503073651174,0.14421545033628938,0.22395845760868996,-0.15000000000000036,-6.0600000000000005,-0.07745845760868997,-0.19999999999999973,-0.040000000000000036,0.04999999999999982
2024-08-20,5597.12,15.88,3.82,3.99,3.25,-0.001986548174716506,0.029497540468207937,0.11174249378528445,0.1513161578952286,0.22401296442907145,1.2300000000000004,-2.24,-0.06521296442907146,-0.17000000000000037,-0.03000000000000025,0.06000000000000005
2024-08-21,5620.85,16.27,3.79,3.92,3.27,0.004230718284184624,0.02991178268476016,0.11129380275399255,0.12991615864383893,0.20582628640791018,0.3899999999999988,0.0799999999999983,-0.04312628640791019,-0.1299999999999999,-0.040000000000000036,-0.020000000000000018
2024-08-22,5570.64,17.55,3.86,3.99,3.21,-0.008972949425464468,0.004934389246509985,0.11085278249360941,0.12503556410814545,0.20796066036956265,1.2800000000000011,2.3200000000000003,-0.03246066036956263,-0.13000000000000034,-0.06000000000000005,-0.08999999999999986
2024-08-23,5634.61,15.86,3.81,3.9,3.19,0.011417986208502448,0.014364534328683936,0.13401356311615104,0.12961953816812297,0.20819968294196628,-1.6900000000000013,1.0599999999999987,-0.04959968294196629,-0.08999999999999986,-0.08000000000000007,-0.1599999999999997
2024-08-26,5616.84,16.15,3.82,3.91,3.15,-0.003158706615574787,0.0015305002769315332,0.12353552898467046,0.13416685277160562,0.20887054550646822,0.28999999999999915,1.4999999999999982,-0.04737054550646824,-0.0900000000000003,-0.040000000000000036,-0.14999999999999947
2024-08-27,5625.8,15.43,3.83,3.83,3.17,0.0015939320118754585,0.005110980463523406,0.12195425494133706,0.11757902753558586,0.2075164182590368,-0.7199999999999989,-0.45000000000000107,-0.05321641825903681,0.0,0.010000000000000231,-0.16000000000000014
2024-08-28,5592.18,17.11,3.84,3.83,3.19,-0.005993966945423385,-0.005113704766084616,0.12652389127659158,0.12670762434935956,0.20237434100012752,1.6799999999999997,0.8399999999999999,-0.03127434100012752,0.009999999999999787,0.04999999999999982,-0.08999999999999986
2024-08-29,5591.96,15.65,3.87,3.87,3.15,-3.934142455813639e-05,0.003819903234821748,0.10526944761964244,0.10193204945095555,0.19513896981570425,-1.459999999999999,-1.9000000000000004,-0.03863896981570425,0.0,0.010000000000000231,-0.1200000000000001
2024-08-30,5648.4,15.0,3.91,3.91,3.13,0.010042467382856683,0.0024443844091757657,0.09659458104585164,0.11192321777473062,0.18251272555742448,-0.6500000000000004,-0.8599999999999994,-0.03251272555742449,0.0,0.10000000000000009,0.010000000000000231
2024-09-03,5528.93,20.72,3.84,3.88,3.31,-0.02137801245458143,-0.015774921429830873,0.18556388912091615,0.15141068929831467,0.1624188515364624,5.719999999999999,4.57,0.04478114846353759,-0.040000000000000036,0.020000000000000018,-0.03000000000000025
2024-09-04,5520.07,21.32,3.77,3.76,3.35,-0.0016037653903594354,-0.0189726188320657,0.1817578752792413,0.15138309017707702,0.16100525084965983,0.6000000000000014,5.890000000000001,0.05219474915034017,0.010000000000000231,-0.06000000000000005,-0.07000000000000028
2024-09-05,5503.41,19.9,3.73,3.75,3.29,-0.0030226412501879545,-0.016001293136830297,0.18071373091101564,0.14819288775990275,0.15780318620190856,-1.4200000000000017,2.789999999999999,0.041196813798091425,-0.020000000000000018,-0.10999999999999988,-0.08000000000000007
2024-09-06,5408.42,22.38,3.72,3.66,3.39,-0.017410901670867562,-0.03337285338313971,0.2023562409096876,0.1643093316478319,0.15490643029540502,2.4800000000000004,6.729999999999999,0.06889356970459498,0.06000000000000005,-0.1499999999999999,-0.20999999999999996
2024-09-09,5471.05,19.45,3.7,3.68,3.36,0.011513555690021488,-0.03190176507597496,0.21013267489251453,0.16454394812731596,0.15900923869667133,-2.9299999999999997,4.449999999999999,0.03549076130332868,0.020000000000000018,-0.20999999999999996,-0.22999999999999998
2024-09-10,5495.52,19.08,3.65,3.59,3.46,0.004462660724490219,-0.006061091896903461,0.17023103451472077,0.168664058620229,0.1593660747308757,-0.370000000000001,-1.6400000000000006,0.03143392526912428,0.06000000000000005,-0.18999999999999995,-0.29000000000000004
2024-09-11,5554.13,17.69,3.65,3.62,3.44,0.010608580303038784,0.006151253796494756,0.18945404692041984,0.18000663897440855,0.15293442791014425,-1.389999999999997,-3.629999999999999,0.023965572089855752,0.029999999999999805,-0.1200000000000001,-0.13999999999999968
2024-09-12,5595.76,17.07,3.68,3.64,3.39,0.00746737294203047,0.016641267988713303,0.18925550679319528,0.18280284608942574,0.1543405085741404,-0.620000000000001,-2.8299999999999983,0.0163594914258596,0.040000000000000036,-0.04999999999999982,-0.10999999999999988
2024-09-13,5626.02,16.56,3.66,3.57,3.37,0.005393096878371416,0.03944526653795214,0.049364757512629316,0.18474071034120307,0.14523376439209693,-0.5100000000000016,-5.82,0.02036623560790307,0.0900000000000003,-0.06000000000000005,-0.0900000000000003
2024-09-16,5633.09,17.14,3.63,3.56,3.32,0.0012558720767880025,0.029187582924718656,0.055275827750395724,0.17729094901710538,0.14517366986598873,0.5800000000000018,-2.3099999999999987,0.026226330134011266,0.06999999999999984,-0.07000000000000028,-0.1200000000000001
2024-09-17,5634.58,17.61,3.65,3.59,3.25,0.00026447349073670164,0.024989395690965397,0.06834446238662185,0.13287188008063755,0.14125129046875792,0.46999999999999886,-1.4699999999999989,0.034848709531242084,0.06000000000000005,0.0,0.0
2024-09-18,5618.26,18.23,3.7,3.61,3.21,-0.0029006031263851696,0.0114802122615413,0.06571584062102516,0.13398227699128612,0.1414789721676908,0.620000000000001,0.5399999999999991,0.04082102783230923,0.0900000000000003,0.050000000000000266,-0.010000000000000231
2024-09-19,5713.64,16.33,3.73,3.59,3.1,0.01683429124758695,0.020847130567097784,0.12183592864116269,0.1502192217669174,0.15286998791573236,-1.9000000000000021,-0.740000000000002,0.01043001208426761,0.14000000000000012,0.04999999999999982,-0.050000000000000266
2024-09-20,5702.55,16.15,3.73,3.55,3.15,-0.001942855451501775,0.013511178237224671,0.12816104800408415,0.10132317538236431,0.1488824623271254,-0.17999999999999972,-0.41000000000000014,0.012617537672874574,0.18000000000000016,0.06999999999999984,-0.020000000000000018
2024-09-23,5718.57,15.89,3.75,3.57,3.15,0.0028053309143568263,0.01506063707479358,0.12752991612213385,0.09563028672643135,0.1440812014508807,-0.259999999999998,-1.25,0.0148187985491193,0.18000000000000016,0.1200000000000001,0.009999999999999787
2024-09-24,5732.93,15.39,3.74,3.49,3.21,0.0025079697029956895,0.017304133287052666,0.12546253756130102,0.09611084433438495,0.14345042585700551,-0.5,-2.219999999999999,0.010449574142994494,0.25,0.0900000000000003,-0.09999999999999964
2024-09-25,5722.26,15.41,3.79,3.53,3.19,-0.0018629115860669923,0.018341824827370797,0.12232484540645785,0.09328225838785953,0.14379230654828865,0.019999999999999574,-2.8200000000000003,0.01030769345171137,0.26000000000000023,0.08999999999999986,-0.08000000000000007
2024-09-26,5745.37,15.37,3.79,3.6,3.14,0.004030480802872329,0.005538014382656203,0.044558880636547574,0.09019980855617307,0.14185378456040917,-0.040000000000000924,-0.9599999999999991,0.01184621543959083,0.18999999999999995,0.06000000000000005,0.010000000000000231
2024-09-27,5738.17,16.96,3.75,3.55,3.14,-0.0012539688882457197,0.0062269009459122796,0.041768804331874056,0.0906866880429694,0.14207705552064903,1.5900000000000016,0.8100000000000023,0.02752294447935097,0.20000000000000018,0.020000000000000018,0.0
2024-09-30,5762.48,16.73,3.81,3.66,3.03,0.004227593432856073,0.007649163464411632,0.046110028968724986,0.09125318358258262,0.13878749206946672,-0.23000000000000043,0.8399999999999999,0.028512507930533282,0.1499999999999999,0.06000000000000005,0.0900000000000003
2024-10-01,5708.75,19.26,3.74,3.61,3.07,-0.009367852083837029,-0.004226658322421186,0.08815138797350573,0.10838621879014886,0.11811098842609224,2.530000000000001,3.870000000000001,0.07448901157390778,0.13000000000000034,0.0,0.11999999999999966
2024-10-02,5709.54,18.9,3.79,3.63,3.06,0.0001383744853669804,-0.0022253722509873626,0.08784037524418517,0.10613253722358587,0.11764514314292386,-0.360000000000003,3.4899999999999984,0.07135485685707611,0.16000000000000014,0.0,0.10000000000000009
2024-10-03,5699.94,20.49,3.85,3.7,3.04,-0.0016828115331257495,-0.007938664586985368,0.07835326461756698,0.06418355427619495,0.1170282029230334,1.5899999999999999,5.119999999999999,0.08787179707696657,0.1499999999999999,0.06000000000000005,0.10000000000000009
2024-10-04,5751.07,19.21,3.98,3.93,2.89,0.008930275984437889,0.0022455802856981358,0.10860457980648984,0.07785869973431081,0.09511445650898855,-1.2799999999999976,2.25,0.09698554349101147,0.04999999999999982,0.22999999999999998,0.38000000000000034
2024-10-07,5695.94,22.64,4.03,3.99,2.95,-0.009632284107421169,-0.01161429725457919,0.12197573553972754,0.09271707171305314,0.09972686657797644,3.4299999999999997,5.91,0.12667313342202358,0.040000000000000036,0.2200000000000002,0.33000000000000007
2024-10-08,5751.13,21.42,4.04,3.98,2.99,0.009642716894192714,0.007396271723450484,0.12734847183573042,0.1050700998773116,0.1030533230100871,-1.2199999999999989,2.16,0.11114667698991293,0.06000000000000005,0.2999999999999998,0.3700000000000001
2024-10-09,5792.04,20.86,4.06,3.99,2.94,0.007088203896394327,0.014346101134477702,0.13220355555315644,0.10938977836459837,0.09998878031766072,-0.5600000000000023,1.9600000000000009,0.10861121968233929,0.0699999999999994,0.2699999999999996,0.3600000000000003
2024-10-10,5780.05,20.93,4.09,3.98,2.99,-0.0020722279710146596,0.013956684696588856,0.13307432191148863,0.1092769550698401,0.09892151447958117,0.07000000000000028,0.4400000000000013,0.11037848552041882,0.10999999999999988,0.23999999999999977,0.2799999999999998
2024-10-11,5815.03,20.46,4.08,3.95,2.98,0.0060336118627852325,0.011060020574936144,0.1260598134418577,0.11190373992935708,0.09927104018803172,-0.46999999999999886,1.25,0.10532895981196828,0.1299999999999999,0.10000000000000009,0.020000000000000018
2024-10-14,5859.85,19.7,4.08,3.95,2.97,0.0076780609629941675,0.028370365645351576,0.07183119002048895,0.11568169259501997,0.10152293205148397,-0.7600000000000016,-2.9400000000000013,0.09547706794851601,0.1299999999999999,0.04999999999999982,-0.040000000000000036
2024-10-15,5815.26,20.64,4.03,3.95,2.93,-0.007638509068754146,0.011089139682404813,0.107562786169672,0.11130199373711978,0.10701447341509734,0.9400000000000013,-0.7800000000000011,0.09938552658490266,0.08000000000000007,-0.009999999999999787,-0.029999999999999805
2024-10-16,5842.47,19.58,4.02,3.93,2.9,0.0046681557065759915,0.008669091492586517,0.10188141476106059,0.11167540649777673,0.10618238376185252,-1.0600000000000023,-1.2800000000000011,0.08961761623814746,0.08999999999999941,-0.040000000000000036,-0.06000000000000005
2024-10-17,5841.47,19.11,4.09,3.96,2.89,-0.00017117513483320916,0.010570144328768058,0.09823592006896219,0.11041602877737486,0.09059370710949848,-0.46999999999999886,-1.8200000000000003,0.10050629289050152,0.1299999999999999,0.0,-0.020000000000000018
2024-10-18,5864.67,18.03,4.08,3.95,2.88,0.003963737043124536,0.008500269509107226,0.09404246390948377,0.1049366819328722,0.09038286889945871,-1.0799999999999983,-2.4299999999999997,0.08991713110054131,0.1299999999999999,0.0,0.0
2024-10-21,5853.98,18.37,4.19,4.02,2.88,-0.0018244427413090425,-0.0010022341951958795,0.07897735477151246,0.0864933267592617,0.090921685469059,0.33999999999999986,-1.3299999999999983,0.092778314530941,0.17000000000000082,0.11000000000000032,0.0699999999999994
2024-10-22,5851.2,18.2,4.2,4.03,2.92,-0.00047500338350551163,0.006161271490052741,0.04593617139598691,0.07840882401052987,0.09095609520635282,-0.1700000000000017,-2.4400000000000013,0.09104390479364717,0.16999999999999993,0.16999999999999993,0.08000000000000007
2024-10-23,5797.42,19.24,4.24,4.07,2.95,-0.009233777411953054,-0.007740661628476266,0.07636851407711362,0.08921493796263942,0.09757783131522373,1.0399999999999991,-0.33999999999999986,0.09482216868477626,0.16999999999999993,0.22000000000000064,0.14000000000000012
2024-10-24,5809.86,19.08,4.21,4.07,2.93,0.0021434831869283494,-0.005426003306714649,0.0806458958653056,0.08885963955343018,0.09693921541841266,-0.16000000000000014,-0.030000000000001137,0.09386078458158731,0.13999999999999968,0.1200000000000001,0.11000000000000032
2024-10-25,5808.12,20.33,4.25,4.11,2.89,-0.00029953572187414154,-0.00968927607171322,0.06861235768185414,0.08336281058916215,0.0967616242749923,1.25,2.299999999999997,0.10653837572500768,0.13999999999999968,0.16999999999999993,0.16000000000000014
2024-10-28,5823.52,19.8,4.28,4.12,2.82,0.0026479514493707988,-0.0052168818810334186,0.07602422262938027,0.07342120039073004,0.09613788472059437,-0.5299999999999976,1.4299999999999997,0.10186211527940564,0.16000000000000014,0.08999999999999986,0.10000000000000053
2024-10-29,5832.92,19.34,4.28,4.11,2.85,0.0016128426925638532,-0.003129035804964041,0.0784149362009965,0.0625487751461318,0.08876735880687954,-0.46000000000000085,1.1400000000000006,0.10463264119312045,0.16999999999999993,0.08000000000000007,0.08000000000000007
2024-10-30,5813.67,20.35,4.29,4.15,2.8,-0.003305691628139004,0.0027990499788498346,0.03860624441388586,0.05971201565630997,0.09008190298986574,1.0100000000000016,1.110000000000003,0.11341809701013428,0.13999999999999968,0.04999999999999982,0.08000000000000007
2024-10-31,5705.45,23.16,4.28,4.16,2.88,-0.01879018259951983,-0.018134615807598245,0.1392820335447172,0.10938362873232234,0.1139123791698812,2.8099999999999987,4.080000000000002,0.1176876208301188,0.1200000000000001,0.07000000000000028,0.08999999999999986
2024-11-01,5728.8,21.88,4.37,4.21,2.83,0.004084226330236237,-0.01375085375548801,0.14901656326171797,0.10958004513529113,0.11013706689499812,-1.2800000000000011,1.5500000000000007,0.10866293310500187,0.16000000000000014,0.1200000000000001,0.09999999999999964
2024-11-04,5712.69,21.98,4.31,4.17,2.87,-0.0028160686495115016,-0.019214873854370356,0.14140094639532,0.10956146093990105,0.10492402274007058,0.10000000000000142,2.1799999999999997,0.11487597725992942,0.13999999999999968,0.02999999999999936,0.04999999999999982
2024-11-05,5782.76,20.49,4.26,4.19,2.86,0.01219106130274809,-0.008636655244186076,0.1813993912099331,0.13207025864815708,0.10831796344423676,-1.490000000000002,1.1499999999999986,0.09658203655576321,0.0699999999999994,-0.020000000000000462,0.08000000000000007
2024-11-06,5929.04,16.27,4.42,4.27,2.74,0.02498123383889653,0.019650270222849455,0.260014978096931,0.17749767043463593,0.13784396735214646,-4.219999999999999,-4.080000000000002,0.02485603264785352,0.15000000000000036,0.1299999999999999,0.11999999999999922
2024-11-07,5973.1,15.2,4.31,4.21,2.73,0.007403744412989463,0.04584419723535859,0.16492928306057372,0.1793678664954676,0.13898801771965888,-1.0700000000000003,-7.960000000000001,0.013011982280341117,0.09999999999999964,0.02999999999999936,0.04999999999999982
2024-11-08,5995.54,14.94,4.3,4.26,2.63,0.0037498038697994338,0.04550977477492174,0.16559455479505195,0.17857705699988546,0.13826561813887098,-0.2599999999999998,-6.9399999999999995,0.011134381861129028,0.040000000000000036,-0.07000000000000028,0.04999999999999982
2024-11-11,6001.35,14.97,4.3,4.26,2.63,0.0009685844338363746,0.04929442785826977,0.14986714877806778,0.17891474540514987,0.13634555684896238,0.030000000000001137,-7.01,0.01335444315103762,0.040000000000000036,-0.009999999999999787,0.08999999999999986
2024-11-12,5983.99,14.71,4.43,4.34,2.61,-0.002896874371566189,0.03420649218395565,0.17175522803029805,0.18131552579331026,0.13327634729542992,-0.2599999999999998,-5.779999999999998,0.013823652704570089,0.08999999999999986,0.16999999999999993,0.14999999999999947
2024-11-13,5985.38,14.02,4.44,4.27,2.64,0.0002322595101076364,0.009457517855166598,0.06167175463335016,0.17896705472053945,0.13277613526783452,-0.6900000000000013,-2.25,0.007423864732165469,0.17000000000000082,0.020000000000000462,0.0
2024-11-14,5949.17,14.31,4.43,4.34,2.6,-0.006068115029117462,-0.0040143415869401495,0.05994810002505092,0.14369172037773476,0.13521626292876984,0.2900000000000009,-0.8899999999999988,0.007883737071230162,0.08999999999999986,0.1200000000000001,0.1299999999999999
2024-11-15,5870.62,16.14,4.43,4.31,2.72,-0.013291463960568205,-0.021055609417307764,0.0919493366851257,0.16837949788413908,0.14366218684228504,1.83,1.200000000000001,0.01773781315771497,0.1200000000000001,0.1299999999999999,0.04999999999999982
2024-11-18,5893.62,15.58,4.42,4.29,2.72,0.003910159824107666,-0.018114034027036666,0.10397395600622339,0.16586114732648555,0.1441108612186422,-0.5600000000000005,0.6099999999999994,0.0116891387813578,0.1299999999999999,0.1200000000000001,0.03000000000000025
2024-11-19,5916.98,16.35,4.39,4.27,2.69,0.0039557737052673715,-0.011261385950203174,0.11749085420439026,0.15822364651503681,0.14463683320432347,0.7700000000000014,1.6400000000000006,0.01886316679567654,0.1200000000000001,-0.040000000000000036,-0.07000000000000028
2024-11-20,5917.11,17.16,4.41,4.31,2.67,2.1970426117316337e-05,-0.011471675034193534,0.11721987137819455,0.0949935660744716,0.13998184528705612,0.8099999999999987,3.1400000000000006,0.03161815471294388,0.10000000000000053,-0.03000000000000025,0.040000000000000036
2024-11-21,5948.71,16.87,4.43,4.34,2.61,0.005326235305174984,-7.73246999010703e-05,0.1219262911836818,0.09081714429635092,0.14077378100523663,-0.28999999999999915,2.5600000000000005,0.027926218994763385,0.08999999999999986,0.0,0.0
2024-11-22,5969.34,15.24,4.41,4.37,2.61,0.0034619792004100735,0.016676118461077447,0.031423382102168794,0.09045886524532214,0.14088228625484314,-1.6300000000000008,-0.9000000000000004,0.011517713745156866,0.040000000000000036,-0.019999999999999574,0.0600000000000005
2024-11-25,5987.37,14.6,4.27,4.21,2.64,0.003015882072251307,0.015781840709221093,0.03103147183366386,0.09192218161467802,0.14093263257347988,-0.6400000000000006,-0.9800000000000004,0.005067367426520114,0.05999999999999961,-0.15000000000000036,-0.08000000000000007
2024-11-26,6021.63,14.1,4.3,4.21,2.68,0.005705736188806683,0.017531803192760348,0.03596610590842792,0.09503370715309264,0.1417658596472301,-0.5,-2.2500000000000018,-0.0007658596472301105,0.08999999999999986,-0.08999999999999986,-0.05999999999999961
2024-11-27,5998.74,14.1,4.25,4.19,2.69,-0.0038085396153748753,0.013701293151268239,0.060949087030359596,0.09763301563060099,0.14200730255608887,0.0,-3.0600000000000005,-0.0010073025560888849,0.05999999999999961,-0.16000000000000014,-0.11999999999999922
2024-11-29,6032.38,13.51,4.18,4.13,2.72,0.005592178893918033,0.01396723674001135,0.061684755113683605,0.09407727944689627,0.12037587509098677,-0.5899999999999999,-3.360000000000001,0.014724124909013231,0.04999999999999982,-0.25,-0.20999999999999996
2024-12-02,6047.15,13.34,4.19,4.17,2.68,0.0024454606033056034,0.012950718142906688,0.0614122250266142,0.046410370263077455,0.12028197840066734,-0.16999999999999993,-1.9000000000000004,0.013118021599332647,0.020000000000000462,-0.21999999999999975,-0.20000000000000018
2024-12-03,6049.88,13.3,4.23,4.17,2.66,0.00045135046310470323,0.010386186533760248,0.06297113583766975,0.04766423593769981,0.11884371788567356,-0.03999999999999915,-1.299999999999999,0.014156282114326443,0.0600000000000005,-0.03999999999999915,-0.040000000000000036
2024-12-04,6086.49,13.45,4.19,4.13,2.66,0.006033123750502109,0.010713574095455468,0.0641906889907955,0.05036260204148761,0.11436184407192344,0.14999999999999858,-0.6500000000000004,0.020138155928076537,0.0600000000000005,-0.10999999999999943,-0.08000000000000007
2024-12-05,6075.11,13.54,4.17,4.15,2.66,-0.0018714648272306858,0.012650648883599805,0.053451166994490484,0.05407308938087837,0.07869578256697424,0.08999999999999986,-0.5600000000000005,0.056704217433025755,0.019999999999999574,-0.08000000000000007,-0.040000000000000036
2024-12-06,6090.27,12.77,4.15,4.1,2.67,0.0024923196558419955,0.009550789645523784,0.046317871195884236,0.05195397850946807,0.07543824412659786,-0.7699999999999996,-0.7400000000000002,0.05226175587340215,0.05000000000000071,-0.02999999999999936,-0.03000000000000025
2024-12-09,6052.85,14.19,4.2,4.13,2.67,-0.006163180212196304,0.0009421488300217855,0.07279963406940708,0.06659911326101513,0.07873042276544241,1.42,0.8499999999999996,0.06316957723455759,0.07000000000000028,0.009999999999999787,-0.040000000000000036
2024-12-10,6034.91,14.18,4.22,4.15,2.67,-0.0029682940713745675,-0.002477495704457532,0.07599918903722751,0.06922982306483785,0.07963850456966119,-0.009999999999999787,0.879999999999999,0.06216149543033882,0.0699999999999994,-0.010000000000000675,-0.019999999999999574
2024-12-11,6084.19,13.58,4.26,4.15,2.64,0.008132661932885083,-0.0003779575220743392,0.08789275687113562,0.07489435619544776,0.08334246293117502,-0.5999999999999996,0.13000000000000078,0.052457537068824986,0.10999999999999943,0.0699999999999994,0.020000000000000462
2024-12-12,6051.25,13.92,4.32,4.18,2.66,-0.0054287410919564485,-0.003935233786800129,0.0957488889132199,0.07819620182908293,0.08625289974731554,0.33999999999999986,0.3800000000000008,0.052947100252684454,0.14000000000000057,0.15000000000000036,0.02999999999999936
2024-12-13,6051.09,13.81,4.4,4.25,2.68,-2.6441167577320025e-05,-0.006453994610219541,0.0919067070418773,0.07365370215198086,0.08269996896211038,-0.10999999999999943,1.040000000000001,0.055400031037889624,0.15000000000000036,0.25,0.15000000000000036
2024-12-16,6074.08,14.69,4.39,4.25,2.69,0.0037921163249597686,0.0035013019269367657,0.08561615708669573,0.07504420457820692,0.06409735720179942,0.879999999999999,0.5,0.08280264279820058,0.13999999999999968,0.1899999999999995,0.1200000000000001
2024-12-17,6050.61,15.87,4.4,4.25,2.75,-0.0038714440227630084,0.0025981519755482797,0.08825364989706017,0.07810786078098601,0.06645264299723518,1.1799999999999997,1.6899999999999995,0.0922473570027648,0.15000000000000036,0.1800000000000006,0.09999999999999964
2024-12-18,5872.16,27.62,4.5,4.35,2.73,-0.029936554508987644,-0.03547106446632461,0.21050910793139654,0.16302397370936833,0.12850984574817292,11.750000000000002,14.040000000000001,0.14769015425182708,0.15000000000000036,0.2400000000000002,0.1999999999999993
2024-12-19,5867.08,24.09,4.57,4.32,2.91,-0.0008654734577528358,-0.030907796832121,0.2152235666722669,0.16339781593783123,0.12851162105551994,-3.530000000000001,10.17,0.11238837894448006,0.25,0.25,0.14000000000000057
2024-12-20,5930.85,18.36,4.52,4.3,2.86,0.010810476252410672,-0.020070879412133123,0.2462612719911679,0.17671018339234668,0.13315709378522228,-5.73,4.549999999999999,0.050442906214777705,0.21999999999999975,0.11999999999999922,0.04999999999999982
2024-12-23,5974.07,16.78,4.59,4.3,2.85,0.00726089547546254,-0.016602100261630514,0.25428903781738227,0.18201241205488206,0.1351912350482625,-1.5799999999999983,2.0900000000000016,0.03260876495173751,0.29000000000000004,0.20000000000000018,0.04999999999999982
2024-12-24,6040.04,14.27,4.59,4.29,2.86,0.010982197273831982,-0.0017484589650354012,0.27340707058094366,0.19167003942750593,0.14037532449494325,-2.5100000000000016,-1.5999999999999996,0.0023246755050567447,0.2999999999999998,0.1899999999999995,0.040000000000000036
2024-12-26,6037.59,14.73,4.58,4.3,2.86,-0.00040570874146761795,0.027782386802484703,0.09281399216008292,0.18635070399232878,0.13900306178338198,0.46000000000000085,-12.89,0.008296938216618033,0.28000000000000025,0.08000000000000007,-0.04999999999999982
2024-12-27,5970.84,15.95,4.62,4.31,2.84,-0.01111730467559637,0.017530555584641113,0.1490198327894774,0.19242270635278497,0.14407968773826704,1.2199999999999989,-8.14,0.01542031226173296,0.3100000000000005,0.04999999999999982,-0.010000000000000675
2024-12-30,5906.94,17.4,4.55,4.24,2.94,-0.010759690191101295,-0.0040396108588706845,0.1606378553703965,0.19784196225011588,0.1469736401568441,1.4499999999999993,-0.9600000000000009,0.027026359843155878,0.3099999999999996,0.03000000000000025,-0.05999999999999961
2024-12-31,5881.63,17.35,4.58,4.25,2.92,-0.00429399645413445,-0.015594502788467633,0.14417412860545245,0.19488514019520867,0.14679417621258925,-0.04999999999999716,0.5700000000000003,0.026705823787410765,0.33000000000000007,-0.009999999999999787,-0.04999999999999982
2025-01-02,5868.55,17.93,4.57,4.25,2.88,-0.002226349792552953,-0.028803049854852613,0.07817365036767829,0.19490605879781311,0.1466569101517897,0.5799999999999983,3.66,0.032643089848210294,0.3200000000000003,-0.019999999999999574,-0.040000000000000036
2025-01-03,5942.47,16.13,4.6,4.28,2.81,0.012517287272659085,-0.015880053840726015,0.15247125864934546,0.13963809860447582,0.15276589403181215,-1.8000000000000007,1.3999999999999986,0.00853410596818785,0.3199999999999994,0.019999999999999574,-0.019999999999999574
2025-01-06,5975.38,16.04,4.62,4.28,2.76,0.0055228222624888485,0.0007600730973592734,0.14336237999192755,0.1406833351633651,0.15457717606976454,-0.08999999999999986,0.08999999999999986,0.005822823930235449,0.33999999999999986,0.0,-0.02999999999999936
2025-01-07,5909.03,17.82,4.67,4.3,2.79,-0.01116600476981219,0.00035375851864835904,0.1453262684033484,0.14460036198097,0.15824601198597557,1.7800000000000011,0.4200000000000017,0.019953988014024426,0.3700000000000001,0.1200000000000001,0.05999999999999961
2025-01-08,5918.25,17.7,4.67,4.28,2.84,0.001559107735282887,0.0062068627080655294,0.14009784513087573,0.13889720044501402,0.15760748662398505,-0.120000000000001,0.34999999999999787,0.01939251337601494,0.3899999999999997,0.08999999999999986,0.03000000000000025
2025-01-10,5827.04,19.54,4.77,4.4,2.81,-0.015531644353894208,-0.007098431853275714,0.18537336426818202,0.13895206780318325,0.1656603859315173,1.8399999999999999,1.6099999999999994,0.02973961406848269,0.3699999999999992,0.1999999999999993,0.15000000000000036
2025-01-13,5836.22,19.19,4.79,4.4,2.85,0.0015741742695762329,-0.01804154485635848,0.14554044940814181,0.14056859298581428,0.16206657523356802,-0.34999999999999787,3.0600000000000023,0.029833424766432,0.3899999999999997,0.1900000000000004,0.1200000000000001
2025-01-14,5842.91,18.71,4.78,4.37,2.8,0.0011456334044923633,-0.02241873371435484,0.130811394835119,0.1350705373787449,0.16194525779387253,-0.4800000000000004,2.6700000000000017,0.025154742206127484,0.41000000000000014,0.16000000000000014,0.08999999999999986
2025-01-15,5949.91,16.12,4.66,4.27,2.72,0.018147132985426716,0.006894404040884103,0.18904418949568608,0.1593416234194274,0.1766905047907187,-2.59,-1.6999999999999993,-0.015490504790718701,0.39000000000000057,-0.009999999999999787,-0.03000000000000025
2025-01-16,5937.34,16.6,4.61,4.23,2.73,-0.002114871763466578,0.0032204245421347567,0.19061631670881754,0.15778772650105977,0.17587746458087086,0.4800000000000004,-1.0999999999999979,-0.009877464580870854,0.3799999999999999,-0.05999999999999961,-0.04999999999999982
2025-01-17,5996.66,15.97,4.61,4.27,2.64,0.00994142593572411,0.028693494831753125,0.13084443079289695,0.16269158272200185,0.17982082368382013,-0.6300000000000008,-3.5699999999999985,-0.02012082368382012,0.34000000000000075,-0.15999999999999925,-0.13000000000000078
2025-01-21,6049.24,15.06,4.57,4.29,2.61,0.00872999675223129,0.03584931731440796,0.12627811222275837,0.15694981745934053,0.1446643682093227,-0.9100000000000001,-4.130000000000001,0.005935631790677298,0.28000000000000025,-0.21999999999999975,-0.11000000000000032
2025-01-22,6086.37,15.1,4.6,4.29,2.59,0.006119200577442709,0.04082288448735813,0.11583468252408978,0.15737592504379014,0.14528212219573164,0.03999999999999915,-3.610000000000001,0.0057178778042683565,0.3099999999999996,-0.1800000000000006,-0.08000000000000007
2025-01-23,6118.71,15.02,4.65,4.29,2.61,0.005299445097723889,0.027975196599655278,0.07467934607165896,0.14002290153269537,0.14204730271718055,-0.08000000000000007,-1.1000000000000014,0.008152697282819449,0.3600000000000003,-0.009999999999999787,0.020000000000000462
2025-01-24,6101.24,14.85,4.63,4.27,2.6,-0.0028592607828964826,0.02723080758022532,0.07954915425928127,0.14344118213695897,0.1411994027724195,-0.16999999999999993,-1.7500000000000018,0.007300597227580502,0.3600000000000003,0.019999999999999574,0.03999999999999915
2025-01-27,6012.28,17.9,4.53,4.17,2.66,-0.014687984883634318,0.0026013967608669386,0.15149562692980018,0.14041243188603192,0.1465575863364407,3.049999999999999,1.929999999999998,0.032442413663559294,0.3600000000000003,-0.08000000000000007,-0.09999999999999964
2025-01-28,6067.7,16.41,4.55,4.19,2.66,0.009175576254675617,0.0030469762633112125,0.1530419869056379,0.14321199659043624,0.15030384317638018,-1.4899999999999984,1.3499999999999996,0.013796156823619815,0.35999999999999943,-0.020000000000000462,-0.09999999999999964
2025-01-29,6039.31,16.56,4.55,4.21,2.68,-0.004689853570094891,-0.007762077884226374,0.1476696915366537,0.14921297598692923,0.14551256657721573,0.14999999999999858,1.459999999999999,0.020087433422784268,0.33999999999999986,-0.04999999999999982,-0.08000000000000007
2025-01-30,6071.17,15.84,4.52,4.18,2.67,0.005261570722435618,-0.007799952259514417,0.14755918081557617,0.12545710663329843,0.13997532226394147,-0.7199999999999989,0.8200000000000003,0.01842467773605852,0.33999999999999986,-0.13000000000000078,-0.11000000000000032
2025-01-31,6040.53,16.43,4.58,4.22,2.68,-0.005059581291425466,-0.010000272768043385,0.14959254369685052,0.12899399321006452,0.14041198305841202,0.5899999999999999,1.58,0.023888016941587986,0.3600000000000003,-0.04999999999999982,-0.04999999999999982
2025-02-03,5994.57,18.62,4.54,4.26,2.73,-0.007637696973119063,-0.0029499848575281484,0.11667043732617215,0.12781421987197433,0.1435109445989953,2.1900000000000013,0.7200000000000024,0.042689055401004705,0.28000000000000025,0.009999999999999787,0.08999999999999986
2025-02-04,6037.88,17.21,4.52,4.21,2.71,0.007198897488332478,-0.004926663623871156,0.10666155933988794,0.12507612841796129,0.13905304902856772,-1.4100000000000001,0.8000000000000007,0.03304695097143229,0.3099999999999996,-0.03000000000000025,0.019999999999999574
2025-02-05,6061.48,15.77,4.43,4.17,2.69,0.0039010377290886913,0.0036642276753122405,0.10529203744229765,0.12241147701700687,0.1384397357026643,-1.4400000000000013,-0.7899999999999991,0.01926026429733571,0.2599999999999998,-0.1200000000000001,-0.040000000000000036
2025-02-06,6083.57,15.5,4.45,4.21,2.66,0.003637700027498819,0.0020403569803754177,0.10145296276644962,0.12051086648736499,0.13138187704993548,-0.2699999999999996,-0.33999999999999986,0.02361812295006452,0.2400000000000002,-0.0699999999999994,0.03000000000000025
2025-02-07,6025.99,16.54,4.49,4.29,2.67,-0.009509913482107744,-0.0024099752103067633,0.1198200333132952,0.12840513835354977,0.1370203235403431,1.0399999999999991,0.10999999999999943,0.02837967645965689,0.20000000000000018,-0.08999999999999986,0.07000000000000028
2025-02-10,6066.44,15.81,4.51,4.28,2.66,0.006690160848149635,0.011917882610961933,0.10855906230986016,0.10911705824227387,0.1237316033082643,-0.7299999999999986,-2.8100000000000005,0.03436839669173572,0.22999999999999954,-0.03000000000000025,0.020000000000000462
2025-02-11,6068.5,16.02,4.54,4.29,2.66,0.00033951548500248807,0.0050585006076319765,0.09997324971542769,0.09888145760180321,0.12386724103295067,0.20999999999999908,-1.1900000000000013,0.036332758967049336,0.25,0.020000000000000462,0.08000000000000007
2025-02-12,6051.97,15.89,4.62,4.36,2.65,-0.0027276186894511618,-0.001570155810907778,0.09897461734097297,0.0967356082447199,0.12495962254578678,-0.129999999999999,0.120000000000001,0.03394037745421323,0.2599999999999998,0.1900000000000004,0.1900000000000004
2025-02-13,6115.07,15.1,4.52,4.31,2.65,0.010372377459622351,0.00516452162121565,0.12423859798008219,0.10706057149893324,0.11400202377045193,-0.7900000000000009,-0.40000000000000036,0.03699797622954806,0.20999999999999996,0.0699999999999994,0.09999999999999964
2025-02-14,6114.63,14.77,4.47,4.26,2.62,-7.19559760565346e-05,0.014602479127266981,0.08594926041778643,0.10234469957695295,0.11340305399645982,-0.33000000000000007,-1.7699999999999996,0.03429694600354018,0.20999999999999996,-0.020000000000000462,-0.03000000000000025
2025-02-18,6129.58,15.35,4.55,4.29,2.62,0.0024419717448794743,0.010354290023996545,0.07924048371610616,0.08964008688170612,0.10901322587102362,0.5800000000000001,-0.46000000000000085,0.04448677412897638,0.2599999999999998,0.040000000000000036,0.009999999999999787
2025-02-19,6144.15,15.27,4.53,4.28,2.68,0.0023741775065794562,0.012388952045573396,0.07774215632903946,0.08531517331385866,0.10538426762052994,-0.08000000000000007,-0.75,0.047315732379470066,0.25,-0.009999999999999787,-0.009999999999999787
2025-02-20,6117.52,15.66,4.5,4.28,2.66,-0.004343623971148685,0.010772946763876037,0.08506097316996937,0.08942076014437483,0.10489463569384108,0.39000000000000057,-0.23000000000000043,0.05170536430615891,0.21999999999999975,-0.1200000000000001,-0.08000000000000007
2025-02-21,6013.13,18.21,4.42,4.19,2.78,-0.01721137399126208,-0.016810804687008324,0.13046657118949653,0.12560806717550382,0.11989884515113196,2.5500000000000007,3.110000000000001,0.062201154848868054,0.22999999999999954,-0.09999999999999964,-0.11999999999999922
2025-02-24,5983.25,18.98,4.4,4.13,2.78,-0.004981513054855011,-0.021720361765806828,0.12728323005146666,0.11907083470331203,0.12060038494789736,0.7699999999999996,4.210000000000001,0.06919961505210263,0.27000000000000046,-0.0699999999999994,-0.1299999999999999
2025-02-25,5955.25,19.43,4.3,4.07,2.84,-0.004690715138395557,-0.02885304864908173,0.1125450494526151,0.11280248120311684,0.11030676038932917,0.4499999999999993,4.08,0.08399323961067083,0.22999999999999954,-0.25,-0.21999999999999975
2025-02-26,5956.06,19.1,4.25,4.05,2.81,0.0001360051919139706,-0.031091220963747217,0.10306286231205354,0.11269645910170582,0.10432031331489547,-0.3299999999999983,3.830000000000002,0.08667968668510453,0.20000000000000018,-0.28000000000000025,-0.23000000000000043
2025-02-27,5861.57,21.13,4.29,4.07,2.81,-0.015991702852089028,-0.042739299844687544,0.12127988503701231,0.13330768262418033,0.11670382292926176,2.0299999999999976,5.469999999999999,0.09459617707073822,0.21999999999999975,-0.20999999999999996,-0.20999999999999996
2025-02-28,5954.5,19.63,4.24,3.99,2.87,0.015729750431897126,-0.009798175421528476,0.18286639641210767,0.1502168211334659,0.1299088920835282,-1.5,1.4199999999999982,0.06639110791647179,0.25,-0.17999999999999972,-0.20000000000000018
2025-03-03,5849.72,22.78,4.16,3.96,2.94,-0.01775343937549338,-0.022570101742166792,0.21569531387128849,0.16697310235010276,0.14242046582570528,3.150000000000002,3.8000000000000007,0.08537953417429472,0.20000000000000018,-0.2400000000000002,-0.16999999999999993
2025-03-04,5778.15,23.51,4.22,3.96,2.99,-0.01231023460336647,-0.030189621207137706,0.222755881188273,0.1663968819757728,0.14596717602269316,0.7300000000000004,4.080000000000002,0.08913282397730685,0.2599999999999998,-0.08000000000000007,-0.11000000000000032
2025-03-05,5842.63,21.93,4.28,3.99,2.88,0.011097475685101249,-0.019228150713950422,0.2533831671913087,0.18343826978527736,0.1497749212759597,-1.5800000000000018,2.8299999999999983,0.06952507872404029,0.29000000000000004,0.03000000000000025,-0.05999999999999961
2025-03-06,5738.52,24.87,4.29,3.96,2.99,-0.017979700568310077,-0.021216148430171458,0.2597010954569722,0.19444727316285604,0.15889240680253464,2.9400000000000013,3.740000000000002,0.08980759319746537,0.33000000000000007,0.0,-0.11000000000000032
2025-03-07,5770.2,23.37,4.32,3.99,2.97,0.0055054046005090125,-0.0314404942615594,0.21675514666890636,0.19249677552541206,0.1600206391130977,-1.5,3.740000000000002,0.07367936088690233,0.33000000000000007,0.08000000000000007,0.0
2025-03-10,5614.56,27.86,4.22,3.89,3.16,-0.027343518375984407,-0.04103057326205052,0.2558753718313397,0.22523434225110597,0.1812780950214073,4.489999999999998,5.079999999999998,0.09732190497859272,0.3299999999999996,0.05999999999999961,-0.06999999999999984
2025-03-11,5572.07,26.92,4.28,3.94,3.22,-0.007596604935651537,-0.036316943594335634,0.2532873871065345,0.22510364109097197,0.1776460531951811,-0.9399999999999977,3.41,0.0915539468048189,0.3400000000000003,0.0600000000000005,-0.020000000000000018
2025-03-12,5599.3,24.23,4.32,4.01,3.2,0.004874971275234425,-0.04253944800420254,0.22739919925803,0.23030120345285462,0.17991525358826818,-2.6900000000000013,2.3000000000000007,0.062384746411731834,0.3100000000000005,0.040000000000000036,0.019999999999999574
2025-03-13,5521.52,24.66,4.27,3.94,3.4,-0.013988405225352909,-0.038548152661245345,0.21851747242234854,0.22811990460242906,0.18324889726291368,0.4299999999999997,-0.21000000000000085,0.06335110273708633,0.3299999999999996,-0.020000000000000462,-0.020000000000000018
2025-03-14,5638.94,21.77,4.31,4.02,3.25,0.021042919881408308,-0.02301063738034607,0.2928969113202144,0.2433279341288831,0.19811340824135876,-2.8900000000000006,-1.6000000000000014,0.019586591758641247,0.29000000000000004,-0.010000000000000675,0.02999999999999936
2025-03-17,5675.12,20.51,4.31,4.06,3.18,0.00639560393434752,0.01072848492998571,0.21560091609316995,0.23928937534205316,0.2011441351506868,-1.259999999999998,-7.349999999999998,0.0039558648493132065,0.25,0.08999999999999986,0.16999999999999948
2025-03-18,5614.66,21.7,4.29,4.04,3.23,-0.01071067425391002,0.007614415611727268,0.22537772520521668,0.23768176175774142,0.20120995644298484,1.1899999999999977,-5.220000000000002,0.01579004355701516,0.25,0.009999999999999787,0.10000000000000009
2025-03-19,5675.29,19.9,4.25,3.99,3.19,0.010740629118978858,0.013480073455471827,0.23453489285281098,0.23710062423786687,0.20704586140121417,-1.8000000000000007,-4.330000000000002,-0.008045861401214188,0.2599999999999998,-0.07000000000000028,-0.019999999999999574
2025-03-20,5662.89,19.8,4.24,3.95,3.17,-0.0021873007738032347,0.025281177907021474,0.19291684310920876,0.22174474793837545,0.20713556792484816,-0.09999999999999787,-4.859999999999999,-0.009135567924848154,0.29000000000000004,-0.02999999999999936,0.010000000000000231
2025-03-21,5667.56,19.28,4.25,3.94,3.21,0.0008243274123172031,0.0050625854379301866,0.13074111409704448,0.21893368490075937,0.20153589323373758,-0.5199999999999996,-2.4899999999999984,-0.00873589323373758,0.31000000000000005,-0.05999999999999961,-0.07999999999999963
2025-03-24,5767.57,17.48,4.34,4.04,3.05,0.017492157944606672,0.016159139448189374,0.175572252423012,0.18558636263910344,0.21395101869827676,-1.8000000000000007,-3.030000000000001,-0.03915101869827675,0.2999999999999998,0.03000000000000025,-0.019999999999999574
2025-03-25,5776.65,17.15,4.31,3.96,3.09,0.0015730819184730236,0.028442895620572377,0.12981121669563328,0.17686048757819783,0.21399770349165975,-0.33000000000000185,-4.550000000000001,-0.042497703491659766,0.34999999999999964,0.019999999999999574,-0.08000000000000007
2025-03-26,5712.2,18.33,4.35,3.98,3.19,-0.011219691455108281,0.006482575046485203,0.1648563432805531,0.19147696035979808,0.2166108000974697,1.1799999999999997,-1.5700000000000003,-0.0333108000974697,0.36999999999999966,0.09999999999999964,-0.010000000000000231
2025-03-27,5693.31,18.69,4.38,3.97,3.27,-0.0033124371066493626,0.005357438713639194,0.16653920743460143,0.1731448139998899,0.21040515056566966,0.360000000000003,-1.1099999999999994,-0.023505150565669652,0.4099999999999997,0.13999999999999968,0.020000000000000018
2025-03-28,5580.94,21.65,4.27,3.89,3.47,-0.019934580336265845,-0.015401469034943934,0.22383201547093554,0.1761720225935373,0.20985255538573921,2.9599999999999973,2.3699999999999974,0.0066474446142607835,0.37999999999999945,0.019999999999999574,-0.04999999999999982
2025-03-31,5611.85,22.28,4.23,3.89,3.55,0.005523212456950013,-0.027370414522600528,0.1621598176728494,0.1751936088669716,0.20470287028499098,0.6300000000000026,4.800000000000001,0.018097129715009014,0.3400000000000003,-0.10999999999999943,-0.1499999999999999
2025-04-01,5633.07,21.77,4.17,3.87,3.5,0.0037741531622356647,-0.025169343278837786,0.1688028595037149,0.16793288601689518,0.20198095078062794,-0.5100000000000016,4.620000000000001,0.01571904921937206,0.2999999999999998,-0.13999999999999968,-0.08999999999999986
2025-04-02,5670.97,21.51,4.2,3.91,3.42,0.006705592339420831,-0.007244059484308579,0.17526411605120368,0.16204549898368295,0.19899335576864757,-0.259999999999998,3.1800000000000033,0.01610664423135244,0.29000000000000004,-0.14999999999999947,-0.06999999999999984
2025-04-03,5396.52,30.02,4.06,3.71,4.01,-0.04960587756339505,-0.053537499941054376,0.3867807535944737,0.297535750157214,0.2569704816334971,8.509999999999998,11.329999999999998,0.043229518366502906,0.34999999999999964,-0.3200000000000003,-0.26000000000000023
2025-04-04,5074.08,45.31,4.01,3.68,4.45,-0.06160907367588022,-0.09521199328066883,0.5344001288145239,0.408690865756143,0.32789891779679975,15.290000000000003,23.660000000000004,0.12520108220320025,0.3299999999999996,-0.2599999999999998,-0.20999999999999996
2025-04-07,5062.25,46.98,4.15,3.73,4.61,-0.002334179209083819,-0.10306938494670267,0.5141735097963211,0.3810927618896618,0.3186269961611782,1.6699999999999946,24.699999999999996,0.15117300383882182,0.4200000000000004,-0.08000000000000007,-0.16000000000000014
2025-04-08,4982.77,52.33,4.26,3.71,4.57,-0.0158250871968123,-0.12266862530575061,0.4727665559555099,0.3723147502255907,0.3207869697566973,5.350000000000001,30.56,0.2025130302433027,0.5499999999999998,0.08999999999999986,-0.16000000000000014
2025-04-09,5456.9,33.62,4.34,3.91,4.37,0.09089490164871482,-0.03847931599645666,0.9550483906121489,0.6494378692914723,0.4690562410995398,-18.71,12.109999999999996,-0.1328562410995398,0.4299999999999997,0.13999999999999968,0.0
2025-04-10,5268.05,40.72,4.4,3.84,4.42,-0.03522058784511797,-0.024094026278179533,0.9200995495105855,0.6672144804753932,0.4825421250444103,7.100000000000001,10.7,-0.07534212504441029,0.5600000000000005,0.34000000000000075,0.1299999999999999
2025-04-11,5363.36,37.56,4.48,3.96,4.26,0.017930369252113488,0.05544541664981416,0.772197891552624,0.6749051979342993,0.4806636822127894,-3.1599999999999966,-7.75,-0.10506368221278933,0.5200000000000005,0.47000000000000064,0.2799999999999998
2025-04-14,5405.97,30.89,4.38,3.84,4.14,0.007913254093151065,0.0656928499520491,0.7643626624219312,0.6759530019913598,0.4810664455592393,-6.670000000000002,-16.089999999999996,-0.17216644555923927,0.54,0.22999999999999954,0.10999999999999988
2025-04-15,5396.63,30.12,4.35,3.84,4.09,-0.0017292137684181356,0.0797887233804432,0.7367650003812257,0.6748041506327439,0.48007119231631157,-0.7699999999999996,-22.209999999999997,-0.17887119231631154,0.5099999999999998,0.08999999999999986,0.1299999999999999
2025-04-16,5275.7,32.64,4.29,3.77,4.16,-0.022663312700996363,-0.03376949096926795,0.34717187213803563,0.6775070271586168,0.4829657365022146,2.5199999999999996,-0.9799999999999969,-0.15656573650221456,0.52,-0.04999999999999982,-0.14000000000000012
2025-04-17,5282.7,29.65,4.34,3.81,4.02,0.0013259586728286152,0.002777055548678659,0.23824318050401405,0.6352224250201528,0.4832678210171562,-2.990000000000002,-11.07,-0.18676782101715622,0.5299999999999998,-0.0600000000000005,-0.029999999999999805
2025-04-21,5158.2,33.82,4.42,3.75,4.16,-0.023849649226388613,-0.03900296292982351,0.23080262809113167,0.5600629187689431,0.4882672188824028,4.170000000000002,-3.740000000000002,-0.15006721888240282,0.6699999999999999,-0.0600000000000005,-0.20999999999999996
2025-04-22,5287.76,30.57,4.41,3.76,3.99,0.024807034313980802,-0.0221091827089938,0.31796659237274966,0.5711279188444834,0.49334250083187253,-3.25,-0.3200000000000003,-0.1876425008318725,0.6500000000000004,0.03000000000000025,-0.08000000000000007
2025-04-23,5375.86,28.45,4.4,3.81,3.75,0.01652384547479458,-0.0038561234657811215,0.3522604946611442,0.562133958898454,0.49854730637360367,-2.120000000000001,-1.6700000000000017,-0.2140473063736037,0.5900000000000003,0.05000000000000071,-0.029999999999999805
2025-04-24,5484.77,26.47,4.32,3.77,3.73,0.02005659908960853,0.03886378832482369,0.31341387807439586,0.33465923319622753,0.5045287445722565,-1.9800000000000004,-6.170000000000002,-0.2398287445722565,0.5500000000000003,0.03000000000000025,0.0
2025-04-25,5525.21,24.84,4.29,3.74,3.67,0.0073460954265644985,0.044883925078559754,0.308487797260783,0.2692329527656907,0.5055872763911824,-1.629999999999999,-4.809999999999999,-0.2571872763911824,0.5499999999999998,-0.04999999999999982,-0.06999999999999984
2025-04-28,5528.75,25.15,4.23,3.67,3.73,0.0006404944691347734,0.06937406877408309,0.15523707444996107,0.2593715162323796,0.5008896609991123,0.3099999999999987,-8.670000000000002,-0.24938966099911225,0.5600000000000005,-0.1899999999999995,-0.08000000000000007
2025-04-29,5560.83,24.17,4.19,3.65,3.74,0.0057856274963946795,0.050352661956497256,0.127014753739914,0.25846988288464173,0.5009321678172103,-0.9799999999999969,-6.399999999999999,-0.25923216781721026,0.5400000000000005,-0.21999999999999975,-0.10999999999999988
2025-04-30,5569.06,24.7,4.17,3.6,3.94,0.0014789007797954687,0.03530771726149809,0.123723477207086,0.2573868125434293,0.5007412754932308,0.5299999999999976,-3.75,-0.2537412754932308,0.5699999999999998,-0.23000000000000043,-0.20999999999999996
2025-05-01,5604.14,24.6,4.25,3.7,3.78,0.006279331841725186,0.021530450013614925,0.04811962212927372,0.21337141127950202,0.5006613949303087,-0.09999999999999787,-1.8699999999999974,-0.2546613949303087,0.5499999999999998,-0.07000000000000028,-0.06999999999999984
2025-05-02,5686.67,22.68,4.33,3.83,3.6,0.014619229243407843,0.028803583830458196,0.08813334980385885,0.21557287591365396,0.46811708337545727,-1.9200000000000017,-2.16,-0.24131708337545726,0.5,0.040000000000000036,0.08999999999999986
2025-05-05,5650.38,23.64,4.36,3.83,3.6,-0.006402040027831334,0.021761049333492,0.1216990878499867,0.15375494915232596,0.40432496324427303,0.9600000000000009,-1.509999999999998,-0.16792496324427303,0.5300000000000002,0.1299999999999999,0.16000000000000014
2025-05-06,5606.91,24.76,4.3,3.78,3.66,-0.007723033885546555,0.008252387951550758,0.14686064975806706,0.14737273449636967,0.4061368379342517,1.120000000000001,0.5899999999999999,-0.1585368379342517,0.52,0.10999999999999943,0.1299999999999999
2025-05-07,5631.28,23.55,4.26,3.78,3.67,0.0043370041259597454,0.011110491297715106,0.1480471792025639,0.13484831358300348,0.39858854592770543,-1.2100000000000009,-1.1499999999999986,-0.16308854592770541,0.48,0.08999999999999986,0.17999999999999972
2025-05-08,5663.94,22.48,4.37,3.9,3.51,0.0057829933406661335,0.010614152796656123,0.1472299204999372,0.10486581999517107,0.24237448654359364,-1.0700000000000003,-2.120000000000001,-0.017574486543593643,0.4700000000000002,0.1200000000000001,0.19999999999999973
2025-05-09,5659.91,21.9,4.37,3.88,3.53,-0.0007117720863733933,-0.004716848533125205,0.09686730619558928,0.1037723244801723,0.19951231213646997,-0.5800000000000018,-0.7800000000000011,0.01948768786353,0.4900000000000002,0.040000000000000036,0.04999999999999982
2025-05-12,5844.19,18.39,4.45,3.98,3.15,0.03204001430944952,0.03372520580415572,0.23963266382433024,0.180291455528611,0.21836172819267388,-3.509999999999998,-5.25,-0.034461728192673874,0.4700000000000002,0.08999999999999986,0.1499999999999999
2025-05-13,5886.55,18.22,4.49,4.02,3.09,0.007222082173714943,0.04867032186341737,0.20355925726774135,0.18048842470916532,0.21822347845878953,-0.1700000000000017,-6.540000000000003,-0.03602347845878953,0.47000000000000064,0.1900000000000004,0.23999999999999977
2025-05-14,5892.58,18.62,4.53,4.05,3.1,0.001023844804624757,0.04535716254208226,0.21033939156085696,0.18080005433546606,0.2174390173853202,0.40000000000000213,-4.93,-0.0312390173853202,0.4800000000000004,0.27000000000000046,0.27
2025-05-15,5916.93,17.83,4.45,3.96,3.2,0.004123800988772676,0.04369797019018856,0.2122943288588779,0.18091265797865524,0.1925967756079297,-0.7900000000000027,-4.650000000000002,-0.014296775607929718,0.4900000000000002,0.08000000000000007,0.06000000000000005
2025-05-16,5958.38,17.24,4.43,3.98,3.16,0.006980898743962978,0.051390641020524985,0.19720655378215862,0.1739813748441762,0.19192451745755676,-0.5899999999999999,-4.66,-0.01952451745755676,0.44999999999999973,0.05999999999999961,0.10000000000000009
2025-05-19,5963.6,18.14,4.46,3.97,3.21,0.0008756935229845948,0.02022632023405987,0.048858581406579615,0.16459912243846683,0.15795104261644066,0.9000000000000021,-0.25,0.023448957383559343,0.48999999999999977,0.009999999999999787,-0.009999999999999787
2025-05-20,5940.46,18.09,4.48,3.97,3.2,-0.0038877541185178555,0.00911648394182692,0.06450519661018707,0.15699070036629664,0.14819824238337614,-0.05000000000000071,-0.129999999999999,0.03270175761662386,0.5100000000000002,-0.009999999999999787,-0.04999999999999938
2025-05-21,5844.61,20.87,4.58,4.0,3.25,-0.016266702451148567,-0.008174063313946277,0.1448114293484443,0.19237260165802075,0.16186352100044768,2.780000000000001,2.25,0.04683647899955232,0.5800000000000001,0.04999999999999982,-0.04999999999999982
2025-05-22,5842.01,20.28,4.54,4.0,3.32,-0.000444953295802523,-0.012742817598521559,0.13677483036673344,0.19304032992859163,0.15120054807348857,-0.5899999999999999,2.450000000000003,0.05159945192651144,0.54,0.08999999999999986,0.040000000000000036
2025-05-23,5802.82,22.29,4.51,4.0,3.4,-0.006730909417987258,-0.026454625760471716,0.10825575220002612,0.19864766326149413,0.15425122930649823,2.009999999999998,5.050000000000001,0.06864877069350175,0.5099999999999998,0.08000000000000007,0.020000000000000018
2025-05-27,5921.54,18.96,4.43,3.92,3.24,0.02025254391312099,-0.007077775370335238,0.2137716186760527,0.15316251621524762,0.16642671175905402,-3.3299999999999983,0.8200000000000003,0.023173288240946,0.5099999999999998,-0.03000000000000025,-0.050000000000000266
2025-05-28,5888.55,19.31,4.47,3.96,3.23,-0.005586762811582561,-0.008776784063399996,0.21534397455386775,0.15282671773073736,0.16916658254154726,0.34999999999999787,1.2199999999999989,0.023933417458452733,0.5099999999999998,-0.010000000000000675,-0.010000000000000231
2025-05-29,5912.17,19.18,4.43,3.92,3.22,0.004003150916717184,0.011493069304465687,0.17325912113243375,0.15409360588036902,0.16912992571388274,-0.129999999999999,-1.6900000000000013,0.022670074286117253,0.5099999999999998,-0.15000000000000036,-0.08000000000000007
2025-05-30,5911.69,18.57,4.41,3.89,3.31,-8.119175975762441e-05,0.011856830840510564,0.17291513403320796,0.15263521776591912,0.16899582216864253,-0.6099999999999994,-1.7100000000000009,0.01670417783135747,0.52,-0.1299999999999999,-0.10999999999999988
2025-06-02,5935.94,18.36,4.46,3.94,3.27,0.004093651450134648,0.022681391708632453,0.15293960498567874,0.1495477989699916,0.1631551309025496,-0.21000000000000085,-3.9299999999999997,0.020444869097450385,0.52,-0.04999999999999982,-0.06000000000000005
2025-06-03,5970.37,17.69,4.46,3.96,3.19,0.005783504036174,0.00821235183168568,0.07272971425267166,0.15269545670711065,0.16039889461939796,-0.6699999999999982,-1.2699999999999996,0.016501105380602038,0.5,0.03000000000000025,0.040000000000000036
2025-06-04,5970.81,17.61,4.37,3.87,3.23,7.369455953249158e-05,0.013872809202800818,0.041814470987126866,0.15107526164703888,0.15597063549125945,-0.08000000000000185,-1.6999999999999993,0.02012936450874056,0.5,-0.09999999999999964,-0.08999999999999986
2025-06-05,5939.3,18.48,4.4,3.92,3.18,-0.00529131528056298,0.004578343005520559,0.0682902327191422,0.12469251712573301,0.15871438052968398,0.870000000000001,-0.6999999999999993,0.026085619470316013,0.4800000000000004,-0.02999999999999936,0.0
2025-06-06,6000.36,16.77,4.51,4.04,3.09,0.010228186115699976,0.014887720880978336,0.0934094723454592,0.13111970231905504,0.16064604689038525,-1.7100000000000009,-1.8000000000000007,0.007053953109614736,0.46999999999999975,0.09999999999999964,0.1499999999999999
2025-06-09,6005.88,17.16,4.49,4.01,3.12,0.00091952191342838,0.011713591344271867,0.0937376027902668,0.12098687644623188,0.16026553847430092,0.39000000000000057,-1.1999999999999993,0.011334461525699085,0.4800000000000004,0.03000000000000025,0.06999999999999984
2025-06-10,6038.81,16.95,4.47,4.01,3.12,0.005467983326654945,0.011398070634752787,0.09303206505881337,0.07890504541373504,0.11869664717236875,-0.21000000000000085,-0.740000000000002,0.05080335282763124,0.45999999999999996,0.009999999999999787,0.04999999999999982
2025-06-11,6022.24,17.26,4.41,3.94,3.12,-0.0027476895336661002,0.008576686541554102,0.0991985466936514,0.07231262319830807,0.11774761431447597,0.3100000000000023,-0.34999999999999787,0.05485238568552403,0.4700000000000002,0.040000000000000036,0.06999999999999984
2025-06-12,6045.26,18.02,4.36,3.9,3.17,0.003815210759964134,0.017683212582081324,0.07733288254447361,0.07219072741062507,0.11812754008621618,0.759999999999998,-0.46000000000000085,0.06207245991378382,0.4600000000000004,-0.040000000000000036,-0.020000000000000018
2025-06-13,5976.97,20.82,4.41,3.96,3.18,-0.011360743305409217,-0.003905716839027833,0.10615333285702543,0.09937354308964458,0.12572488697834816,2.8000000000000007,4.050000000000001,0.08247511302165184,0.4500000000000002,-0.09999999999999964,-0.08000000000000007
2025-06-16,6033.11,19.11,4.46,3.97,3.1,0.009348881754855183,0.00452364300239901,0.129057865158211,0.10701682419374961,0.12760951560567824,-1.7100000000000009,1.9499999999999993,0.06349048439432176,0.48999999999999977,-0.03000000000000025,-0.03999999999999959
2025-06-17,5982.72,21.6,4.39,3.94,3.17,-0.008387318295762367,-0.00933165862001823,0.13551680843285252,0.11494349732568172,0.13154189476491537,2.490000000000002,4.650000000000002,0.08445810523508465,0.44999999999999973,-0.08000000000000007,-0.06999999999999984
2025-06-18,5980.87,20.14,4.38,3.94,3.16,-0.0003092717177279465,-0.006893240804080029,0.1356233344631788,0.11497197344501409,0.13069195199984082,-1.4600000000000009,2.879999999999999,0.07070804800015917,0.43999999999999995,-0.03000000000000025,0.0
2025-06-20,5967.84,20.62,4.38,3.9,3.13,-0.0021809894398640384,-0.01288944100390826,0.12759984641148867,0.11185431905393255,0.11565353111716546,0.4800000000000004,2.6000000000000014,0.09054646888283456,0.48,0.019999999999999574,0.0
2025-06-23,6025.17,19.83,4.34,3.84,3.12,0.009560641855696288,0.00803194415719707,0.12324603076085457,0.11026415353916134,0.11934052458859702,-0.7900000000000027,-0.990000000000002,0.07895947541140295,0.5,-0.07000000000000028,-0.1200000000000001
2025-06-24,6092.18,17.48,4.3,3.75,3.06,0.011060286796932295,0.009743349199274207,0.1304100043782875,0.1226274346640881,0.11968874586291181,-2.349999999999998,-1.629999999999999,0.0551112541370882,0.5499999999999998,-0.16000000000000014,-0.2200000000000002
2025-06-25,6092.16,16.76,4.29,3.74,3.04,-3.282902479779892e-06,0.0181273845925567,0.09813597684324027,0.12063843014000032,0.09960194451829585,-0.7199999999999989,-4.84,0.06799805548170418,0.5499999999999998,-0.09999999999999964,-0.19999999999999973
2025-06-26,6141.02,16.59,4.26,3.7,3.04,0.007988153499777193,0.026424809810061647,0.09479920103386483,0.12360179807564317,0.09858631264756798,-0.1700000000000017,-3.5500000000000007,0.06731368735243201,0.5599999999999996,-0.1200000000000001,-0.23999999999999977
2025-06-27,6173.07,16.32,4.29,3.73,3.02,0.005205430912106668,0.033811230162032364,0.06919677667072835,0.12438277236222545,0.09898585580373546,-0.2699999999999996,-4.300000000000001,0.06421414419626455,0.56,-0.08999999999999986,-0.16999999999999993
2025-06-30,6204.95,16.73,4.24,3.72,2.96,0.005151077553744316,0.029401665860080594,0.06491056519735824,0.09950980991997263,0.09915744843104882,0.41000000000000014,-3.099999999999998,0.06814255156895119,0.52,-0.09999999999999964,-0.11999999999999966
2025-07-01,6198.01,16.83,4.26,3.78,2.91,-0.0011190878184368853,0.01722229124471158,0.06115890438050982,0.09683793711125747,0.09971589223161792,0.09999999999999787,-0.6500000000000021,0.06858410776838206,0.48,-0.040000000000000036,0.029999999999999805
2025-07-02,6227.42,16.64,4.3,3.78,2.88,0.004733849037257287,0.021959423184448743,0.05304267817128196,0.07464496152709471,0.09927867130693528,-0.18999999999999773,-0.120000000000001,0.06712132869306471,0.52,0.009999999999999787,0.03999999999999959
2025-07-03,6279.35,16.38,4.35,3.88,2.8,0.008304350113372305,0.022275619798043902,0.054422815501982844,0.07320349343116057,0.1013200438647025,-0.26000000000000156,-0.21000000000000085,0.0624799561352975,0.46999999999999975,0.08999999999999986,0.17999999999999972
2025-07-07,6229.98,17.79,4.4,3.9,2.86,-0.00789334941723412,0.00917683946870302,0.10183827876433266,0.0918510971657435,0.10435593195786282,1.4100000000000001,1.4699999999999989,0.07354406804213719,0.5000000000000004,0.11000000000000032,0.16999999999999993
2025-07-08,6225.52,16.81,4.42,3.9,2.92,-0.000716149522799676,0.0033096123921589012,0.09825892190080715,0.089832454686212,0.10061599903146418,-0.9800000000000004,0.0799999999999983,0.06748400096853582,0.52,0.17999999999999972,0.17999999999999972
2025-07-09,6263.26,15.94,4.34,3.86,2.94,0.006043843334676842,0.010472543545272783,0.10311791250714578,0.08072102233989091,0.10163200083269502,-0.8699999999999992,-0.8899999999999988,0.05776799916730496,0.48,0.08000000000000007,0.08000000000000007
2025-07-10,6280.46,15.78,4.35,3.86,2.92,0.002742409872004345,0.008481104380019694,0.10085095394221255,0.07924345219003458,0.10089115228219436,-0.16000000000000014,-0.8600000000000012,0.05690884771780563,0.48999999999999977,0.04999999999999982,0.08000000000000007
2025-07-11,6259.75,16.4,4.43,3.9,2.97,-0.0033029779929135954,-0.0031262237262663535,0.08542111549917589,0.07978779590114765,0.10125354108639593,0.6199999999999992,0.019999999999999574,0.06274645891360404,0.5299999999999998,0.08000000000000007,0.020000000000000018
2025-07-14,6268.56,17.2,4.43,3.9,2.95,0.0014064149836943984,0.006173540674662292,0.05602760764567786,0.07765150811485634,0.10102073484326003,0.8000000000000007,-0.5899999999999999,0.07097926515673995,0.5299999999999998,0.02999999999999936,0.0
2025-07-15,6243.76,17.38,4.5,3.95,2.95,-0.0039640981809521275,0.002925592016509785,0.06685164908559488,0.07923211411194916,0.09115731400928262,0.17999999999999972,0.5700000000000003,0.08264268599071736,0.5499999999999998,0.08000000000000007,0.050000000000000266
2025-07-16,6263.7,17.16,4.46,3.88,3.0,0.0031884998062567844,7.024848808974136e-05,0.0540013899377565,0.0795296248716796,0.08727490476549647,-0.21999999999999886,1.2200000000000006,0.08432509523450353,0.5800000000000001,0.1200000000000001,0.020000000000000018
2025-07-17,6297.36,16.52,4.47,3.91,2.91,0.005359433132147322,0.0026872717482326106,0.06450576031296947,0.0803973176804317,0.07909270524151148,-0.6400000000000006,0.7400000000000002,0.08610729475848851,0.5599999999999996,0.1200000000000001,0.050000000000000266
2025-07-18,6296.79,16.41,4.44,3.88,2.93,-9.051821685285016e-05,0.005899731524293387,0.055916226857701846,0.06971892447914999,0.07899109676047893,-0.10999999999999943,0.010000000000001563,0.08510890323952107,0.5600000000000005,0.010000000000000675,-0.020000000000000018
2025-07-21,6305.6,16.65,4.38,3.85,2.89,0.0013981477220053166,0.005891464262604521,0.05591414815560498,0.05277198775111495,0.07713355928594129,0.23999999999999844,-0.5500000000000007,0.08936644071405869,0.5299999999999998,-0.04999999999999982,-0.04999999999999982
2025-07-22,6309.62,16.5,4.35,3.83,2.9,0.0006373254110623907,0.010492887854618894,0.03481470824571779,0.051820072830673684,0.07308487525950177,-0.14999999999999858,-0.879999999999999,0.09191512474049823,0.5199999999999996,-0.15000000000000036,-0.1200000000000001
2025-07-23,6358.91,15.37,4.4,3.88,2.83,0.0077815261467118115,0.015085914195074056,0.053907866293827635,0.05673592053753347,0.06866953039889212,-1.1300000000000008,-1.790000000000001,0.08503046960110788,0.5200000000000005,-0.05999999999999961,0.0
2025-07-24,6363.35,15.39,4.43,3.91,2.82,0.000697989222081707,0.010424470285008388,0.0512396411429375,0.05642552085145303,0.06842356121049281,0.02000000000000135,-1.129999999999999,0.0854764387895072,0.5199999999999996,-0.040000000000000036,0.0
2025-07-25,6388.64,14.93,4.4,3.91,2.84,0.003966444948063231,0.014481433449924518,0.04840465277403176,0.05135325226615485,0.06531234970105435,-0.46000000000000085,-1.4800000000000004,0.08398765029894564,0.4900000000000002,-0.040000000000000036,0.03000000000000025
2025-07-28,6389.77,15.03,4.42,3.91,2.82,0.00017686081491285848,0.013260146542832018,0.051465726052991226,0.052141632063165855,0.06444851900130484,0.09999999999999964,-1.6199999999999992,0.08585148099869515,0.5099999999999998,0.040000000000000036,0.06000000000000005
2025-07-29,6370.86,15.98,4.34,3.86,2.86,-0.0029638056808081927,0.009659015450961286,0.06493436911130171,0.04913888193087001,0.06516033561823163,0.9500000000000011,-0.5199999999999996,0.09463966438176837,0.48,-0.009999999999999787,0.029999999999999805
2025-07-30,6362.9,15.48,4.38,3.94,2.89,-0.0012502200507663753,0.0006272692534832407,0.04087466545357349,0.051180840727931824,0.06522704974313977,-0.5,0.11000000000000121,0.08957295025686023,0.43999999999999995,-0.020000000000000462,0.06000000000000005
2025-07-31,6339.39,16.72,4.37,3.94,2.86,-0.003701698960678981,-0.0037724189292774627,0.04825922573032407,0.05259585607560075,0.06622429172928765,1.2399999999999984,1.3299999999999983,0.10097570827071234,0.43000000000000016,-0.05999999999999961,0.029999999999999805
2025-08-01,6238.01,20.38,4.23,3.69,3.13,-0.016121328046944453,-0.023860191924285058,0.10352458875211455,0.09960333857721557,0.08425984834780025,3.66,5.449999999999999,0.11954015165219974,0.5400000000000005,-0.16999999999999993,-0.2200000000000002
2025-08-04,6329.94,17.52,4.22,3.69,3.02,0.014629536175939909,-0.009407516563258148,0.17394543019439057,0.12674176411204915,0.09472536486955783,-2.8599999999999994,2.49,0.08047463513044216,0.5299999999999998,-0.20000000000000018,-0.2200000000000002
2025-08-05,6299.19,17.85,4.22,3.72,2.98,-0.004869703735275253,-0.011313414617725172,0.17521414195028592,0.12942175262136607,0.0967308814775994,0.33000000000000185,1.870000000000001,0.08176911852240062,0.49999999999999956,-0.1200000000000001,-0.13999999999999968
2025-08-06,6345.06,16.77,4.22,3.69,2.98,0.007255503683515384,-0.002807690883443328,0.18823224803800173,0.12854130485235243,0.09772773827877432,-1.0800000000000018,1.2899999999999991,0.06997226172122567,0.5299999999999998,-0.16000000000000014,-0.25
2025-08-07,6340.0,16.57,4.23,3.72,2.95,-0.000797788937281747,9.621913995404271e-05,0.18629928920602326,0.12846212774887175,0.0975295744361274,-0.1999999999999993,-0.14999999999999858,0.06817042556387261,0.5100000000000002,-0.13999999999999968,-0.21999999999999975
2025-08-08,6389.45,15.15,4.27,3.76,2.94,0.007769424248422339,0.02398697143532075,0.12201321101798229,0.13337911830741997,0.09974001390804427,-1.42,-5.229999999999999,0.05175998609195573,0.5099999999999998,0.03999999999999915,0.06999999999999984
2025-08-11,6373.45,16.25,4.27,3.76,2.94,-0.0025072684706233723,0.006850166788757535,0.09196883722959498,0.13396591107875752,0.10050625828735034,1.0999999999999996,-1.2699999999999996,0.061993741712649666,0.5099999999999998,0.04999999999999982,0.06999999999999984
2025-08-12,6445.76,14.73,4.29,3.72,2.93,0.011281626080988628,0.02300149660502144,0.09438007959149196,0.14456974894275942,0.10531606446650858,-1.5199999999999996,-3.120000000000001,0.04198393553349143,0.5699999999999998,0.07000000000000028,0.0
2025-08-13,6466.58,14.49,4.24,3.67,2.9,0.0032248249415864237,0.01897081786309242,0.0915310317868522,0.14421807665046643,0.10532344660067744,-0.2400000000000002,-2.2799999999999994,0.03957655339932256,0.5700000000000003,0.020000000000000462,-0.020000000000000018
2025-08-14,6468.54,14.83,4.29,3.74,2.89,0.00030305092105848265,0.0200716577214324,0.08832936312939937,0.14145798885198016,0.10445142844252354,0.33999999999999986,-1.7400000000000002,0.04384857155747644,0.5499999999999998,0.05999999999999961,0.020000000000000018
2025-08-15,6449.8,15.09,4.33,3.75,2.88,-0.0029013035955741404,0.009400929877436081,0.09215246981681821,0.1048165440476866,0.1054342487155938,0.2599999999999998,-0.0600000000000005,0.045465751284406206,0.5800000000000001,0.0600000000000005,-0.009999999999999787
2025-08-18,6449.15,14.99,4.34,3.77,2.88,-0.00010078339718365875,0.011807414950875839,0.08633424224450154,0.08450295604071499,0.10553118029285281,-0.09999999999999964,-1.2599999999999998,0.04436881970714719,0.5699999999999998,0.07000000000000028,0.010000000000000231
2025-08-19,6411.37,15.57,4.3,3.75,2.9,-0.0058753625327812135,-0.005349573662894116,0.054827613737724386,0.08686515915675164,0.1084232356789336,0.5800000000000001,0.8399999999999999,0.04727676432106641,0.5499999999999998,0.009999999999999787,0.029999999999999805
2025-08-20,6395.78,15.69,4.29,3.74,2.94,-0.002434578762704586,-0.011008977367185105,0.03946906908526661,0.0832615754070235,0.1057291270908841,0.11999999999999922,1.1999999999999993,0.051170872909115886,0.5499999999999998,0.04999999999999982,0.07000000000000028
2025-08-21,6370.17,16.6,4.33,3.79,2.95,-0.0040122410562429415,-0.015324269344486552,0.033680725459786634,0.08648586029926571,0.10680404014409477,0.9100000000000019,1.7700000000000014,0.05919595985590524,0.54,0.040000000000000036,0.04999999999999982
2025-08-22,6466.91,14.22,4.26,3.68,2.88,0.015072248733123567,0.0026492829842112106,0.13336576348648646,0.10865989426550382,0.11880190865744834,-2.380000000000001,-0.8699999999999992,0.02339809134255165,0.5799999999999996,-0.07000000000000028,-0.06999999999999984
2025-08-25,6439.32,14.79,4.28,3.73,2.8,-0.0042754610800767165,-0.0015253946986818925,0.13782785382125093,0.1106948371690936,0.12006117157719144,0.5699999999999985,-0.20000000000000107,0.027838828422808562,0.5500000000000003,-0.05999999999999961,-0.040000000000000036
2025-08-26,6465.94,14.62,4.26,3.61,2.78,0.0041254554739158684,0.008475423308015035,0.13045386319891364,0.09713312757136996,0.12007476618127931,-0.16999999999999993,-0.9500000000000011,0.026125233818720686,0.6499999999999999,-0.040000000000000036,-0.14000000000000012
2025-08-27,6481.4,14.85,4.24,3.59,2.78,0.0023881364585491512,0.013298138529268838,0.125223811390209,0.0965196040368787,0.11996914595720796,0.23000000000000043,-0.8399999999999999,0.028530854042792028,0.6500000000000004,-0.04999999999999982,-0.15000000000000036
2025-08-28,6501.86,14.43,4.22,3.62,2.75,0.003151753401949776,0.020462132987461683,0.11065813033872161,0.09763381155294772,0.11892741489580343,-0.41999999999999993,-2.1700000000000017,0.025372585104196557,0.5999999999999996,-0.11000000000000032,-0.16999999999999993
2025-08-29,6460.26,15.36,4.23,3.59,2.82,-0.006418725150929158,-0.0010288408965910914,0.07610002365892973,0.10255160353370617,0.10418748639572384,0.9299999999999997,1.1399999999999988,0.04941251360427615,0.6400000000000006,-0.02999999999999936,-0.0900000000000003
2025-09-02,6415.54,17.17,4.28,3.66,2.92,-0.006946392429262097,-0.0036997722457764127,0.08672003533397511,0.10862098773854077,0.09669275176654253,1.8100000000000023,2.3800000000000026,0.07500724823345749,0.6200000000000001,0.0,-0.06999999999999984
2025-09-03,6448.26,16.35,4.22,3.61,2.88,0.005087154738688097,-0.002738072981004198,0.09031356184252931,0.1074283794908238,0.0955775717111301,-0.8200000000000003,1.7300000000000022,0.06792242828886991,0.6099999999999999,-0.040000000000000036,0.0
2025-09-04,6502.08,15.3,4.17,3.59,2.84,0.008311798740472436,0.0031855893009191125,0.110073858049675,0.11243075532566449,0.09653838245248908,-1.0500000000000007,0.45000000000000107,0.05646161754751092,0.5800000000000001,-0.07000000000000028,0.0
2025-09-05,6481.5,15.18,4.1,3.51,2.83,-0.003170160654550948,-0.0031363247555816856,0.11012497309728356,0.11131760551422173,0.09755868671088376,-0.120000000000001,0.75,0.05424131328911623,0.5899999999999999,-0.1200000000000001,-0.11000000000000032
2025-09-08,6495.15,15.11,4.05,3.49,2.84,0.0021037794861457856,0.005386179881493186,0.09782198705194224,0.08331897329247942,0.09444767063456475,-0.07000000000000028,-0.25,0.05665232936543524,0.5599999999999996,-0.1800000000000006,-0.09999999999999964
2025-09-09,6512.61,15.04,4.08,3.54,2.87,0.0026845529877440578,0.015017125298499297,0.06713667139612138,0.07953958447822236,0.09381744265782449,-0.07000000000000028,-2.1300000000000026,0.05658255734217549,0.54,-0.20000000000000018,-0.1200000000000001
2025-09-10,6532.04,15.35,4.04,3.54,2.84,0.0029790012563325726,0.012908971816143942,0.06463613816195535,0.07853321697145943,0.08615963397428092,0.3100000000000005,-1.0000000000000018,0.06734036602571908,0.5,-0.17999999999999972,-0.06999999999999984
2025-09-11,6587.47,14.71,4.01,3.52,2.78,0.008450060989231583,0.013047234064903136,0.06541113422161422,0.08694202037894493,0.0901239800603007,-0.6399999999999988,-0.5899999999999999,0.05697601993969931,0.48999999999999977,-0.16000000000000014,-0.06999999999999984
2025-09-12,6584.29,14.76,4.06,3.56,2.79,-0.00048285120011051867,0.015734543519343433,0.05182283203954482,0.08706729590841576,0.09023914237002756,0.049999999999998934,-0.41999999999999993,0.05736085762997245,0.49999999999999956,-0.040000000000000036,0.050000000000000266
2025-09-15,6615.28,15.69,4.05,3.54,2.75,0.004695616136136634,0.01832638016933438,0.0518026798613282,0.07690567419490417,0.09003841405791173,0.9299999999999997,0.5800000000000001,0.06686158594208826,0.5099999999999998,0.0,0.04999999999999982
2025-09-16,6606.76,16.36,4.04,3.51,2.79,-0.0012887574351968891,0.014353069746393542,0.06300935374770243,0.06139232458520484,0.09037582372172465,0.6699999999999999,1.3200000000000003,0.07322417627827535,0.5300000000000002,-0.040000000000000036,-0.03000000000000025
2025-09-17,6600.35,15.72,4.06,3.52,2.79,-0.0009706893488903998,0.010403379141170566,0.06857464063723066,0.06296335110850665,0.08688742228632458,-0.6399999999999988,0.370000000000001,0.07031257771367543,0.5399999999999996,0.019999999999999574,-0.020000000000000018
2025-09-18,6631.96,15.7,4.11,3.57,2.71,0.0047777085223636995,0.006731026674302505,0.04934536856449865,0.05563738581793359,0.08637814682426173,-0.02000000000000135,0.9899999999999984,0.07062185317573827,0.5400000000000005,0.10000000000000053,0.04999999999999982
2025-09-19,6664.36,15.45,4.14,3.57,2.72,0.00487353856235327,0.012087416436766495,0.05144460832383535,0.0490621072280026,0.08416038225988262,-0.25,0.6899999999999995,0.07033961774011738,0.5699999999999998,0.08000000000000007,0.009999999999999787
2025-09-22,6693.75,16.1,4.15,3.61,2.69,0.004400330199851501,0.011792130500481173,0.050657497153129144,0.04952524427743483,0.06993043481698609,0.6500000000000021,0.4100000000000019,0.09106956518301391,0.5400000000000005,0.10000000000000053,0.06999999999999984
2025-09-23,6656.92,16.64,4.12,3.53,2.71,-0.005517340092831724,0.007563547842846232,0.07355681134214778,0.0655614998232045,0.07146557558202173,0.5399999999999991,0.28000000000000114,0.09493442441797827,0.5900000000000003,0.08000000000000007,0.020000000000000018
2025-09-24,6637.97,16.18,4.16,3.57,2.7,-0.002850721267084144,0.0056835159246525074,0.07859403174882613,0.06998364555107298,0.07255762822393991,-0.46000000000000085,0.4599999999999991,0.08924237177606009,0.5900000000000003,0.10000000000000053,0.04999999999999982
2025-09-25,6604.72,16.74,4.18,3.64,2.76,-0.0050216489054652645,-0.0041158415031763654,0.08075385123253553,0.0656501622169027,0.07579622030644305,0.5599999999999987,1.0399999999999991,0.09160377969355694,0.5399999999999996,0.0699999999999994,0.07000000000000028
2025-09-26,6643.7,15.29,4.2,3.63,2.75,0.00588449226108198,-0.00310488780444765,0.08543033498105446,0.07117730081973062,0.07745525772295447,-1.4499999999999993,-0.16000000000000014,0.0754447422770455,0.5700000000000003,0.0600000000000005,0.06000000000000005
2025-09-29,6661.21,16.12,4.15,3.63,2.74,0.0026321125222386276,-0.004873105482060421,0.07960652015816032,0.06880917134846146,0.07232825413686293,0.8300000000000018,0.019999999999999574,0.08887174586313708,0.5200000000000005,0.0,0.020000000000000018
2025-09-30,6688.46,16.28,4.16,3.6,2.8,0.00408250358961618,0.004726738200387425,0.07407514672905463,0.06975650041592901,0.06545009962889899,0.16000000000000014,-0.35999999999999943,0.09734990037110101,0.56,0.040000000000000036,0.07000000000000028
2025-10-01,6711.2,16.29,4.12,3.55,2.81,0.003394119228470274,0.010971578695941944,0.06682583158889707,0.06934257734428452,0.06469092904784406,0.00999999999999801,0.10999999999999943,0.09820907095215593,0.5700000000000003,-0.040000000000000036,-0.020000000000000018
2025-10-02,6715.35,16.63,4.1,3.55,2.81,0.000618178181611686,0.01661140578301869,0.030675746206606045,0.06722692651217647,0.06035120011608964,0.33999999999999986,-0.10999999999999943,0.10594879988391037,0.5499999999999998,-0.08000000000000007,-0.0900000000000003
2025-10-03,6715.79,16.65,4.13,3.58,2.8,6.55193825925374e-05,0.010792432904529192,0.027730466978394378,0.06423593569545846,0.05799640866330812,0.019999999999999574,1.3599999999999994,0.10850359133669185,0.5499999999999998,-0.07000000000000028,-0.04999999999999982
2025-10-06,6740.28,16.37,4.18,3.6,2.76,0.0036399969738822847,0.011800317356172825,0.029670255689038583,0.06313632941832015,0.058366920651435734,-0.2799999999999976,0.25,0.10533307934856428,0.5799999999999996,0.02999999999999936,-0.029999999999999805
2025-10-07,6714.59,17.24,4.14,3.57,2.82,-0.003818696311234345,0.0038991174553222106,0.04808291115352198,0.058891270552295504,0.06161174994820462,0.8699999999999974,0.9599999999999973,0.11078825005179538,0.5699999999999998,-0.020000000000000462,-0.03000000000000025
2025-10-08,6753.72,16.3,4.13,3.58,2.84,0.0058106934127934015,0.006315691639645413,0.058329378575199695,0.059645527217931905,0.06329373936173285,-0.9399999999999977,0.010000000000001563,0.09970626063826715,0.5499999999999998,0.009999999999999787,0.03000000000000025
2025-10-09,6735.11,16.43,4.14,3.6,2.95,-0.0027593218696984716,0.0029381915883353736,0.06520526977380679,0.05321051009804921,0.05977372950717258,0.129999999999999,-0.1999999999999993,0.10452627049282742,0.5399999999999996,0.040000000000000036,0.050000000000000266
2025-10-10,6552.51,21.66,4.05,3.52,3.18,-0.02748595997057204,-0.024613287764829073,0.21052812239935267,0.15346158255895243,0.11789868920861361,5.23,5.010000000000002,0.0987013107913864,0.5299999999999998,-0.08000000000000007,-0.06000000000000005
2025-10-13,6654.72,19.03,4.05,3.52,3.18,0.015478194983781826,-0.01277508975492968,0.25329323021372463,0.174919249360913,0.12952710433735293,-2.629999999999999,2.66,0.0607728956626471,0.5299999999999998,-0.1299999999999999,-0.08000000000000007
2025-10-14,6644.31,20.81,4.03,3.48,3.11,-0.001565528031162684,-0.010521921474857983,0.25309004773844856,0.1734316730029431,0.12957576805056545,1.7799999999999976,3.5700000000000003,0.07852423194943453,0.5500000000000003,-0.10999999999999943,-0.08999999999999986
2025-10-15,6671.06,20.64,4.05,3.5,2.95,0.0040179185387894355,-0.012314696348862007,0.2498572111445229,0.17386791655031542,0.1301441371936784,-0.16999999999999815,4.34,0.0762558628063216,0.5499999999999998,-0.08000000000000007,-0.08000000000000007
2025-10-16,6629.07,25.31,3.99,3.41,3.04,-0.0063142449751388335,-0.015869619454302385,0.2513927418461622,0.17597797908117624,0.13129630636578216,4.669999999999998,8.879999999999999,0.12180369363421784,0.5800000000000001,-0.14999999999999947,-0.18999999999999995
2025-10-17,6664.01,20.78,4.02,3.46,3.04,0.005256882598063332,0.016873223114333,0.13011588572284088,0.17900385684668582,0.13149277870964476,-4.529999999999998,-0.879999999999999,0.07630722129035525,0.5599999999999996,-0.03000000000000025,-0.06000000000000005
2025-10-20,6735.13,18.23,4.0,3.46,2.99,0.010615706365319902,0.012010734495870945,0.10347108607678561,0.18706392223444065,0.13602580684520618,-2.5500000000000007,-0.8000000000000007,0.046274193154793836,0.54,-0.04999999999999982,-0.06000000000000005
2025-10-21,6735.35,17.87,3.98,3.45,2.97,3.2664017914663565e-05,0.013608926544948436,0.10017993217169834,0.18590208579183973,0.13428885969987708,-0.35999999999999943,-2.9399999999999977,0.044411140300122914,0.5299999999999998,-0.050000000000000266,-0.029999999999999805
2025-10-22,6699.4,18.6,3.97,3.45,3.01,-0.005351805698817079,0.004239202307341855,0.11371247222288346,0.1850952321043814,0.13542636462516966,0.7300000000000004,-2.039999999999999,0.05057363537483037,0.52,-0.07999999999999963,-0.04999999999999982
2025-10-23,6738.44,17.3,4.01,3.48,2.96,0.005810473980595434,0.016363921263076227,0.09694404543697344,0.18754811628645376,0.13506840426993913,-1.3000000000000007,-8.009999999999998,0.037931595730060885,0.5299999999999998,0.019999999999999574,0.06999999999999984
2025-10-24,6791.69,16.37,4.02,3.48,2.88,0.00787136190706858,0.018978400572081337,0.10196208924076423,0.11026096624562179,0.13620033939305876,-0.9299999999999997,-4.41,0.027499660606941256,0.5399999999999996,0.0,0.020000000000000018
2025-10-27,6875.16,15.79,4.01,3.48,2.8,0.01221510997336481,0.02057780418012645,0.10908528898457469,0.10125490919127302,0.14176287681318214,-0.5800000000000018,-2.4400000000000013,0.016137123186817842,0.5299999999999998,0.009999999999999787,0.020000000000000018
2025-10-28,6890.89,16.42,3.99,3.47,2.82,0.002285333388467007,0.022830473550678684,0.10486410993734173,0.09790751422009017,0.14148548223929366,0.6300000000000026,-1.4499999999999993,0.02271451776070635,0.52,0.010000000000000231,0.020000000000000018
2025-10-29,6890.59,16.92,4.08,3.59,2.76,-4.3536688374153406e-05,0.028138742561121585,0.07604690216037566,0.09958166323974,0.14139831715559248,0.5,-1.6799999999999997,0.027801682844407538,0.4900000000000002,0.10999999999999988,0.13999999999999968
2025-10-30,6822.34,16.91,4.11,3.61,2.85,-0.00995419119768763,0.012374077382838513,0.13396200308390202,0.11044205116475346,0.14696386237084733,-0.010000000000001563,-0.39000000000000057,0.022136137629152675,0.5000000000000004,0.10000000000000053,0.1299999999999999
2025-10-31,6840.2,17.44,4.11,3.6,2.94,0.0026144494615600103,0.007117164937330114,0.1255552191701766,0.10963924853029135,0.14707560150431698,0.5300000000000011,1.0700000000000003,0.027324398495683022,0.5100000000000002,0.09000000000000075,0.1200000000000001
2025-11-03,6851.97,17.17,4.13,3.6,3.04,0.001719231195508654,-0.003378713840525979,0.08393192003163015,0.10013286824967205,0.14676177555386094,-0.2699999999999996,1.3800000000000026,0.02493822444613908,0.5299999999999998,0.1200000000000001,0.1200000000000001
2025-11-04,6771.55,19.0,4.1,3.58,3.13,-0.01180619019419214,-0.017470237423185125,0.10860507388327413,0.12114944242112258,0.1527288735682811,1.8299999999999983,2.5799999999999983,0.0372711264317189,0.5199999999999996,0.10999999999999943,0.10999999999999988
2025-11-05,6796.29,18.01,4.17,3.63,3.05,0.0036468630849652776,-0.013779837649845755,0.11868410388318264,0.11726361992296437,0.15190728162048808,-0.9899999999999984,1.0899999999999999,0.028192718379511927,0.54,0.08999999999999986,0.040000000000000036
2025-11-06,6720.32,19.5,4.11,3.57,3.13,-0.011241102610422679,-0.01506674906258085,0.12384096260940634,0.13000221487535987,0.15707889768086244,1.4899999999999984,2.59,0.03792110231913756,0.5400000000000005,0.0,-0.040000000000000036
2025-11-07,6728.8,19.08,4.11,3.55,3.15,0.0012610492171643028,-0.01642014930697682,0.12028799411811009,0.12242648063114994,0.1192083848287019,-0.4200000000000017,1.639999999999997,0.07159161517129807,0.5600000000000005,0.0,-0.050000000000000266
2025-11-10,6832.43,17.6,4.13,3.58,3.02,0.015283571949665772,-0.0028558085528197015,0.17970384870622505,0.13222835978991743,0.1189035789830464,-1.4799999999999969,0.4299999999999997,0.057096421016953613,0.5499999999999998,0.0,-0.020000000000000018
2025-11-11,6846.61,17.28,4.13,3.58,3.02,0.002073245648702285,0.011023627290074927,0.14951437293927589,0.13210195026618302,0.11843392647113615,-0.3200000000000003,-1.7199999999999989,0.054366073528863856,0.5499999999999998,0.03000000000000025,0.0
2025-11-12,6850.92,17.51,4.08,3.56,3.02,0.0006293105606983312,0.008006074765808252,0.14921512539267087,0.13223079794751805,0.1180885906407171,0.23000000000000043,-0.5,0.05701140935928291,0.52,-0.08999999999999986,-0.06999999999999984
2025-11-13,6737.49,20.0,4.11,3.58,3.09,-0.016695497821198804,0.0025516795550321147,0.18052840960562866,0.14889618689927125,0.13193909424461722,2.4899999999999984,0.5,0.06806090575538279,0.5300000000000002,0.0,0.010000000000000231
2025-11-14,6734.11,19.83,4.14,3.62,3.07,-0.0005017963821556283,0.0007888339557121639,0.18050037010286296,0.14744539403125487,0.13094523804006308,-0.1700000000000017,0.75,0.06735476195993689,0.5199999999999996,0.02999999999999936,0.07000000000000028
2025-11-17,6672.41,22.38,4.13,3.6,3.13,-0.009204541614054106,-0.023699279608007648,0.1270154685169266,0.15079557801041335,0.12957722212506284,2.5500000000000007,4.779999999999998,0.09422277787493716,0.5299999999999998,0.0,0.020000000000000018
2025-11-18,6617.32,24.69,4.12,3.58,3.2,-0.008290659863030455,-0.03406318511974049,0.11247007324123252,0.14577125948395733,0.13248645133394504,2.3100000000000023,7.41,0.11441354866605496,0.54,-0.009999999999999787,0.0
2025-11-19,6642.16,23.66,4.13,3.58,3.17,0.0037467576494783256,-0.030945738030960616,0.1267379705924971,0.14588626052560866,0.1323533799057783,-1.0300000000000011,6.149999999999999,0.1042466200942217,0.5499999999999998,0.04999999999999982,0.020000000000000018
2025-11-20,6538.76,26.42,4.1,3.55,3.17,-0.015689666748388537,-0.02993990695815037,0.12158118017891115,0.15495292499700758,0.14065321885140478,2.7600000000000016,6.420000000000002,0.12354678114859521,0.5499999999999998,-0.010000000000000675,-0.03000000000000025
2025-11-21,6602.99,23.43,4.06,3.51,3.19,0.009775031702356704,-0.019663078873638114,0.16495102766814224,0.16656582787839755,0.1424865713613189,-2.990000000000002,3.6000000000000014,0.09181342863868111,0.5499999999999998,-0.08000000000000007,-0.11000000000000032
2025-11-24,6705.12,20.52,4.04,3.46,3.15,0.015348836917048726,0.004890299657464828,0.20318345484178155,0.16675442893635145,0.14682870117886543,-2.91,-1.8599999999999994,0.058371298821134565,0.5800000000000001,-0.08999999999999986,-0.14000000000000012
2025-11-25,6765.88,18.56,4.01,3.43,3.1,0.009020920798512149,0.022201880319007307,0.1901853146726351,0.17481958204786052,0.15087197817228926,-1.9600000000000009,-6.130000000000003,0.03472802182771073,0.5799999999999996,-0.11000000000000032,-0.1499999999999999
2025-11-26,6812.61,17.19,4.0,3.45,3.0,0.0068829721842695365,0.025338094853798697,0.19076710402728453,0.17939674366835065,0.15338529535442708,-1.3699999999999974,-6.469999999999999,0.01851470464557295,0.5499999999999998,-0.1299999999999999,-0.1299999999999999
2025-11-28,6849.09,16.35,4.02,3.47,2.95,0.005340490085903758,0.04636825168809101,0.060660687938543754,0.15655484436742903,0.150555241021495,-0.8399999999999999,-10.07,0.012944758978505,0.5499999999999994,-0.08000000000000007,-0.07999999999999963
2025-12-01,6812.63,17.24,4.09,3.54,2.94,-0.005337554357799105,0.03125566562793534,0.11931414307808921,0.1602481867873405,0.15150386567322788,0.889999999999997,-6.190000000000001,0.02089613432677212,0.5499999999999998,0.03000000000000025,0.03000000000000025
2025-12-02,6829.37,16.59,4.09,3.51,2.92,0.0024541868350872,0.018361015545973757,0.0885138322585538,0.1494603834507406,0.15164986570547398,-0.6499999999999986,-3.9299999999999997,0.014250134294526012,0.5800000000000001,0.04999999999999982,0.04999999999999982
2025-12-03,6849.72,16.08,4.06,3.49,2.89,0.0029753463150951035,0.012315441062556606,0.07484932639832177,0.13725669086430198,0.14555504335006758,-0.5100000000000016,-2.4800000000000004,0.01524495664993239,0.5699999999999994,0.04999999999999982,0.06000000000000005
2025-12-04,6857.12,15.78,4.11,3.52,2.88,0.0010797529874062967,0.006512221865693507,0.06378021841628181,0.13774825548546474,0.14512080523327736,-0.29999999999999893,-1.410000000000002,0.012679194766722635,0.5900000000000003,0.11000000000000032,0.06999999999999984
2025-12-05,6870.4,15.41,4.14,3.56,2.85,0.0019348001886360358,0.0031065319684257043,0.05403423143660325,0.09040734607484952,0.1384300883433401,-0.3699999999999992,-0.9400000000000013,0.0156699116566599,0.5799999999999996,0.1200000000000001,0.08999999999999986
2025-12-08,6846.51,16.66,4.17,3.57,2.89,-0.003483295312933449,0.004960791013291514,0.041240503218589984,0.09496804739719308,0.13937997315320458,1.25,-0.5799999999999983,0.02722002684679542,0.6000000000000001,0.08000000000000007,0.029999999999999805
2025-12-09,6840.51,16.93,4.18,3.61,2.89,-0.0008767431309868112,0.0016298610472175615,0.04057539374525646,0.07069379895201701,0.12859775694938702,0.2699999999999996,0.33999999999999986,0.040702243050612985,0.5699999999999998,0.08999999999999986,0.10000000000000009
2025-12-10,6886.68,15.77,4.13,3.54,2.91,0.0067268208715260186,0.005381335603648382,0.06006655951962155,0.06502419615104806,0.13060963562430708,-1.1600000000000001,-0.3099999999999987,0.027090364375692927,0.5899999999999999,0.07000000000000028,0.04999999999999982
2025-12-11,6901.0,14.85,4.14,3.52,2.88,0.0020772175085341247,0.006378800124776063,0.06048615069442171,0.05860073126441873,0.13076029974836825,-0.9199999999999999,-0.9299999999999997,0.01773970025163174,0.6199999999999997,0.02999999999999936,0.0
2025-12-12,6827.41,15.74,4.19,3.52,2.91,-0.010720936344245894,-0.006276936408105879,0.10334459046799543,0.07931516391996274,0.1218373870785853,0.8900000000000006,0.33000000000000007,0.035562612921414716,0.6700000000000004,0.05000000000000071,-0.040000000000000036
2025-12-15,6816.51,16.5,4.18,3.51,2.91,-0.0015977816227138871,-0.004391422717886411,0.10163655789014157,0.07477905703848711,0.12203829028352071,0.7599999999999998,-0.16000000000000014,0.04296170971647929,0.6699999999999999,0.009999999999999787,-0.06000000000000005
2025-12-16,6800.26,16.48,4.15,3.48,2.98,-0.0023867639262764775,-0.005901443513176134,0.10219890817317505,0.07438135627867429,0.11706578360701783,-0.019999999999999574,-0.4499999999999993,0.04773421639298217,0.6700000000000004,-0.02999999999999936,-0.1299999999999999
2025-12-17,6721.43,17.62,4.16,3.49,2.99,-0.011659917229324452,-0.024288181614026617,0.09573307957137697,0.09023076510050719,0.1211330491549511,1.1400000000000006,1.8500000000000014,0.05506695084504892,0.6699999999999999,0.03000000000000025,-0.04999999999999982
2025-12-18,6774.76,16.87,4.12,3.46,2.95,0.007903012268159712,-0.018462386854400954,0.1263563339563904,0.10222443793730095,0.12336085824643458,-0.75,2.0200000000000014,0.04533914175356543,0.6600000000000001,-0.019999999999999574,-0.06000000000000005
2025-12-19,6834.5,14.91,4.16,3.48,2.9,0.008779372826506848,0.0010379223163517045,0.13364854412581725,0.11329240991022194,0.10925520126723681,-1.9600000000000009,-0.8300000000000001,0.0398447987327632,0.6800000000000002,-0.03000000000000025,-0.040000000000000036
2025-12-22,6878.49,14.08,4.17,3.44,2.88,0.006415836501950419,0.009051540441015983,0.13883665775508133,0.11689330551091702,0.10679392007231721,-0.8300000000000001,-2.42,0.0340060799276828,0.73,-0.009999999999999787,-0.06999999999999984
2025-12-23,6909.79,14.0,4.18,3.48,2.83,0.004540095467188959,0.01597839983448139,0.13427859341901474,0.11830533192710627,0.09519572199168,-0.08000000000000007,-2.4800000000000004,0.044804278008320014,0.6999999999999997,0.02999999999999936,0.0
2025-12-24,6932.05,13.47,4.15,3.47,2.84,0.003216338173199279,0.03085465523700526,0.036591770475311224,0.11481462288481059,0.0912647471448736,-0.5299999999999994,-4.15,0.04343525285512641,0.6800000000000002,-0.009999999999999787,-0.020000000000000018
2025-12-26,6929.94,13.6,4.14,3.46,2.86,-0.0003044295972362362,0.02264721337160925,0.054247554409249846,0.11461183852747864,0.0888773033301476,0.129999999999999,-3.2700000000000014,0.047122696669852415,0.6799999999999997,0.019999999999999574,0.0
2025-12-29,6905.74,14.2,4.12,3.45,2.87,-0.0034982053182543806,0.010369635226847933,0.062972247385289,0.09972416789997586,0.08849619614518102,0.5999999999999996,-0.7100000000000009,0.05350380385481897,0.6699999999999999,-0.040000000000000036,-0.029999999999999805
2025-12-30,6896.24,14.33,4.14,3.45,2.84,-0.0013766142974067502,0.00257718442749092,0.052562427044267813,0.09956015529174368,0.08616944295182787,0.13000000000000078,0.25,0.057130557048172145,0.6899999999999995,-0.03000000000000025,0.010000000000000231
2025-12-31,6845.5,14.95,4.18,3.47,2.81,-0.007384833448338178,-0.00934774448803626,0.06231109119708872,0.10740229323043952,0.09035257533466133,0.6199999999999992,0.9499999999999993,0.05914742466533866,0.7099999999999995,0.0,-0.009999999999999787
2026-01-02,6858.47,14.51,4.19,3.47,2.83,0.0018928827007984883,-0.010671199960437042,0.055882468983917286,0.08253082091085254,0.08997947052020697,-0.4399999999999995,1.0399999999999991,0.05512052947979304,0.7200000000000002,0.040000000000000036,0.0
2026-01-05,6902.05,14.9,4.17,3.46,2.81,0.006334084134120899,-0.004032686229079777,0.08291273372688793,0.07972666065300273,0.09265939326233852,0.39000000000000057,1.3000000000000007,0.056340606737661475,0.71,0.03000000000000025,0.0
2026-01-06,6944.82,14.75,4.18,3.47,2.79,0.006177589017272698,0.005643108106447284,0.09116727620646183,0.07428987836236628,0.0948344913307457,-0.15000000000000036,0.5500000000000007,0.05266550866925429,0.7099999999999995,0.05999999999999961,0.020000000000000018
2026-01-07,6920.93,15.38,4.15,3.47,2.79,-0.0034459042806426455,0.0035738181232114444,0.09581479319850623,0.07287597070339194,0.09481354952759954,0.6300000000000008,1.0500000000000007,0.058986450472400476,0.6800000000000002,0.010000000000000675,0.020000000000000018
2026-01-08,6921.46,15.45,4.19,3.49,2.76,7.657637160338651e-05,0.011035227943152934,0.06611837429907648,0.06951177219706355,0.0946848432654554,0.06999999999999851,0.5,0.0598151567345446,0.7000000000000002,0.010000000000000675,0.020000000000000018
2026-01-09,6966.28,14.49,4.18,3.54,2.74,0.006454636335169831,0.015596981577524083,0.07238693406866753,0.07515858179686377,0.0944554498102604,-0.9599999999999991,-0.019999999999999574,0.050444550189739604,0.6399999999999997,-0.010000000000000675,0.06999999999999984
2026-01-12,6977.27,15.12,4.19,3.54,2.74,0.0015763564193844878,0.0108392538627876,0.06673530166266924,0.07519314949671121,0.09436646253906857,0.629999999999999,0.21999999999999886,0.056833537460931435,0.6500000000000004,0.020000000000000462,0.08000000000000007
2026-01-13,6963.74,15.98,4.18,3.53,2.75,-0.001941036445421733,0.0027206284000930708,0.06061204789805928,0.07314855567312908,0.08515537650596912,0.8600000000000012,1.2300000000000004,0.07464462349403088,0.6499999999999999,0.0,0.05999999999999961
2026-01-14,6926.6,16.75,4.15,3.51,2.76,-0.005347614026380562,0.000818918654355102,0.06936976780154412,0.07899494484061963,0.0876691035076309,0.7699999999999996,1.3699999999999992,0.07983089649236912,0.6400000000000006,0.0,0.03999999999999959
2026-01-15,6944.47,15.84,4.17,3.56,2.71,0.0025765870817866542,0.0033189293645387594,0.07141216246521259,0.0661528409722094,0.08704344950072612,-0.9100000000000001,0.39000000000000057,0.07135655049927386,0.6099999999999999,-0.020000000000000462,0.06999999999999984
2026-01-16,6940.01,15.86,4.24,3.59,2.65,-0.0006424439594999997,-0.003778150930131053,0.04959745289879804,0.06688221435712055,0.07342833473140646,0.019999999999999574,1.3699999999999992,0.08517166526859353,0.6500000000000004,0.0600000000000005,0.04999999999999982
2026-01-20,6796.86,20.09,4.3,3.6,2.73,-0.020842474609840015,-0.02619698195935561,0.14561530153617955,0.12346662696522383,0.1048670771489237,4.23,4.970000000000001,0.0960329228510763,0.6999999999999997,0.10999999999999943,0.06000000000000005
2026-01-21,6875.62,16.9,4.26,3.6,2.69,0.011521080474655875,-0.012734865039277945,0.18955870697345006,0.13517267818576917,0.10825190822307684,-3.1900000000000013,0.9199999999999982,0.06074809177692314,0.6599999999999997,0.08000000000000007,0.07000000000000028
2026-01-22,6913.35,15.64,4.26,3.61,2.64,0.005472503626070247,-0.00191474738682719,0.19497402195634322,0.13804043430471608,0.10759483605856061,-1.259999999999998,-1.1099999999999994,0.0488051639414394,0.6499999999999999,0.10999999999999943,0.10000000000000009
2026-01-23,6915.61,16.09,4.24,3.6,2.68,0.0003268503228179835,-0.004164484145795824,0.19347100321945682,0.13805560127013305,0.10640092124809011,0.4499999999999993,0.25,0.054499078751909874,0.6400000000000001,0.07000000000000028,0.040000000000000036
2026-01-26,6950.23,16.15,4.22,3.56,2.69,0.00499357730073253,0.0014715371144367606,0.19790709869158918,0.13630154504925487,0.10728746124200175,0.05999999999999872,0.28999999999999915,0.054212538757998224,0.6599999999999997,-0.020000000000000462,-0.029999999999999805
2026-01-27,6978.6,16.35,4.24,3.53,2.71,0.004073571036609139,0.026387582760885816,0.06402137696367516,0.13779681074320296,0.10817365470095082,0.20000000000000284,-3.7399999999999984,0.05532634529904919,0.7100000000000004,-0.05999999999999961,-0.07000000000000028
2026-01-28,6978.03,16.35,4.26,3.56,2.72,-8.16816094311329e-05,0.014784820676798902,0.04190494973270294,0.13737172075728526,0.10723746203037081,0.0,-0.5499999999999972,0.0562625379696292,0.6999999999999997,0.0,-0.040000000000000036
2026-01-29,6969.01,16.88,4.24,3.53,2.77,-0.0012934646000264138,0.008018852450702298,0.0438032516015881,0.13425556962552476,0.10721835472735791,0.5299999999999976,1.2399999999999984,0.061581645272642066,0.7100000000000004,-0.019999999999999574,-0.08000000000000007
2026-01-30,6939.03,17.44,4.26,3.52,2.8,-0.004311182083850207,0.0033808200440339424,0.06123004700057289,0.13587382532487413,0.10473736296602854,0.5600000000000023,1.3500000000000014,0.06966263703397146,0.7399999999999998,0.019999999999999574,-0.08000000000000007
2026-02-02,6976.44,16.34,4.29,3.57,2.81,0.005376762714527654,0.003764005457828915,0.06296800406422179,0.1385084006089613,0.1059956177646174,-1.1000000000000014,0.19000000000000128,0.05740438223538259,0.7200000000000002,0.07000000000000028,0.009999999999999787
2026-02-03,6917.81,18.0,4.28,3.57,2.85,-0.008439512459452748,-0.008749078038232974,0.0813681531524985,0.09067009338642208,0.10879820327248903,1.6600000000000001,1.6499999999999986,0.07120179672751097,0.7100000000000004,0.040000000000000036,0.040000000000000036
2026-02-04,6882.72,18.64,4.29,3.57,2.86,-0.0050853228999764265,-0.013752719328778275,0.08264939481345863,0.07808147246283832,0.10781387357600179,0.6400000000000006,2.289999999999999,0.07858612642399822,0.7200000000000002,0.03000000000000025,0.009999999999999787
2026-02-05,6798.4,21.77,4.21,3.47,2.97,-0.01232663227429177,-0.024785887003043575,0.10459709863799227,0.09342621273215103,0.11542757147457623,3.129999999999999,4.890000000000001,0.10227242852542377,0.7399999999999998,-0.03000000000000025,-0.05999999999999961
2026-02-06,6932.3,17.76,4.22,3.5,2.87,0.019504358091878945,-0.0009703468273142785,0.20362931609419085,0.14194410910006697,0.13630478502688678,-4.009999999999998,0.3200000000000003,0.041295214973113226,0.7199999999999998,-0.040000000000000036,-0.020000000000000018
2026-02-09,6964.82,17.36,4.22,3.48,2.84,0.0046801149243004755,-0.0016669946175414576,0.20248546618779087,0.14165867719051703,0.13534594390963522,-0.40000000000000213,1.0199999999999996,0.03825405609036478,0.7399999999999998,-0.07000000000000028,-0.08999999999999986
2026-02-10,6941.81,17.79,4.16,3.45,2.86,-0.0033092159636613234,0.0034633018782498372,0.19257974089066718,0.1408660971045101,0.13569680757955135,0.4299999999999997,-0.21000000000000085,0.04220319242044865,0.71,-0.1200000000000001,-0.11999999999999966
2026-02-11,6941.47,17.65,4.18,3.52,2.84,-4.897978000417709e-05,0.0084996449982222,0.1862760100158443,0.1408690976202062,0.13555108620619927,-0.14000000000000057,-0.990000000000002,0.04094891379380072,0.6599999999999997,-0.11000000000000032,-0.04999999999999982
2026-02-12,6832.76,20.82,4.09,3.47,2.92,-0.01578487613370198,0.005041401138811931,0.20350288489574272,0.1604976705225593,0.14554348736901704,3.1700000000000017,-0.9499999999999993,0.06265651263098296,0.6199999999999997,-0.1200000000000001,0.0
2026-02-13,6836.17,20.6,4.04,3.4,2.95,0.0004989417709712465,-0.01396401518209584,0.12379808481236548,0.16035312047724262,0.14511273825308585,-0.21999999999999886,2.84,0.06088726174691417,0.6400000000000001,-0.17999999999999972,-0.10000000000000009
2026-02-17,6843.22,20.29,4.05,3.43,2.94,0.0010307478073486504,-0.017613382299047537,0.11207581325960206,0.15657921218582072,0.14525614806038828,-0.3100000000000023,2.9299999999999997,0.05764385193961172,0.6199999999999997,-0.16999999999999993,-0.04999999999999982
2026-02-18,6881.31,19.62,4.09,3.47,2.86,0.00555065970134696,-0.008753506634039208,0.1294432390349317,0.15603815248243172,0.1256027325035176,-0.6699999999999982,1.8300000000000018,0.0705972674964824,0.6199999999999997,-0.07000000000000028,0.020000000000000018
2026-02-19,6861.89,20.23,4.08,3.47,2.88,-0.0028261268009801056,-0.011530653655015172,0.12864212814018944,0.15459652157065426,0.11924746915245842,0.6099999999999994,2.580000000000002,0.08305253084754159,0.6099999999999999,-0.09999999999999964,-0.04999999999999982
2026-02-20,6909.51,19.09,4.08,3.48,2.86,0.006915809547172946,0.011170032025859858,0.06299134858076579,0.14238908024794594,0.12024787254694715,-1.1400000000000006,-1.7300000000000004,0.07065212745305284,0.6000000000000001,-0.009999999999999787,0.009999999999999787
2026-02-23,6837.75,21.01,4.03,3.43,2.95,-0.01043999339209688,0.0002310968627917093,0.11131145019183214,0.11350117443270855,0.12577329121749262,1.9200000000000017,0.41000000000000014,0.08432670878250739,0.6000000000000001,-0.009999999999999787,0.03000000000000025
2026-02-24,6890.07,19.55,4.04,3.43,2.97,0.007622514474642573,0.006822863530085408,0.12408828061255696,0.11873557736524148,0.12764683546604463,-1.4600000000000009,-0.7399999999999984,0.06785316453395537,0.6099999999999999,-0.009999999999999787,0.0
2026-02-25,6946.13,17.93,4.05,3.45,2.94,0.008103425328775544,0.009375629157513981,0.13066287583369743,0.12631342377794874,0.13030830369429963,-1.620000000000001,-1.6900000000000013,0.048991696305700355,0.5999999999999996,-0.040000000000000036,-0.020000000000000018
2026-02-26,6908.86,18.63,4.02,3.42,2.98,-0.00538002407756977,0.006821731880924259,0.13752940302258101,0.12924573867688455,0.13157763438954512,0.6999999999999993,-1.6000000000000014,0.054722365610454876,0.5999999999999996,-0.0600000000000005,-0.050000000000000266
2026-02-27,6878.88,19.86,3.97,3.38,3.1,-0.004348797881099042,-0.00444287554734759,0.13202365530889465,0.10095953363017132,0.13226774877512498,1.2300000000000004,0.7699999999999996,0.06633225122487502,0.5900000000000003,-0.10999999999999988,-0.10000000000000009
2026-03-02,6881.62,21.44,4.05,3.47,3.03,0.0003982413482378287,0.006395359192986969,0.10152346730503288,0.10096565219457285,0.13159387750952245,1.5800000000000018,0.4299999999999997,0.08280612249047756,0.5799999999999996,0.019999999999999574,0.040000000000000036
2026-03-03,6816.63,23.57,4.06,3.51,3.08,-0.009488874510842593,-0.010716029792498112,0.1067119088783341,0.11298631852164542,0.1334816911410996,2.129999999999999,4.02,0.1022183088589004,0.5499999999999998,0.019999999999999574,0.07999999999999963
2026-03-04,6869.5,21.15,4.09,3.54,2.97,0.007726108548736556,-0.011093346572536949,0.10443879726852034,0.11665679385060845,0.13411919734321384,-2.4200000000000017,3.219999999999999,0.07738080265678615,0.5499999999999998,0.040000000000000036,0.08999999999999986
2026-03-05,6830.71,23.75,4.13,3.57,3.0,-0.005662702054044177,-0.011376024549011456,0.10499566179530702,0.1193030189201823,0.1344049047925469,2.6000000000000014,5.120000000000001,0.10309509520745308,0.56,0.11000000000000032,0.1499999999999999
2026-03-06,6740.02,29.49,4.15,3.56,3.13,-0.013365729048958096,-0.020392955716870536,0.13220340949022097,0.12738522311593942,0.1356745853202799,5.739999999999998,9.629999999999999,0.1592254146797201,0.5900000000000003,0.18000000000000016,0.18000000000000016
2026-03-09,6795.99,25.5,4.12,3.56,3.19,0.008269840075943027,-0.01252135698916522,0.15824300326092416,0.12927536165823858,0.1185617368798319,-3.9899999999999984,4.059999999999999,0.1364382631201681,0.56,0.07000000000000028,0.08999999999999986
2026-03-10,6781.48,24.93,4.15,3.57,3.06,-0.0021373651385526316,-0.005169847616875216,0.14592782866361234,0.1208785460907906,0.11669009156046604,-0.5700000000000003,1.3599999999999994,0.13260990843953396,0.5800000000000005,0.09000000000000075,0.06000000000000005
2026-03-11,6775.8,24.23,4.21,3.64,3.09,-0.0008379262407114513,-0.013733882406323257,0.12465424005873996,0.1085051319734598,0.11646473101048832,-0.6999999999999993,3.080000000000002,0.1258352689895117,0.5699999999999998,0.1200000000000001,0.10000000000000009
2026-03-12,6672.62,27.29,4.27,3.76,3.17,-0.01534485457694618,-0.023416034929225227,0.15433945711718008,0.126065268234409,0.12665227044826402,3.0599999999999987,3.539999999999999,0.14624772955173596,0.5099999999999998,0.13999999999999968,0.18999999999999995
2026-03-13,6632.19,27.19,4.28,3.73,3.28,-0.006077520001308344,-0.016127825881575603,0.1361048502362434,0.1266962722129735,0.11692773199378591,-0.09999999999999787,-2.299999999999997,0.1549722680062141,0.5500000000000003,0.1299999999999999,0.16999999999999993
2026-03-16,6699.38,23.51,4.23,3.68,3.27,0.010079918404358078,-0.014317747553160443,0.14598429903026636,0.14356197866266282,0.12383100389069025,-3.6799999999999997,-1.9899999999999984,0.11126899610930975,0.5500000000000003,0.11000000000000032,0.1200000000000001
2026-03-17,6716.09,22.37,4.2,3.68,3.22,0.00249115515768748,-0.009689227256920372,0.15104519488310236,0.14021928583065846,0.12425808692066341,-1.1400000000000006,-2.5599999999999987,0.0994419130793366,0.52,0.04999999999999982,0.11000000000000032
2026-03-18,6624.7,25.09,4.26,3.76,3.2,-0.01370105213122259,-0.022552353147431464,0.17138009503816626,0.1420480962757903,0.12960161664179726,2.719999999999999,0.8599999999999994,0.12129838335820275,0.5,0.04999999999999982,0.11999999999999966
2026-03-19,6606.49,24.06,4.25,3.79,3.27,-0.0027525886179107706,-0.009960087188396112,0.14203066983570709,0.1416318751532524,0.12959491104197193,-1.0300000000000011,-3.2300000000000004,0.11100508895802805,0.45999999999999996,-0.019999999999999574,0.03000000000000025
2026-03-20,6506.48,26.78,4.39,3.88,3.24,-0.015253895829477377,-0.01913646301656511,0.1707057136379089,0.14563576770703696,0.13343660657600484,2.7200000000000024,-0.41000000000000014,0.1343633934239952,0.5099999999999998,0.10999999999999943,0.1499999999999999
2026-03-23,6581.0,26.15,4.34,3.83,3.19,0.011388106093259189,-0.017828275327664088,0.17753602868920573,0.1533450676947649,0.1396560032726504,-0.6300000000000026,2.639999999999997,0.12184399672734961,0.5099999999999998,0.10999999999999943,0.1499999999999999
2026-03-24,6556.37,26.95,4.39,3.9,3.19,-0.0037496133331591376,-0.024069043818510834,0.16946765761402463,0.1532414889539186,0.13511708655711763,0.8000000000000007,4.579999999999998,0.1343829134428824,0.48999999999999977,0.1899999999999995,0.21999999999999975
2026-03-25,6591.9,25.33,4.33,3.84,3.17,0.005404526448370769,-0.004963465238917378,0.1603813147863516,0.159223571214812,0.13262941305095935,-1.620000000000001,0.23999999999999844,0.12067058694904062,0.4900000000000002,0.07000000000000028,0.08000000000000007
2026-03-26,6477.16,27.44,4.42,3.96,3.21,-0.017559479899019164,-0.01977035652002569,0.2001385684816564,0.164430976386011,0.14266131996617848,2.110000000000003,3.3800000000000026,0.13173868003382155,0.45999999999999996,0.16999999999999993,0.16999999999999993
2026-03-27,6368.85,31.05,4.44,3.88,3.42,-0.016863223156244337,-0.021379683846792556,0.20610022793742674,0.17844942822305368,0.15065932771471258,3.6099999999999994,4.27,0.15984067228528742,0.5600000000000005,0.05000000000000071,0.0
2026-03-30,6343.72,30.61,4.35,3.82,3.46,-0.003953572367090908,-0.036721362307142714,0.15511416557385996,0.160316662860003,0.14982067788047596,-0.4400000000000013,4.460000000000001,0.15627932211952403,0.5299999999999998,0.009999999999999787,-0.010000000000000231
2026-03-31,6528.52,25.25,4.3,3.79,3.28,0.028714924185272283,-0.004256824788711236,0.30312268121598224,0.23388083213363503,0.1880006009154727,-5.359999999999999,-1.6999999999999993,0.06449939908452731,0.5099999999999998,-0.08999999999999986,-0.10999999999999988
2026-04-01,6575.32,24.54,4.33,3.81,3.16,0.0071429747289302155,-0.0025183765081518276,0.30562394763940454,0.23013602527816265,0.1876049038706557,-0.7100000000000009,-0.7899999999999991,0.057795096129344276,0.52,0.0,-0.029999999999999805
2026-04-02,6582.69,23.87,4.31,3.79,3.17,0.0011202303039330127,0.01616133369480047,0.26617450156144007,0.2300127107154837,0.18748382763581695,-0.6699999999999982,-3.5700000000000003,0.05121617236418308,0.5199999999999996,-0.11000000000000032,-0.16999999999999993
2026-04-06,6611.83,24.17,4.34,3.84,3.05,0.004416992414477606,0.03744154926552227,0.19947481562862612,0.21506083072729693,0.18358155417204833,0.3000000000000007,-6.879999999999999,0.0581184458279517,0.5,-0.10000000000000053,-0.040000000000000036
2026-04-07,6616.85,25.78,4.33,3.81,3.12,0.0007589570903471232,0.04215407872296041,0.18470391402073272,0.20802815190013754,0.1804828367226222,1.6099999999999994,-4.829999999999998,0.07731716327737784,0.52,-0.019999999999999574,-0.009999999999999787
2026-04-08,6782.81,21.04,4.29,3.79,2.94,0.024772044477339827,0.03821119901502806,0.15754956886389532,0.23857678447668057,0.20279462694763567,-4.740000000000002,-4.210000000000001,0.007605373052364334,0.5,-0.009999999999999787,0.0
2026-04-09,6824.66,19.49,4.29,3.78,2.9,0.006151052613166395,0.03721927689926405,0.15790457538597147,0.23878215382597204,0.20392144472397708,-1.5500000000000007,-5.050000000000001,-0.00902144472397709,0.5100000000000002,-0.040000000000000036,-0.03000000000000025
2026-04-10,6816.89,19.23,4.31,3.81,2.94,-0.0011391668601091422,0.03495987973522194,0.16429052256969626,0.2108886685613766,0.1954711270275807,-0.259999999999998,-4.640000000000001,-0.0031711270275807113,0.49999999999999956,0.0,0.020000000000000018
2026-04-13,6886.24,19.12,4.3,3.78,2.95,0.010121861514360059,0.04066474883510457,0.16364821309350988,0.17209350238390075,0.19607215804168687,-0.10999999999999943,-5.050000000000001,-0.004872158041686864,0.52,-0.040000000000000036,-0.06000000000000005
2026-04-14,6967.38,18.36,4.26,3.76,2.84,0.011714039770857793,0.05161983151561523,0.15050187666069545,0.15962572019340002,0.19706192582638501,-0.7600000000000016,-7.420000000000002,-0.01346192582638503,0.5,-0.07000000000000028,-0.050000000000000266
2026-04-15,7022.95,18.17,4.29,3.76,2.85,0.007944100281508593,0.03479188731978388,0.07930011944373866,0.11772667639833563,0.19820371569083173,-0.18999999999999773,-2.8699999999999974,-0.0165037156908317,0.5300000000000002,0.0,-0.03000000000000025
2026-04-16,7041.28,17.94,4.32,3.78,2.86,0.0026066141379231045,0.031247448844540664,0.0853360242677776,0.12007547102022516,0.18905659270139555,-0.23000000000000043,-1.5499999999999972,-0.009656592701395544,0.5400000000000005,0.03000000000000025,0.0
2026-04-17,7126.06,17.48,4.26,3.71,2.83,0.011968515194245957,0.04435513089889578,0.0611445795767863,0.11791925883180551,0.1902823068003828,-0.46000000000000085,-1.75,-0.015482306800382789,0.5499999999999998,-0.04999999999999982,-0.10000000000000009
2026-04-20,7109.14,18.87,4.26,3.72,2.87,-0.0023772069191958763,0.03185606246533985,0.09819657351170522,0.12808354967350521,0.1783067917757196,1.3900000000000006,-0.25,0.010393208224280415,0.5399999999999996,-0.040000000000000036,-0.05999999999999961
2026-04-21,7064.01,19.5,4.3,3.78,2.85,-0.006368401170700966,0.013773621523780989,0.11810613548918682,0.14239785963791096,0.18024492326760647,0.629999999999999,1.1400000000000006,0.01475507673239354,0.52,0.040000000000000036,0.020000000000000018
2026-04-22,7137.9,18.92,4.3,3.79,2.84,0.01040573651416016,0.0162352577564326,0.12595250928641497,0.10396995098813559,0.17965322399643785,-0.5799999999999983,0.75,0.009546776003562157,0.5099999999999998,0.009999999999999787,0.03000000000000025
2026-04-23,7108.4,19.31,4.34,3.83,2.86,-0.004141432114162128,0.009487211504347436,0.13676106836377577,0.11346840345551207,0.18201889418740044,0.389999999999997,1.3699999999999974,0.011081105812599551,0.5099999999999998,0.019999999999999574,0.050000000000000266
2026-04-24,7165.08,18.71,4.31,3.78,2.86,0.007942043275907907,0.00546073958600928,0.12004701662107663,0.11091622457717512,0.16399766108938107,-0.5999999999999979,1.2300000000000004,0.02310233891061894,0.5299999999999998,0.04999999999999982,0.06999999999999984
2026-04-27,7173.91,18.02,4.35,3.78,2.84,0.0012316071238145734,0.00906955362901974,0.11614697689486049,0.10832831720987023,0.14319274093858528,-0.6900000000000013,-0.8500000000000014,0.03700725906141472,0.5699999999999998,0.08999999999999986,0.05999999999999961
2026-04-28,7138.8,17.83,4.36,3.84,2.85,-0.004906138729193377,0.01053181607052728,0.10995606163393466,0.10771485678317522,0.14410370786437568,-0.19000000000000128,-1.6700000000000017,0.03419629213562431,0.5200000000000005,0.0600000000000005,0.06000000000000005
2026-04-29,7135.95,18.81,4.42,3.92,2.82,-0.00039930647301965165,-0.00027322691665260755,0.08170325590131693,0.10382976673915056,0.11759835984426653,0.9800000000000004,-0.11000000000000298,0.07050164015573346,0.5,0.1200000000000001,0.1299999999999999
2026-04-30,7209.01,16.89,4.4,3.88,2.83,0.010186244049720987,0.014054449247230495,0.09820298569202293,0.11250448303286745,0.11901094408816829,-1.9199999999999982,-2.419999999999998,0.04988905591183171,0.5200000000000005,0.0600000000000005,0.04999999999999982
2026-05-01,7230.12,16.99,4.39,3.88,2.77,0.0029240009668849726,0.009036406938207437,0.0875707979895907,0.09924264061456164,0.11848241247993056,0.09999999999999787,-1.7200000000000024,0.05141758752006943,0.5099999999999998,0.08000000000000007,0.10000000000000009
2026-05-04,7200.75,18.29,4.45,3.95,2.78,-0.004070446279603832,0.003734353534789172,0.09731424407659252,0.10141117144312373,0.12250447067537905,1.3000000000000007,0.2699999999999996,0.06039552932462093,0.5,0.10000000000000053,0.17000000000000037
2026-05-05,7259.22,17.38,4.43,3.93,2.77,0.008087197784592982,0.016727690048575383,0.09340261940581568,0.09673844366085421,0.12248355117056538,-0.9100000000000001,-0.4499999999999993,0.051316448829434605,0.49999999999999956,0.0699999999999994,0.0900000000000003
2026-05-06,7365.12,17.39,4.36,3.87,2.75,0.014482958012583242,0.03160995453417842,0.11342190846167709,0.10738122343284424,0.10411266131856821,0.010000000000001563,-1.4199999999999982,0.06978733868143179,0.4900000000000002,-0.05999999999999961,-0.04999999999999982
2026-05-07,7337.11,17.08,4.41,3.92,2.79,-0.0038103109376631393,0.017613399546794212,0.12618717499767199,0.10676417654354833,0.10748288012667771,-0.3100000000000023,0.18999999999999773,0.06331711987332227,0.4900000000000002,0.009999999999999787,0.040000000000000036
2026-05-08,7398.93,17.19,4.38,3.9,2.81,0.008390363037504484,0.023079761617413704,0.13044870338622555,0.10734775986432649,0.10720881612676185,0.11000000000000298,0.20000000000000284,0.06469118387323818,0.48,-0.009999999999999787,0.020000000000000018
2026-05-11,7412.84,18.38,4.42,3.95,2.79,0.0018782365766246575,0.0290284444736421,0.11085850844845098,0.10706250412223538,0.10503538126563024,1.1899999999999977,0.08999999999999986,0.07876461873436975,0.46999999999999975,-0.03000000000000025,0.0
2026-05-12,7400.96,17.99,4.46,4.0,2.82,-0.0016039102116678665,0.01933733647738142,0.11931953174163709,0.10111402709626863,0.1021302727346412,-0.39000000000000057,0.6099999999999994,0.07776972726535877,0.45999999999999996,0.03000000000000025,0.06999999999999984
2026-05-13,7444.25,17.87,4.46,3.98,2.82,0.005832200784963853,0.010686579249762103,0.08023732773519646,0.09901878647995589,0.10104877431080234,-0.11999999999999744,0.4800000000000004,0.07765122568919766,0.48,0.09999999999999964,0.10999999999999988
2026-05-14,7501.24,17.26,4.47,4.0,2.76,0.00762641789890468,0.022123308086330017,0.06678016808201777,0.0954775864696949,0.1024088236929157,-0.6099999999999994,0.18000000000000327,0.07019117630708431,0.46999999999999975,0.05999999999999961,0.08000000000000007
2026-05-15,7408.5,18.43,4.59,4.09,2.8,-0.012440350542896567,0.0012925945059288307,0.12617619632711113,0.12636417360489927,0.11087731575159138,1.1699999999999982,1.2399999999999984,0.07342268424840862,0.5,0.20999999999999996,0.18999999999999995
2026-05-18,7403.05,17.82,4.61,4.07,2.83,-0.0007359122098580062,-0.0013215542805538804,0.12542466928624912,0.1226087323962277,0.11017989805180785,-0.6099999999999994,-0.5599999999999987,0.06802010194819215,0.54,0.1900000000000004,0.1200000000000001
2026-05-19,7353.61,18.06,4.67,4.13,2.86,-0.006700728347319141,-0.006418372416205089,0.13379426715495701,0.12704715272409775,0.11052148015112091,0.23999999999999844,0.07000000000000028,0.07007851984887907,0.54,0.20999999999999996,0.1299999999999999
2026-05-20,7432.97,17.44,4.57,4.04,2.8,0.01073416057010809,-0.0015164126310609261,0.15332017684796356,0.11715755272109109,0.11085805640401446,-0.6199999999999974,-0.4299999999999997,0.06354194359598554,0.5300000000000002,0.11000000000000032,0.06000000000000005
2026-05-21,7445.72,16.76,4.57,4.08,2.78,0.0017138609811618597,-0.007428969548803811,0.13914557478614697,0.11415993779917447,0.1084604676361932,-0.6799999999999997,-0.5,0.05913953236380683,0.4900000000000002,0.10000000000000053,0.08000000000000007
2026-05-22,7473.47,16.7,4.56,4.13,2.74,0.0037200453914820997,0.008731426385574967,0.10108460637978203,0.10849915176494776,0.1065759084528396,-0.060000000000002274,-1.7300000000000004,0.060424091547160386,0.4299999999999997,-0.03000000000000025,0.040000000000000036
2026-05-26,7519.12,17.01,4.5,4.01,2.72,0.006089693785401794,0.01555703238083477,0.10213433706570758,0.1114700888745754,0.10743829084867028,0.3100000000000023,-0.8099999999999987,0.06266170915132975,0.4900000000000002,-0.11000000000000032,-0.0600000000000005
2026-05-27,7520.36,16.29,4.48,4.0,2.71,0.0001648993187011506,0.022422660046855048,0.06571868231263713,0.11047417716515015,0.10435969466750121,-0.7200000000000024,-1.7699999999999996,0.05854030533249878,0.4800000000000004,-0.1899999999999995,-0.1299999999999999
2026-05-28,7563.63,15.74,4.45,3.99,2.72,0.005737224525954656,0.017425724002701603,0.04052836257334634,0.11037329267365643,0.10429110364437957,-0.5499999999999989,-1.700000000000001,0.05310889635562044,0.45999999999999996,-0.1200000000000001,-0.04999999999999982
2026-05-29,7580.06,15.32,4.45,3.98,2.72,0.0021698815079501913,0.01788174452948967,0.039385957224327986,0.10530110850130492,0.10069332034846862,-0.41999999999999993,-1.4400000000000013,0.052506679651531385,0.4700000000000002,-0.1200000000000001,-0.10000000000000009
2026-06-01,7599.96,16.05,4.47,4.05,2.72,0.002621868930305374,0.0167835680683131,0.03990178296437233,0.07369222163225142,0.10068253440267377,0.7300000000000004,-0.6499999999999986,0.05981746559732623,0.41999999999999993,-0.08999999999999986,-0.08000000000000007
2026-06-02,7609.78,15.77,4.46,4.05,2.71,0.0012912780053423547,0.011985152288253694,0.033169881341902505,0.07183945464616207,0.09780340601771595,-0.28000000000000114,-1.240000000000002,0.05989659398228406,0.41000000000000014,-0.040000000000000036,0.040000000000000036
2026-06-03,7553.68,16.06,4.49,4.08,2.75,-0.007399400395593243,0.004420852573959342,0.07817613519931348,0.07445226143881228,0.10198042038612845,0.28999999999999915,-0.23000000000000043,0.05861957961387154,0.41000000000000014,0.009999999999999787,0.08000000000000007
2026-06-04,7584.31,15.4,4.47,4.05,2.74,0.0040467779144759105,0.0027304059624807687,0.07226236384621439,0.06046081319344803,0.0911774817383089,-0.6599999999999984,-0.33999999999999986,0.0628225182616911,0.41999999999999993,0.019999999999999574,0.05999999999999961
2026-06-05,7383.74,21.51,4.55,4.17,2.76,-0.026801354331751116,-0.026240829877220595,0.20395275505912777,0.15693286579939078,0.13487618929626866,6.110000000000001,6.190000000000001,0.08022381070373136,0.3799999999999999,0.09999999999999964,0.18999999999999995
2026-06-08,7405.73,18.92,4.56,4.15,2.75,0.0029737395870207137,-0.0258889592205053,0.20482160529965593,0.15636992204117578,0.13191371573486718,-2.59,2.870000000000001,0.057286284265132825,0.40999999999999925,0.08999999999999986,0.10000000000000053
2026-06-09,7386.65,19.87,4.53,4.13,2.78,-0.002579708009296603,-0.029759945235144247,0.19887649158111956,0.15148276746210354,0.1320414946476268,0.9499999999999993,4.100000000000001,0.06665850535237322,0.40000000000000036,0.07000000000000028,0.08000000000000007
2026-06-10,7266.99,22.22,4.55,4.13,2.8,-0.016332141340852126,-0.038692686180403196,0.2126089548103526,0.16736436935417545,0.14396404100850616,2.349999999999998,6.16,0.07823595899149383,0.41999999999999993,0.05999999999999961,0.04999999999999982
2026-06-11,7394.3,19.44,4.45,4.05,2.78,0.01736725757939714,-0.02537220651548209,0.2718925211621279,0.19335960776575561,0.15641674876069148,-2.7799999999999976,4.040000000000001,0.03798325123930854,0.40000000000000036,-0.019999999999999574,0.0
2026-06-12,7431.46,17.68,4.48,4.09,2.71,0.005012906969603712,0.006442054785872608,0.19453361233025548,0.19569764616405685,0.15492001308688563,-1.7600000000000016,-3.830000000000002,0.021879986913114352,0.39000000000000057,-0.0699999999999994,-0.08000000000000007
2026-06-15,7554.29,16.2,4.47,4.07,2.66,0.016393273711308838,0.019861588910160682,0.22309014242625397,0.2159297327754865,0.15911626649358365,-1.4800000000000004,-2.7200000000000024,0.0028837335064163527,0.39999999999999947,-0.08999999999999986,-0.08000000000000007
2026-06-16,7511.35,16.41,4.43,4.05,2.71,-0.005700403869528593,0.016740893049928818,0.22986159124043612,0.21706207630982893,0.16079103233782654,0.21000000000000085,-3.460000000000001,0.003308967662173451,0.3799999999999999,-0.10000000000000053,-0.08000000000000007
2026-06-17,7420.1,18.44,4.49,4.2,2.63,-0.01222267576324425,0.020850358627536626,0.20855974277294484,0.22214668961103573,0.16530523677156997,2.030000000000001,-3.7799999999999976,0.01909476322843004,0.29000000000000004,-0.05999999999999961,0.07000000000000028
2026-06-18,7500.58,16.4,4.46,4.19,2.66,0.010787816708107183,0.014270917756246922,0.18638224413339088,0.22955495202175316,0.1653496142637804,-2.0400000000000027,-3.0400000000000027,-0.0013496142637804132,0.2699999999999996,0.009999999999999787,0.14000000000000057
2026-06-22,7472.79,17.28,4.51,4.24,2.65,-0.0037119274964131756,0.00554608329022999,0.19026765169331206,0.1814143973536188,0.1659214289529537,0.8800000000000026,-0.3999999999999986,0.006878571047046311,0.2699999999999996,0.02999999999999936,0.15000000000000036
2026-06-23,7365.46,19.49,4.5,4.16,2.71,-0.01446691785533019,-0.025314108276408932,0.15738489770563077,0.19708603023521534,0.17317746149818133,2.2099999999999973,3.289999999999999,0.021722538501818656,0.33999999999999986,0.03000000000000025,0.08999999999999986
2026-06-24,7358.22,18.63,4.41,4.11,2.76,-0.0009834498689903408,-0.020597154275870673,0.1597261733310863,0.19678732928568135,0.17129406507472694,-0.8599999999999994,2.219999999999999,0.015005934925273051,0.2999999999999998,-0.019999999999999574,0.0600000000000005
2026-06-25,7357.49,18.89,4.4,4.09,2.78,-9.92136975516599e-05,-0.008473692210178073,0.14332479282781915,0.175697381599551,0.17127113906543326,0.26000000000000156,0.4499999999999993,0.017628860934566754,0.3100000000000005,-0.08999999999999986,-0.11000000000000032
2026-06-26,7354.02,18.41,4.38,4.07,2.83,-0.00047173948348602443,-0.0197332484017714,0.09603403376346722,0.15091640284979632,0.1693939627687371,-0.4800000000000004,2.0100000000000016,0.014706037231262903,0.3099999999999996,-0.08000000000000007,-0.1200000000000001
2026-06-29,7440.43,17.65,4.38,4.1,2.8,0.011681540390059574,-0.00433978051529864,0.14703919069213514,0.1611596913903561,0.17531766973732557,-0.7600000000000016,0.36999999999999744,0.0011823302626744192,0.28000000000000025,-0.1299999999999999,-0.14000000000000057
2026-06-30,7499.36,16.45,4.44,4.14,2.75,0.007889040694017083,0.018016178034048633,0.09221516851489837,0.14158151121298568,0.17771341577598773,-1.1999999999999993,-3.039999999999999,-0.013213415775987752,0.3000000000000007,-0.05999999999999961,-0.020000000000000462
2026-07-01,7483.23,16.59,4.48,4.17,2.74,-0.0021531666062711637,0.01684646129676793,0.09616965181585876,0.13919419809816463,0.17763076711375766,0.14000000000000057,-2.039999999999999,-0.011730767113757673,0.3100000000000005,0.07000000000000028,0.05999999999999961
2026-07-02,7483.24,16.15,4.49,4.14,2.75,1.3363204549235743e-06,0.016947011314774496,0.09594356643059888,0.12259835205543142,0.17593976776607614,-0.4400000000000013,-2.740000000000002,-0.014439767766076167,0.35000000000000053,0.08999999999999986,0.04999999999999982
2026-07-06,7537.43,15.57,4.48,4.13,2.72,0.007215421829322013,0.024634172627582572,0.09188902937771683,0.11559984249946154,0.1773719981148377,-0.5799999999999983,-2.84,-0.021671998114837693,0.35000000000000053,0.10000000000000053,0.05999999999999961
2026-07-07,7503.85,16.13,4.55,4.19,2.67,-0.0044650529462263375,0.008487579291296732,0.0885508382375301,0.11642524326793727,0.14849574176614155,0.5599999999999987,-1.5199999999999996,0.012804258233858445,0.35999999999999943,0.16999999999999993,0.09000000000000075
2026-07-08,7482.71,16.9,4.56,4.21,2.7,-0.0028211963280920745,-0.002222657730812462,0.07257543291955382,0.08524833461606586,0.148798557533829,0.7699999999999996,0.4499999999999993,0.020201442466170977,0.34999999999999964,0.11999999999999922,0.07000000000000028
2026-07-09,7543.64,15.84,4.54,4.16,2.7,0.008109798313078282,0.008040307188537058,0.0914672286554575,0.08969927648516277,0.15067402190475368,-1.0599999999999987,-0.75,0.007725978095246305,0.3799999999999999,0.05999999999999961,-0.009999999999999787
2026-07-10,7575.39,15.03,4.56,4.21,2.69,0.004200011068531894,0.012238981936613755,0.09167735985226795,0.08881828929485706,0.136185728333413,-0.8100000000000005,-1.1199999999999992,0.014114271666586992,0.34999999999999964,0.0699999999999994,0.07000000000000028
2026-07-13,7515.34,17.16,4.62,4.26,2.69,-0.00795857018948387,-0.0029350100821920965,0.10437436132133515,0.10355026258566467,0.1278941516196854,2.130000000000001,1.5899999999999999,0.043705848380314605,0.3600000000000003,0.13999999999999968,0.1299999999999999
2026-07-14,7543.59,16.5,4.58,4.18,2.72,0.0037519309990238026,0.005281973863058014,0.10139948189354307,0.08990821020392736,0.127422239609966,-0.6600000000000001,0.370000000000001,0.03757776039003402,0.40000000000000036,0.03000000000000025,-0.010000000000000675
2026-07-15,7572.4,15.67,4.55,4.13,2.71,0.003811862125445025,0.011915032316594984,0.09622146742954465,0.08375883958916436,0.11406024620274878,-0.8300000000000001,-1.2299999999999986,0.042639753797251226,0.41999999999999993,-0.009999999999999787,-0.08000000000000007
2026-07-16,7533.77,16.73,4.57,4.16,2.71,-0.005114477621599954,-0.0013092436180832396,0.09235951468509922,0.08805867413283902,0.11368204062314284,1.0600000000000005,0.8900000000000006,0.05361795937685716,0.41000000000000014,0.03000000000000025,0.0
2026-07-17,7457.69,18.77,4.55,4.18,2.73,-0.01014986574279624,-0.015659120429411356,0.10412096969137137,0.10360015136709676,0.11089408180629083,2.039999999999999,3.74,0.07680591819370917,0.3700000000000001,-0.009999999999999787,-0.03000000000000025
2026-07-20,7443.28,18.65,4.6,4.21,2.69,-0.0019341028794798384,-0.009634653119407404,0.09490260266196618,0.09471193321330997,0.10383409207553214,-0.120000000000001,1.4899999999999984,0.08266590792446786,0.3899999999999997,-0.020000000000000462,-0.04999999999999982
2026-07-21,7509.2,17.05,4.63,4.26,2.69,0.00881732355832827,-0.004569260560102848,0.11800063962274854,0.10502359701729408,0.1079502362050607,-1.5999999999999979,0.5500000000000007,0.06254976379493932,0.3700000000000001,0.04999999999999982,0.08000000000000007
2026-07-22,7498.96,16.64,4.67,4.31,2.68,-0.001364591207582994,-0.009745713893130824,0.11041913481513725,0.10415125766285942,0.09329400756311487,-0.41000000000000014,0.9700000000000006,0.07310599243688512,0.3600000000000003,0.1200000000000001,0.17999999999999972
2026-07-23,7408.3,18.7,4.71,4.37,2.77,-0.012163350976321244,-0.016794587247852037,0.13231745295578495,0.11065241328646032,0.10409926069892504,2.0599999999999987,1.9699999999999989,0.08290073930107496,0.33999999999999986,0.13999999999999968,0.20999999999999996
2026-07-24,7411.98,18.58,4.69,4.33,2.79,0.0004966168082696941,-0.006148104696786013,0.11878915418657314,0.10650390463266737,0.104087467463354,-0.120000000000001,-0.19000000000000128,0.081712532536646,0.3600000000000003,0.14000000000000057,0.15000000000000036
2026-07-27,7413.18,18.67,4.65,4.31,2.81,0.00016188695469337175,-0.004052114862612728,0.11893792133239711,0.10186935193501306,0.10404388322798823,0.09000000000000341,0.020000000000003126,0.08265611677201178,0.34000000000000075,0.05000000000000071,0.09999999999999964
2026-07-28,7428.78,18.21,4.61,4.26,2.84,0.0021021490079125723,-0.010767289413028493,0.09095489658059326,0.09986426833308938,0.09547154637591254,-0.46000000000000085,1.1600000000000001,0.08662845362408747,0.35000000000000053,-0.019999999999999574,0.0
2026-07-29,7316.15,20.66,4.67,4.22,2.87,-0.015277412729498334,-0.024680110934943874,0.12901803932037514,0.11593708630673134,0.10478986397887442,2.4499999999999993,4.02,0.10181013602112558,0.4500000000000002,0.0,-0.08999999999999986
2026-07-30,7437.63,17.09,4.68,4.23,2.84,0.016468016385045775,0.00395125642642331,0.17857309397342036,0.15218076303515993,0.1220542609470222,-3.5700000000000003,-1.6099999999999994,0.0488457390529778,0.4499999999999993,-0.03000000000000025,-0.13999999999999968
2026-07-31,7489.72,15.99,4.75,4.28,2.85,0.0069791639422006856,0.010433803560354027,0.183756603170736,0.1484880816082663,0.12476999951423315,-1.0999999999999996,-2.589999999999998,0.035130000485766866,0.46999999999999975,0.05999999999999961,-0.04999999999999982
