date,sp500,vix,treasury_10y,treasury_2y,high_yield_spread,return_1d,return_5d,volatility_5d,volatility_10d,volatility_20d,vix_change_1d,vix_change_5d,vix_vs_realized_vol,yield_curve,treasury_10y_change_5d,treasury_2y_change_5d,target_volatility_5d
2016-08-08,2180.89,11.5,1.59,0.74,,,,,,,,,,0.8500000000000001,,,0.0992702266235464
2016-08-09,2181.74,11.66,1.55,0.71,,0.0003896732066463,,,,,0.1600000000000001,,,0.8400000000000001,,,0.13199652681934598
2016-08-10,2175.49,12.05,1.5,0.69,,-0.0028687970506289,,,,,0.3900000000000005,,,0.81,,,0.1273865893577934
2016-08-11,2185.79,11.68,1.57,0.76,,0.0047233927423996,,,,,-0.370000000000001,,,0.81,,,0.10872748952432694
2016-08-12,2184.05,11.55,1.51,0.71,,-0.0007963678724891,,,,,-0.129999999999999,,,0.8,,,0.11038740274883735
2016-08-15,2190.15,11.81,1.55,0.72,,0.0027890832400516,0.0042369842659795,0.0473016788711417,,,0.2599999999999998,0.3100000000000005,,0.8300000000000001,-0.04,-0.02,0.10151383232358889
2016-08-16,2178.15,12.64,1.57,0.76,,-0.0054941419708265,-0.0016468309114932,0.0657388691509783,,,0.8300000000000001,0.9800000000000004,,0.81,0.02,0.05,0.060468032437432845
2016-08-17,2182.22,12.19,1.56,0.74,,0.0018668145969237,0.0030887807360594,0.0627425266463361,,,-0.450000000000001,0.1399999999999988,,0.8200000000000001,0.06,0.05,0.09866455825481082
2016-08-18,2187.02,11.43,1.53,0.71,,0.0021971793405895,0.0005625673342493,0.0543270565307532,,,-0.7599999999999998,-0.25,,0.8200000000000001,-0.04,-0.05,0.09480760098062803
2016-08-19,2183.87,11.34,1.58,0.76,,-0.00144135429871,-8.241909197156694e-05,0.0551929260031024,,,-0.0899999999999998,-0.2100000000000008,,0.8200000000000001,0.07,0.05,0.09536309392190809
2016-08-22,2182.64,12.27,1.55,0.76,,-0.0005633790063612,-0.0034348813383843,0.0492707273608264,0.0473091759309966,,0.9299999999999996,0.4599999999999991,,0.79,0.0,0.04,0.12596138686652966
2016-08-23,2186.9,12.38,1.55,0.74,,0.001949862616979,0.0040091232494211,0.0266753643729125,0.0482341964066546,,0.1100000000000012,-0.2599999999999998,,0.81,-0.02,-0.02,0.12598418616405457
2016-08-24,2175.44,13.45,1.56,0.76,,-0.0052540729805714,-0.003111764328074,0.0480797981564247,0.0537091187085501,,1.0699999999999985,1.2599999999999998,,0.8,0.0,0.02,0.1016919443205671
2016-08-25,2172.47,13.63,1.58,0.78,,-0.001366173845338,-0.0066751175140016,0.0410572729089661,0.046985333155412,,0.1800000000000015,2.200000000000001,,0.8,0.05,0.07,0.09935463778566045
2016-08-26,2169.04,13.65,1.62,0.84,,-0.0015800957333464,-0.0068138589486381,0.0410917100041277,0.0472358389919912,,0.0199999999999995,2.3100000000000005,,0.7800000000000001,0.04,0.0799999999999999,0.11692378150989526
2016-08-29,2180.38,12.94,1.57,0.81,,0.0052145001841601,-0.0010359797581167,0.0628732434680185,0.053403720678711,,-0.7100000000000009,0.6699999999999999,,0.76,0.02,0.05,0.09514597496643469
2016-08-30,2176.12,13.12,1.57,0.8,,-0.001955699005068,-0.0049415413801638,0.0605006323734333,0.0465552111181465,,0.1799999999999997,0.7399999999999984,,0.77,0.02,0.06,0.08996841603996285
2016-08-31,2170.95,13.42,1.58,0.8,,-0.0023786147623904,-0.0020660831619828,0.0503142849453146,0.0464283581429277,,0.3000000000000007,-0.0299999999999993,,0.78,0.02,0.04,0.08897597115595973
2016-09-01,2170.86,13.48,1.57,0.78,,-4.145736456113779e-05,-0.0007413666812058,0.049607567396259,0.0440627311155037,,0.0600000000000005,-0.1500000000000003,,0.79,-0.01,0.0,0.4040462680059648
2016-09-02,2179.98,11.98,1.6,0.8,,0.0041923000419618,0.0050310290941024,0.0556675028490377,0.0502053478904603,,-1.5,-1.67,,0.8,-0.02,-0.0399999999999999,0.4607853065986528
2016-09-06,2186.48,12.02,1.55,0.74,,0.0029772423433708,0.002793771253313,0.0465278857202734,0.0525369328229102,0.0486643147282442,0.0399999999999991,-0.92,0.0715356852717557,0.81,-0.02,-0.07,0.5160908668320239
2016-09-07,2186.16,11.94,1.54,0.74,,-0.0001463646678306,0.0046031055905503,0.0419118461727141,0.0516004356902478,0.0486632832227047,-0.08,-1.1799999999999995,0.0707367167772952,0.8,-0.03,-0.06,0.5161699983463287
2016-09-08,2181.3,12.51,1.61,0.78,,-0.002225550780543,0.0047561695723977,0.0411601066977348,0.0448151927952482,0.0481938977764653,0.5700000000000003,-0.91,0.0769061022235346,0.8300000000000001,0.03,-0.02,0.5391466417314363
2016-09-09,2127.81,17.5,1.67,0.79,,-0.0248277475630783,-0.0200301206261195,0.189098266637868,0.134268418011632,0.0986296129276199,4.99,4.02,0.07637038707238,0.8799999999999999,0.0999999999999998,0.01,0.3727485811739058
2016-09-12,2159.04,15.16,1.68,0.79,,0.0145703966780179,-0.0096520239900633,0.2278309437911888,0.1582740797531334,0.1136945141414853,-2.34,3.18,0.0379054858585146,0.8899999999999999,0.0799999999999998,-0.01,0.29230614964995383
2016-09-13,2127.02,17.85,1.73,0.8,,-0.0149417393681268,-0.0275710057015609,0.2387664658801029,0.1699450804877131,0.1237134177172498,2.6900000000000013,5.830000000000002,0.0547865822827501,0.93,0.1799999999999999,0.06,0.17089479468071297
2016-09-14,2125.77,18.14,1.7,0.77,,-0.0005878494052123,-0.0280124904389426,0.2381609782872819,0.1702012536653432,0.1228153056416527,0.2899999999999991,6.200000000000001,0.0585846943583472,0.93,0.1599999999999999,0.03,0.24254383447966044
2016-09-15,2147.26,16.3,1.71,0.74,,0.0100585210893401,-0.0157284185690595,0.2637285491257236,0.181218710857199,0.1288379987590426,-1.84,3.790000000000001,0.0341620012409574,0.97,0.0999999999999998,-0.04,0.20954590619727817
2016-09-16,2139.16,15.37,1.7,0.77,,-0.0037793821611113,0.0053199468329074,0.1854151371370409,0.1815800659912381,0.1287359385042543,-0.9300000000000016,-2.130000000000001,0.0249640614957457,0.93,0.03,-0.02,0.22057038616034028
2016-09-19,2139.12,15.53,1.7,0.79,,-1.869910337847447e-05,-0.009269148948489,0.1424014239419908,0.179116384295878,0.1287858712515635,0.1600000000000001,0.3699999999999992,0.0265141287484364,0.91,0.02,0.0,0.25960991616680584
2016-09-20,2139.76,15.92,1.69,0.79,,0.0002991437033863,0.0059717341230242,0.0827763338518085,0.1775757411647101,0.1288641509554963,0.3900000000000005,-1.9300000000000013,0.0303358490445036,0.8999999999999999,-0.04,-0.01,0.2788778455775276
2016-09-21,2163.12,13.3,1.66,0.79,,0.010857950722306,0.0174175342505427,0.1043283739879863,0.1892764588290448,0.1352812115416354,-2.619999999999999,-4.84,-0.0022812115416354,0.8699999999999999,-0.04,0.02,0.23472382978480472
2016-09-22,2177.18,12.02,1.63,0.79,,0.0064788374909876,0.0138378506521901,0.0925453764730498,0.1927861558736084,0.1362734303912578,-1.2800000000000011,-4.280000000000001,-0.0160734303912578,0.8399999999999999,-0.08,0.05,0.2581061709979781
2016-09-23,2164.69,12.29,1.62,0.77,,-0.0057532972898826,0.0118639355234189,0.1019280944579173,0.1414808968395121,0.1377555724921515,0.2699999999999996,-3.08,-0.0148555724921515,0.8500000000000001,-0.0799999999999998,0.0,0.2723045863895333
2016-09-26,2146.1,14.5,1.59,0.76,,-0.0086249226899328,0.0032577119368644,0.129288852133635,0.1299271299385892,0.1409385925801343,2.210000000000001,-1.0299999999999994,0.0040614074198656,0.8300000000000001,-0.1099999999999998,-0.03,0.24102218774929202
2016-09-27,2159.93,13.1,1.56,0.75,,0.0064235723182359,0.0093821405517139,0.1354034848728286,0.1059544968482186,0.1416559112490112,-1.4000000000000004,-2.8200000000000003,-0.0106559112490112,0.81,-0.1299999999999999,-0.04,0.2321916608135819
2016-09-28,2171.37,12.39,1.57,0.75,,0.0052824909853757,0.0038066808147835,0.11658145114043,0.1067556981687292,0.1429737565920064,-0.7099999999999991,-0.91,-0.0190737565920063,0.8200000000000001,-0.0899999999999998,-0.04,0.22696561309514018
2016-09-29,2151.13,14.02,1.56,0.73,,-0.0093650192835159,-0.01203717595972,0.1217745435332659,0.1107783437980271,0.1465505522762444,1.629999999999999,2.0,-0.0063505522762443,0.8300000000000001,-0.0699999999999998,-0.06,0.17166971790253055
2016-09-30,2168.27,13.29,1.6,0.77,,0.007936329103087,0.0016524504332495,0.1360258853215853,0.1145994120833236,0.1495568925096969,-0.7300000000000004,1.0,-0.0166568925096969,0.8300000000000001,-0.02,0.0,0.127570892027987
2016-10-03,2161.2,13.57,1.63,0.8,,-0.0032659915807079,0.0070113815424746,0.1179131647042581,0.1168244436376553,0.149087005792094,0.2800000000000011,-0.9299999999999996,-0.013387005792094,0.8299999999999998,0.0399999999999998,0.04,0.13750602431092038
2016-10-04,2150.49,13.63,1.69,0.82,,-0.0049678998383077,-0.004380090614069,0.1150500256241631,0.1206718707050704,0.1493441345433686,0.0600000000000005,0.5300000000000011,-0.0130441345433685,0.87,0.1299999999999999,0.0699999999999999,0.22851417877413746
2016-10-05,2159.73,12.99,1.72,0.85,,0.0042874907334568,-0.0053750908659879,0.1118673911334813,0.1088049611114943,0.1504385705034197,-0.6400000000000006,0.5999999999999996,-0.0205385705034197,0.87,0.1499999999999999,0.0999999999999999,0.21890009183084208
2016-10-06,2160.77,12.84,1.75,0.86,,0.0004814257702057,0.0044713541877337,0.0843546744819421,0.1025490656239026,0.1503594188657649,-0.1500000000000003,-1.1799999999999995,-0.0219594188657649,0.89,0.1899999999999999,0.13,0.2242476821683909
2016-10-07,2153.74,13.48,1.73,0.83,,-0.0032587738683275,-0.0067237487836808,0.0591519422513575,0.0998754919188126,0.1205619114090124,0.6400000000000006,0.1900000000000012,0.0142380885909875,0.9,0.1299999999999999,0.0599999999999999,0.2182226512874007
2016-10-10,2163.66,13.38,1.73,0.83,,0.0045953664043352,0.0011376092013623,0.0686343232740852,0.0914853778514748,0.1099718203836777,-0.0999999999999996,-0.1899999999999995,0.0238281796163222,0.9,0.1,0.0299999999999999,0.21126394152326122
2016-10-11,2136.73,15.36,1.77,0.87,,-0.0125246091783106,-0.0064191001386406,0.1119620534295977,0.1070787922384319,0.1058420352322976,1.9799999999999984,1.7299999999999986,0.0477579647677023,0.9,0.08,0.05,0.12085975439304014
2016-10-12,2139.18,15.91,1.79,0.87,,0.0011459550215575,-0.0095606358505397,0.104055754294361,0.102094251786673,0.1058437675772933,0.5500000000000007,2.92,0.0532562324227066,0.92,0.07,0.02,0.12443603116386932
2016-10-13,2132.55,16.69,1.75,0.85,,-0.0031041312647029,-0.0131461928854484,0.1019519183658075,0.0930120325409333,0.0999184918521602,0.7800000000000011,3.8500000000000014,0.0669815081478398,0.9,0.0,-0.01,0.11633468528185031
2016-10-14,2132.98,16.12,1.8,0.84,,0.0002016162125017,-0.0096858028046191,0.1035529584633109,0.0796588341810995,0.0990988538662623,-0.5700000000000003,2.640000000000001,0.0621011461337376,0.96,0.07,0.01,0.11629830699249522
2016-10-17,2126.5,16.21,1.77,0.81,,-0.0030426272686303,-0.0173237964775846,0.0858875881579332,0.0795390503075961,0.0996277841404322,0.0899999999999998,2.83,0.0624722158595678,0.96,0.04,-0.0199999999999999,0.1298101670905477
2016-10-18,2139.6,15.28,1.75,0.82,,0.0061414599634068,0.0013422726641326,0.0602417520461109,0.0857491826117027,0.1022153453776907,-0.9300000000000016,-0.08,0.0505846546223092,0.93,-0.02,-0.05,0.10485272645255597
2016-10-19,2144.29,14.41,1.76,0.81,,0.002189599580657,0.0023859172232321,0.0616389056554614,0.0830691586392965,0.0943250451987967,-0.8699999999999992,-1.5,0.0497749548012032,0.95,-0.03,-0.0599999999999999,0.10271598594888641
2016-10-20,2141.34,13.75,1.76,0.84,,-0.0013766939590792,0.0041133545288559,0.0563049883479082,0.0828416557216639,0.0907392371410601,-0.6600000000000001,-2.9400000000000013,0.0467607628589398,0.92,0.01,-0.01,0.11103037942030279
2016-10-21,2141.16,13.34,1.74,0.84,,-8.406304733510687e-05,0.0038276752690191,0.0565395456116376,0.0818410497088346,0.0888717119143976,-0.4100000000000001,-2.780000000000001,0.0445282880856023,0.9,-0.06,0.0,0.12152433687296062
2016-10-24,2151.33,13.02,1.77,0.84,,0.0047385172845472,0.0116088198221967,0.0501461332452438,0.0820975546544039,0.0853500798345536,-0.3200000000000003,-3.1900000000000013,0.0448499201654463,0.93,0.0,0.0299999999999999,0.09546538014751235
2016-10-25,2143.16,13.46,1.77,0.86,,-0.0038048801401324,0.0016624797186573,0.0520931779800901,0.0530970341785862,0.0830242135045519,0.4400000000000013,-1.8199999999999985,0.051575786495448,0.91,0.02,0.04,0.13096701560477556
2016-10-26,2139.43,14.24,1.79,0.86,,-0.0017419369788728,-0.0022690568408722,0.0507224885393986,0.0537840904618476,0.0803605672085952,0.7799999999999994,-0.1699999999999999,0.0620394327914047,0.93,0.03,0.0499999999999999,0.16489028292519994
2016-10-27,2133.04,15.36,1.85,0.87,,-0.0029912461712177,-0.0038836090530108,0.0537763684685815,0.053603662833653,0.0742401480979292,1.1199999999999992,1.6099999999999994,0.0793598519020707,0.98,0.09,0.03,0.1728775330849024
2016-10-28,2126.41,16.19,1.86,0.86,,-0.0031130804936909,-0.0069126264993666,0.0555873871358824,0.0558307304612938,0.0678234820473864,0.8300000000000018,2.8500000000000014,0.0940765179526135,1.0,0.1200000000000001,0.02,0.16776521209728454
2016-10-31,2126.15,17.06,1.84,0.86,,-0.0001222792860412,-0.0117734230699552,0.0230625175945079,0.0537107846735233,0.0673311098726447,0.8699999999999974,4.039999999999999,0.1032688901273551,0.98,0.07,0.02,0.38715563684770554
2016-11-01,2111.72,18.56,1.83,0.83,,-0.006810051166296,-0.0147785940961188,0.0391939225714486,0.0514362988134276,0.0691306452249099,1.5,5.099999999999998,0.11646935477509,1.0,0.06,-0.03,0.3765294486552377
2016-11-02,2097.94,19.32,1.81,0.81,,-0.0065468703977364,-0.0195835275149824,0.0443273958367655,0.0534431016318137,0.0690249355458899,0.7600000000000016,5.08,0.12417506445411,1.0,0.02,-0.0499999999999999,0.40193890799540855
2016-11-03,2088.66,22.08,1.82,0.81,,-0.0044331988718818,-0.0210254802156464,0.0436069725023287,0.0543432770545531,0.0694032012289511,2.759999999999998,6.719999999999999,0.1513967987710488,1.01,-0.03,-0.0599999999999999,0.3969374955670982
2016-11-04,2085.18,22.51,1.79,0.8,,-0.0016675295681625,-0.019579929290118,0.0469657731421074,0.0529429167789175,0.0691577190655059,0.4300000000000032,6.32,0.155942280934494,0.99,-0.07,-0.0599999999999999,0.3966759444957855
2016-11-07,2131.52,18.71,1.83,0.82,,0.0219801577829618,0.0025225077788848,0.1933706218961585,0.132012846268777,0.1070327388683615,-3.8000000000000007,1.650000000000002,0.0800672611316385,1.0100000000000002,-0.01,-0.04,0.18869837975381246
2016-11-08,2139.56,18.74,1.88,0.87,,0.003764860174332,0.0130974191195128,0.182434021888717,0.1328556279402695,0.0985435746409808,0.0299999999999975,0.1799999999999997,0.0888564253590191,1.0099999999999998,0.0499999999999998,0.04,0.21455305911525785
2016-11-09,2163.26,14.38,2.07,0.9,,0.0110161427512341,0.0306604322684834,0.1689495158126181,0.1436243967696288,0.1059294218915323,-4.359999999999998,-4.94,0.0378705781084676,1.17,0.2599999999999998,0.0899999999999999,0.12682021970764043
2016-11-10,2167.48,14.74,2.15,0.92,,0.0019488592414451,0.0370424903818106,0.148663388452974,0.141806242043734,0.1051269062455413,0.3599999999999994,-7.339999999999998,0.0422730937544586,1.23,0.3299999999999998,0.1099999999999999,0.14356620061062814
2016-11-11,2164.45,14.17,2.15,0.92,,-0.0013989147997004,0.0373111051502727,0.1476389423034068,0.1404651904200235,0.105403381076545,-0.5700000000000003,-8.340000000000002,0.0362966189234549,1.23,0.3599999999999999,0.12,0.1468230575329851
2016-11-14,2164.2,14.48,2.23,1.0,,-0.0001155094545772,0.0152154379127337,0.0773611613756399,0.1404626367034725,0.10452139598562,0.3100000000000005,-4.23,0.0402786040143799,1.23,0.3999999999999999,0.18,0.18835896110076078
2016-11-15,2180.39,13.37,2.23,1.02,,0.0074529817276226,0.0189035594660242,0.0837001334037851,0.1341645186550397,0.1054963841459946,-1.1100000000000012,-5.369999999999999,0.0282036158540053,1.21,0.3500000000000001,0.15,0.15053359756674103
2016-11-16,2176.94,13.72,2.22,1.0,,-0.0015835388740046,0.0063038778407852,0.0593307019695209,0.1261418849710781,0.1057554884587274,0.3500000000000014,-0.6600000000000001,0.0314445115412725,1.2200000000000002,0.1500000000000003,0.0999999999999999,0.14897262626737956
2016-11-17,2187.12,13.35,2.29,1.04,,0.0046653888648148,0.0090204074641551,0.0642462436965661,0.117710335279288,0.1063130239994612,-0.370000000000001,-1.3900000000000006,0.0271869760005387,1.25,0.1400000000000001,0.12,0.14336640457645602
2016-11-18,2181.9,12.85,2.34,1.07,,-0.0023895530273762,0.0080297692364792,0.0676523459426623,0.1188382579311743,0.1069544618226604,-0.5,-1.3200000000000005,0.0215455381773396,1.2699999999999998,0.1899999999999999,0.15,0.16158389714406726
2016-11-21,2198.18,12.42,2.33,1.08,,0.0074336884116068,0.0155789671026632,0.0762345160364887,0.0724101996853992,0.1086378256638973,-0.4299999999999997,-2.0600000000000005,0.0155621743361026,1.25,0.1,0.08,0.11239502680762885
2016-11-22,2202.94,12.41,2.31,1.07,,0.0021630866034014,0.010289071978442,0.0658117920410862,0.0724321091779206,0.1071357901443317,-0.0099999999999997,-0.9599999999999992,0.0169642098556682,1.24,0.08,0.05,0.11503293386355382
2016-11-23,2204.72,12.43,2.36,1.12,,0.0008076848471823,0.0126802956996291,0.0593486151183981,0.0569543292758701,0.1065323475639303,0.0199999999999995,-1.290000000000001,0.0177676524360696,1.2399999999999998,0.1399999999999996,0.1200000000000001,0.1272542206697048
2016-11-25,2213.35,12.34,2.36,1.12,,0.0039066882037051,0.0119215950385193,0.0578594304689237,0.0578439276604022,0.1054813508514823,-0.0899999999999998,-1.0099999999999998,0.0179186491485176,1.2399999999999998,0.0699999999999998,0.08,0.11129812967783835
2016-11-28,2201.72,13.15,2.32,1.11,,-0.0052683318269105,0.0090428162389852,0.0741417907280525,0.0669338330278575,0.1070909438040805,0.8100000000000005,0.3000000000000007,0.0244090561959194,1.2099999999999995,-0.02,0.04,0.11782675997157639
2016-11-29,2204.66,12.9,2.3,1.09,,0.0013344289127455,0.0029435567401239,0.0552176374142775,0.0662201935150024,0.1068795566937341,-0.25,0.4800000000000004,0.0221204433062658,1.2099999999999995,-0.0300000000000002,0.01,0.12789148853287033
2016-11-30,2198.81,13.33,2.37,1.11,,-0.0026569970689346,-0.0018765269322121,0.0571294575187796,0.0615625362564502,0.1033953562803704,0.4299999999999997,0.92,0.0299046437196295,1.26,0.06,0.04,0.24015249824526957
2016-12-01,2191.08,14.07,2.45,1.14,,-0.0035217319747589,-0.0062059437541534,0.0596920101209461,0.0644033865403443,0.1005902514876308,0.7400000000000002,1.6400000000000006,0.0401097485123691,1.3100000000000005,0.0900000000000003,0.0199999999999997,0.23605153631339862
2016-12-02,2191.95,14.12,2.4,1.11,,0.0003969856521291,-0.0097156463057295,0.0436744404647281,0.0603863221670004,0.097806285839669,0.0499999999999989,1.7799999999999994,0.0433937141603309,1.2899999999999998,0.04,-0.01,0.25400083151194947
2016-12-05,2204.71,12.14,2.39,1.13,,0.0058044223683808,0.0013571078895618,0.0587160999587732,0.0643487968896426,0.0972659552452561,-1.9799999999999984,-1.0099999999999998,0.0241340447547439,1.2600000000000002,0.0700000000000002,0.0199999999999997,0.23738700667109108
2016-12-06,2212.23,11.79,2.39,1.12,,0.0034050755798857,0.0034277545567019,0.0627774998976216,0.0557433762658913,0.0659628251483587,-0.3500000000000014,-1.1100000000000012,0.0519371748516412,1.27,0.0900000000000003,0.03,0.25325558137200743
2016-12-07,2241.35,12.22,2.34,1.1,,0.013077306345682,0.0191620579713186,0.0989534301355403,0.0839155003476995,0.0769074668375132,0.4300000000000015,-1.1099999999999994,0.0452925331624868,1.2399999999999998,-0.0300000000000002,-0.01,0.19437634203661522
2016-12-08,2246.19,12.64,2.4,1.12,,0.0021570846729904,0.024840874619068,0.0784538838795866,0.0837741647632348,0.0697207563948013,0.4199999999999999,-1.4299999999999995,0.0566792436051987,1.2799999999999998,-0.0500000000000002,-0.0199999999999997,0.20098488147517754
2016-12-09,2259.53,11.75,2.47,1.15,,0.0059213794812155,0.0303652684481543,0.0671660743998901,0.0857374819719402,0.0711827149205337,-0.8900000000000006,-2.369999999999999,0.0463172850794662,1.3200000000000005,0.0700000000000002,0.0399999999999998,0.17981318665438348
2016-12-12,2256.96,12.64,2.49,1.15,,-0.0011380520171109,0.0234227940626624,0.0847079924482995,0.0780041587740761,0.0710194767475094,0.8900000000000006,0.5,0.0553805232524905,1.3400000000000003,0.1,0.02,0.18162477216176556
2016-12-13,2271.72,12.72,2.48,1.17,,0.0065184787900044,0.0265361972727812,0.0846289449668302,0.0801866533798827,0.0721783389806076,0.08,0.9300000000000016,0.0550216610193923,1.31,0.0899999999999998,0.0499999999999998,0.16000687294383034
2016-12-14,2253.28,13.19,2.54,1.27,,-0.0081503213600785,0.0053085695670207,0.0953439096597175,0.0944959329704208,0.0787146433017684,0.4699999999999988,0.9699999999999988,0.0531853566982315,1.27,0.2000000000000001,0.1699999999999999,0.10192079309045117
2016-12-15,2262.03,12.79,2.6,1.29,,0.0038757077378476,0.0070271926318779,0.0973474424327642,0.0885204263167387,0.0781287575766178,-0.4000000000000003,0.1499999999999985,0.0497712424233821,1.31,0.2000000000000001,0.1699999999999999,0.08647994930917277
2016-12-16,2258.07,12.2,2.6,1.28,,-0.0017521740727583,-0.0006463609220958,0.0898773134052017,0.0910385908387191,0.0784549917570798,-0.5899999999999999,0.4499999999999993,0.0435450082429201,1.32,0.1299999999999999,0.1300000000000001,0.08425810853682743
2016-12-19,2262.53,11.71,2.54,1.24,,0.0019731900398514,0.0024648811348665,0.0903899132325602,0.0897229199476109,0.0770307859452894,-0.4899999999999984,-0.9299999999999996,0.0400692140547105,1.3,0.0499999999999998,0.09,0.08596160281630819
2016-12-20,2270.76,11.45,2.57,1.25,,0.0036309210492785,-0.0004226766058593,0.0799893667173974,0.0897875929640298,0.0744923639669815,-0.2600000000000015,-1.2700000000000014,0.0400076360330184,1.3199999999999998,0.0899999999999998,0.08,0.14769208636099176
2016-12-21,2265.18,11.27,2.55,1.21,,-0.0024603512457385,0.0052672935084807,0.0474065693406539,0.0709862417318941,0.0758443582681714,-0.1799999999999997,-1.92,0.0368556417318285,1.34,0.0099999999999997,-0.06,0.14251036719779206
2016-12-22,2260.96,11.43,2.55,1.22,,-0.0018647241237848,-0.0004731383531518,0.0432073462894207,0.0721042627815205,0.0767062606495648,0.1600000000000001,-1.3599999999999994,0.0375937393504351,1.3299999999999998,-0.0500000000000002,-0.07,0.15772387105952854
2016-12-23,2263.79,11.44,2.55,1.22,,0.001250898002771,0.0025299337223775,0.0411607835092063,0.0661167361711767,0.0760672561172877,0.0099999999999997,-0.7599999999999998,0.0383327438827122,1.3299999999999998,-0.0500000000000002,-0.06,0.20610482867767652
2016-12-27,2268.88,11.99,2.57,1.28,,0.0022459178098379,0.0028026614923639,0.0418136031158928,0.0663975656240953,0.0722702511624923,0.5500000000000007,0.2799999999999993,0.0476297488375076,1.2899999999999998,0.0299999999999998,0.04,0.22228989315685457
2016-12-28,2249.92,12.95,2.51,1.26,,-0.0083916576362484,-0.0092199171931628,0.0661978209082525,0.0707672754413822,0.0803631587615036,0.9599999999999992,1.5,0.0491368412384963,1.2499999999999998,-0.06,0.01,0.17837254227044955
2016-12-29,2249.26,13.37,2.49,1.22,,-0.0002933867970315,-0.0070529527444557,0.0667122552105441,0.0583254286402113,0.0793620549213134,0.4199999999999999,2.1,0.0543379450786865,1.2700000000000002,-0.0599999999999996,0.01,0.18681849308329215
2016-12-30,2238.83,14.04,2.45,1.2,,-0.0046478652506068,-0.0098360938712778,0.0707118852681705,0.0574237062489375,0.0803330505094755,0.6699999999999999,2.6099999999999994,0.0600669494905244,1.2500000000000002,-0.0999999999999996,-0.02,0.18067050781707944
2017-01-03,2257.83,12.85,2.45,1.22,,0.0084507670468079,-0.002636224827241,0.1026266735122144,0.0742206504312381,0.0844109013025705,-1.1899999999999995,1.41,0.0440890986974294,1.2300000000000002,-0.0999999999999996,0.0,0.12101708783336738
2017-01-04,2270.75,11.85,2.46,1.24,,0.0057059983723568,0.0008238557352778,0.1111064671731011,0.0792119328503077,0.0843447310214964,-1.0,-0.1400000000000005,0.0341552689785035,1.22,-0.1099999999999998,-0.04,0.09193662226349682
2017-01-05,2269.0,11.67,2.37,1.17,,-0.0007709676024811,0.008444545769045,0.0839980982410471,0.077182731192054,0.0843803513940194,-0.1799999999999997,-1.2799999999999994,0.0323196486059805,1.2000000000000002,-0.1399999999999996,-0.09,0.09728431848478727
2017-01-06,2276.98,11.32,2.42,1.22,,0.0035107977582784,0.0122487303243551,0.082673404236414,0.0778389022128649,0.0726368696967643,-0.3499999999999996,-2.049999999999999,0.0405631303032356,1.2,-0.0700000000000002,0.0,0.08496417209510847
2017-01-09,2268.9,11.56,2.38,1.21,,-0.0035548710080266,0.0133417245669352,0.0769261838194825,0.0797279804803052,0.0740260518197966,0.2400000000000002,-2.479999999999998,0.0415739481802033,1.17,-0.0700000000000002,0.01,0.07912074682038645
2017-01-10,2268.9,11.49,2.38,1.19,,0.0,0.0048909575201274,0.0579644151361401,0.0795796063351459,0.0712079108146893,-0.0700000000000002,-1.3599999999999994,0.0436920891853106,1.19,-0.0700000000000002,-0.03,0.08392044344668649
2017-01-11,2275.32,11.26,2.38,1.2,,0.002825569304019,0.0020105284517897,0.0454109413869228,0.0800435222052254,0.0716038130366475,-0.2300000000000004,-0.5899999999999999,0.0409961869633524,1.18,-0.08,-0.04,0.09124401713753783
2017-01-12,2270.44,11.54,2.36,1.18,,-0.0021470565426564,0.0006344395116144,0.0485899988242369,0.0659998463981102,0.0683228218689229,0.2799999999999993,-0.1300000000000007,0.047077178131077,1.18,-0.0100000000000002,0.01,0.10004833249539724
2017-01-13,2274.64,11.23,2.4,1.21,,0.0018481528138047,-0.0010282054328592,0.0423250142842103,0.0657836313572632,0.0614283932411256,-0.3099999999999987,-0.0899999999999998,0.0508716067588743,1.19,-0.02,-0.01,0.10477328078540345
2017-01-17,2267.89,11.87,2.33,1.17,,-0.0029719143156583,-0.0004452487404909,0.0395287900042301,0.0621026783605609,0.0612042240783695,0.6399999999999988,0.3099999999999987,0.0574957759216304,1.16,-0.0499999999999998,-0.04,0.1397867467195554
2017-01-18,2271.89,12.48,2.42,1.23,,0.0017622003864136,0.0013169516459227,0.0416990077872027,0.047977558808916,0.0610423972045412,0.6100000000000012,0.9900000000000002,0.0637576027954587,1.19,0.04,0.04,0.1867129654335893
2017-01-19,2263.69,12.78,2.47,1.25,,-0.0036158590231882,-0.0051244766812845,0.0418388381054054,0.0428608303472506,0.0622290745108793,0.2999999999999989,1.5199999999999996,0.0655709254891206,1.2200000000000002,0.0900000000000003,0.05,0.1780542696843256
2017-01-20,2271.31,11.54,2.48,1.2,,0.0033605323797867,0.0003831122411586,0.0500056781167094,0.0464851410985948,0.0620283825787246,-1.2400000000000002,0.0,0.0533716174212752,1.28,0.1200000000000001,0.02,0.17043121625108415
2017-01-23,2265.2,11.77,2.41,1.16,,-0.0026937022929649,-0.0041587428656111,0.0502637175269966,0.0441189795433758,0.0621571455183759,0.2300000000000004,0.5399999999999991,0.0555428544816241,1.2500000000000002,0.0100000000000002,-0.05,0.1907199636662222
2017-01-24,2280.07,11.07,2.47,1.21,,0.0065430889919335,0.0053562604419805,0.0672576806988469,0.0529073116458949,0.0658652918264542,-0.6999999999999993,-0.7999999999999989,0.0448347081735457,1.2600000000000002,0.1400000000000001,0.04,0.1605779060922144
2017-01-25,2298.37,10.81,2.53,1.23,,0.0079940317900096,0.0115880918455765,0.083806062252203,0.0647281156255002,0.0711310840281271,-0.2599999999999998,-1.67,0.0369689159718728,1.2999999999999998,0.1099999999999998,0.0,0.09850761303549986
2017-01-26,2296.68,10.63,2.51,1.21,,-0.0007355741836108,0.014468376685154,0.0727201711839328,0.06483193678076,0.0710912012823549,-0.1799999999999997,-2.1499999999999986,0.035208798717645,1.2999999999999998,0.0399999999999995,-0.04,0.09823090747588063
2017-01-27,2294.69,10.58,2.49,1.22,,-0.0008668437196784,0.0102410005856887,0.077072925832976,0.0634315901138321,0.0630146176114292,-0.0500000000000007,-0.9599999999999992,0.0427853823885707,1.2700000000000002,0.0100000000000002,0.02,0.1505456241531324
2017-01-30,2280.9,11.88,2.49,1.22,,-0.0060276562158029,0.0069070466628508,0.0921542958077165,0.0723887690249917,0.067672971282142,1.3000000000000007,0.1100000000000012,0.0511270287178579,1.2700000000000002,0.08,0.06,0.12098862188733746
2017-01-31,2278.87,11.99,2.45,1.19,,-0.0008903958463327,-0.0005264381754153,0.0802672040943134,0.0705043367213104,0.0649972998387582,0.1099999999999994,0.92,0.0549027001612417,1.2600000000000002,-0.02,-0.02,0.1202140660878001
2017-02-01,2279.55,11.81,2.48,1.22,,0.000298348991556,-0.008222120973869,0.0396753854775906,0.0701426889650626,0.0585339991205292,-0.1799999999999997,1.0,0.0595660008794707,1.26,-0.0499999999999998,-0.01,0.12062365384909367
2017-02-02,2280.85,11.93,2.48,1.21,,0.0005701254430369,-0.0069164213472212,0.042539194330698,0.0665961518698219,0.055194526274937,0.1199999999999992,1.299999999999999,0.0641054737250629,1.27,-0.0299999999999998,0.0,0.15086192844951177
2017-02-03,2297.42,10.97,2.49,1.21,,0.0072385736758165,0.0011889960482739,0.0751543975540936,0.0733473735677323,0.0603639965350795,-0.9599999999999992,0.3900000000000005,0.0493360034649204,1.2800000000000002,0.0,-0.01,0.11290937510097873
2017-02-06,2292.56,11.37,2.42,1.16,,-0.0021176570774647,0.005098995186612,0.0577231737038459,0.072556411874247,0.0600976405566225,0.3999999999999986,-0.5100000000000016,0.0536023594433774,1.26,-0.0700000000000002,-0.06,0.1360775780910857
2017-02-07,2293.08,11.29,2.4,1.16,,0.0002267949521675,0.0062161859851122,0.0559104571793289,0.0661823073124921,0.0583190741832692,-0.08,-0.7000000000000011,0.0545809258167307,1.24,-0.0500000000000002,-0.03,0.15011569463065078
2017-02-08,2294.67,11.45,2.34,1.15,,0.0006931502647968,0.006610987258353,0.0555592615600424,0.0518420708040365,0.0582874129989074,0.1600000000000001,-0.3600000000000012,0.0562125870010925,1.19,-0.1400000000000001,-0.07,0.16930195445925952
2017-02-09,2307.87,10.88,2.4,1.2,,0.0057359789123306,0.011776840727647,0.0627876281369951,0.0594542924250687,0.0606522513886381,-0.5699999999999985,-1.049999999999999,0.0481477486113618,1.2,-0.08,-0.01,0.14338867124157378
2017-02-10,2316.1,10.85,2.41,1.2,,0.0035597154352584,0.0080979824870887,0.0485886561850851,0.0607719444456807,0.0604690832700709,-0.0300000000000011,-0.120000000000001,0.048030916729929,1.2100000000000002,-0.08,-0.01,0.1344467499481201
2017-02-13,2328.25,11.07,2.43,1.2,,0.0052321757481008,0.0154478153126544,0.0402799682325736,0.0500184788727301,0.0622682453420667,0.2200000000000006,-0.2999999999999989,0.0484317546579332,1.2300000000000002,0.0100000000000002,0.04,0.1426176336823623
2017-02-14,2337.58,10.74,2.47,1.25,,0.0039992937743571,0.0192203141348439,0.0312886952914402,0.0479367081488378,0.061030410250293,-0.33,-0.5499999999999989,0.0463695897497069,1.2200000000000002,0.0700000000000002,0.09,0.12885925345396507
2017-02-15,2349.25,11.97,2.51,1.27,,0.0049799220870501,0.0235070859570972,0.0142562621146823,0.0475562119198709,0.0622608332202695,1.2300000000000004,0.5200000000000014,0.0574391667797304,1.2399999999999998,0.1699999999999999,0.1200000000000001,0.10197756061490397
2017-02-16,2347.22,11.76,2.45,1.22,,-0.0008644791200295,0.016906627924737,0.0392245905779633,0.0500960742228115,0.0598807550316872,-0.2100000000000008,0.879999999999999,0.0577192449683127,1.2300000000000002,0.0500000000000002,0.02,0.1037894224573382
2017-02-17,2351.16,11.49,2.42,1.21,,0.0016771742275309,0.0150240867170093,0.0409251762822394,0.0439087151985331,0.05960077259542,-0.2699999999999996,0.6400000000000006,0.0552992274045799,1.21,0.0099999999999997,0.01,0.101608505759093
2017-02-21,2365.38,11.57,2.43,1.22,,0.0060298621810357,0.0158217731499441,0.0439409625363917,0.0397445456750727,0.0590593892036773,0.08,0.5,0.0566406107963226,1.2100000000000002,0.0,0.02,0.0533041591282984
2017-02-22,2362.82,11.74,2.42,1.22,,-0.0010828646208509,0.0107396147547361,0.0519413255911752,0.0428433529534246,0.0577484479313267,0.1699999999999999,1.0,0.0596515520686732,1.2,-0.0500000000000002,-0.03,0.2214201028964233
2017-02-23,2363.81,11.71,2.38,1.18,,0.0004189031146829,0.0061785957823691,0.0460309693536163,0.0432760316061685,0.0530071093729849,-0.0299999999999993,-0.2599999999999998,0.064092890627015,1.2,-0.1299999999999999,-0.09,0.24018076353999657
2017-02-24,2367.34,11.47,2.31,1.12,,0.0014922378935534,0.0085353127959521,0.0421323075619556,0.0408531082647861,0.0524010103079098,-0.2400000000000002,-0.2899999999999991,0.0622989896920901,1.19,-0.1400000000000001,-0.0999999999999998,0.23914342970461597
2017-02-27,2369.75,12.09,2.36,1.2,,0.0010175023940541,0.0078756409624752,0.0424210800365717,0.041076350743714,0.0516869778132354,0.6199999999999992,0.5999999999999996,0.0692130221867645,1.16,-0.06,-0.01,0.24422140631137484
2017-02-28,2363.64,12.92,2.36,1.22,,-0.0025816606675474,-0.0007358818861079,0.0265237660598937,0.044027772944257,0.0460768179083602,0.8300000000000001,1.3499999999999996,0.0831231820916397,1.14,-0.0700000000000002,0.0,0.24517255096374782
2017-03-01,2395.96,12.54,2.46,1.29,,0.0135811819395638,0.0139281646743068,0.0990575286114772,0.0747569288873288,0.0611237671838722,-0.3800000000000008,0.7999999999999989,0.0642762328161277,1.17,0.04,0.07,0.12225569299625416
2017-03-02,2381.92,11.81,2.49,1.32,,-0.0058771004764203,0.0076321610832037,0.1169946634269461,0.0838514887647489,0.0676619651691342,-0.7299999999999986,0.0999999999999996,0.0504380348308658,1.1700000000000002,0.1100000000000003,0.1400000000000001,0.08002113458668461
2017-03-03,2383.12,10.96,2.49,1.32,,0.000503668395383,0.0066435915850333,0.1172231414757674,0.0831035270692165,0.0676835589157574,-0.8499999999999996,-0.5099999999999998,0.0419164410842425,1.1700000000000002,0.1800000000000001,0.1999999999999999,0.09499006916334288
2017-03-06,2375.31,11.24,2.49,1.31,,-0.0032825982574175,0.0023434909335617,0.1218270300805812,0.0864977399796247,0.0675847341827602,0.2799999999999993,-0.8499999999999996,0.0448152658172397,1.1800000000000002,0.1300000000000003,0.1100000000000001,0.0796339796918049
2017-03-07,2368.39,11.45,2.52,1.32,,-0.0029175558777588,0.0020075957233502,0.1223789662691426,0.0836063250352736,0.0682353557626614,0.209999999999999,-1.4700000000000006,0.0462646442373385,1.2,0.1600000000000001,0.1,0.08416379086236266
2017-03-08,2362.98,11.86,2.57,1.36,,-0.0022868650550458,-0.0138604512712594,0.0362767286082601,0.0843097469599207,0.0694913240366526,0.4100000000000001,-0.6799999999999997,0.0491086759633473,1.2099999999999995,0.1099999999999998,0.07,0.15262059294468028
2017-03-09,2364.87,12.3,2.6,1.37,,0.0007995177937872,-0.0071838330010519,0.0308316646021406,0.0843834607305981,0.0694759398353048,0.4400000000000013,0.4900000000000002,0.0535240601646951,1.23,0.1099999999999998,0.05,0.15427197199213244
2017-03-10,2372.6,11.66,2.58,1.36,,0.0032633480993077,-0.0044241532971273,0.0448236192393984,0.0856923180606286,0.0680187027948221,-0.6400000000000006,0.6999999999999993,0.0485812972051778,1.22,0.0899999999999998,0.04,0.14680632954021966
2017-03-13,2373.47,11.35,2.62,1.4,,0.0003666191226613,-0.0007749359170484,0.0397218586785294,0.0855853471546887,0.0676065640788944,-0.3100000000000005,0.1099999999999994,0.0458934359211055,1.2200000000000002,0.1299999999999999,0.0899999999999998,0.1501274853368547
2017-03-14,2365.45,12.3,2.6,1.4,,-0.003384740682155,-0.0012421207214445,0.0418502788295281,0.0863959601991104,0.0677488772556201,0.9500000000000012,0.8500000000000014,0.0552511227443798,1.2000000000000002,0.08,0.0799999999999998,0.24276667782611788
2017-03-15,2385.26,11.63,2.51,1.33,,0.0083398543883171,0.0093845987219182,0.0686554485364159,0.0647513721935132,0.0720868897300535,-0.6699999999999999,-0.2299999999999986,0.0442131102699464,1.1799999999999995,-0.06,-0.03,0.2056858074486929
2017-03-16,2381.38,11.21,2.53,1.35,,-0.0016279814951152,0.0069570994330157,0.0730760207306228,0.0579290062044224,0.0710686923764087,-0.4199999999999999,-1.09,0.0410313076235912,1.1799999999999995,-0.0700000000000002,-0.02,0.20474951515113263
2017-03-17,2378.25,11.28,2.5,1.33,,-0.0013152284741446,0.0023785228595635,0.0729159908644891,0.0581852975079273,0.0712164053665358,0.0699999999999985,-0.3800000000000008,0.0415835946334641,1.17,-0.08,-0.03,0.20412278139523435
2017-03-20,2373.47,11.34,2.47,1.3,,-0.0020119037369022,0.0,0.0750637426684277,0.0566320475899756,0.0717174230330532,0.0600000000000005,-0.0099999999999997,0.0416825769669467,1.1700000000000002,-0.1499999999999999,-0.0999999999999998,0.20225808983232565
2017-03-21,2344.02,12.47,2.43,1.27,,-0.0124856152659536,-0.0091008745837986,0.1170055913043827,0.0838804501442184,0.0820568756615472,1.1300000000000008,0.1699999999999999,0.0426431243384527,1.16,-0.1699999999999999,-0.1299999999999999,0.12157145972233192
2017-03-22,2348.45,12.81,2.4,1.27,,0.0018881319714754,-0.0155525970006403,0.0867694278003767,0.084748636742163,0.0824315101418823,0.3399999999999998,1.1799999999999995,0.0456684898581176,1.13,-0.1099999999999998,-0.06,0.1190705194129655
2017-03-23,2345.96,13.12,2.41,1.26,,-0.0010608362855033,-0.0149854517910283,0.0874704952818521,0.0843919120460135,0.0824265003295846,0.3099999999999987,1.9099999999999984,0.0487734996704153,1.15,-0.1199999999999996,-0.09,0.12672283548986904
2017-03-24,2343.98,12.96,2.4,1.26,,-0.0008443605323889,-0.0145145838492726,0.0881024735903051,0.0813132844645265,0.0821397477265158,-0.1599999999999983,1.6800000000000015,0.0474602522734841,1.14,-0.1,-0.07,0.1310089644427031
2017-03-27,2341.59,12.5,2.38,1.27,,-0.0010201534529525,-0.0135228335653228,0.0890110059343732,0.0808553905711895,0.0819600873999708,-0.4600000000000008,1.16,0.0430399126000291,1.11,-0.0900000000000003,-0.03,0.13259632347795394
2017-03-28,2358.57,11.53,2.42,1.3,,0.0072253173808166,0.0061880990814475,0.0566782018919786,0.0903705189768743,0.0860997908754753,-0.9700000000000006,-0.9400000000000012,0.0292002091245247,1.12,-0.0100000000000002,0.03,0.06711885838168231
2017-03-29,2361.13,11.42,2.39,1.26,,0.0010848148191858,0.0053847819291579,0.0563835002936908,0.0773729435219318,0.0695935695843607,-0.1099999999999994,-1.3900000000000006,0.0446064304156392,1.13,-0.0099999999999997,-0.01,0.08103900317806963
2017-03-30,2368.06,11.54,2.42,1.28,,0.0029307365363928,0.009376354751054,0.0539159280786881,0.0797135143673894,0.0679609590458271,0.1199999999999992,-1.58,0.0474390409541728,1.14,0.0099999999999997,0.02,0.0730699109741063
2017-03-31,2362.72,12.37,2.4,1.27,,-0.0022575567952728,0.00796315848817,0.0590918550895997,0.0801026043809312,0.0682385183092124,0.8300000000000001,-0.5900000000000016,0.0554614816907875,1.13,0.0,0.01,0.06501871905584981
2017-04-03,2358.84,12.38,2.35,1.24,,-0.001643524967756,0.0073397869733664,0.0609643591986844,0.0799490964861064,0.0675744977270155,0.0100000000000015,-0.1199999999999992,0.0562255022729844,1.11,-0.0299999999999998,-0.03,0.060546252254708124
2017-04-04,2360.16,11.79,2.36,1.25,,0.0005594405740311,0.0006739101665809,0.0334740636271745,0.0448428914994644,0.066945023398626,-0.5900000000000016,0.2599999999999998,0.0509549766013739,1.11,-0.06,-0.05,0.06407709121294412
2017-04-05,2352.95,12.89,2.34,1.24,,-0.0030595532989129,-0.0034704579515177,0.0386014847029084,0.0479035602885011,0.0673235800632892,1.1000000000000014,1.4700000000000006,0.0615764199367107,1.1,-0.0500000000000002,-0.02,0.07295807138898566
2017-04-06,2357.49,12.39,2.34,1.24,,0.0019276336842417,-0.0044735608036686,0.0329035312620555,0.0480649407161183,0.0676667543992176,-0.5,0.8500000000000014,0.0562332456007823,1.1,-0.08,-0.04,0.1271600619658742
2017-04-07,2355.54,12.87,2.38,1.29,,-0.0008274931885733,-0.0030434971969691,0.0306618040817501,0.0480518993705602,0.0664723242447734,0.4799999999999986,0.5,0.0622276757552265,1.09,-0.02,0.02,0.18583075497577337
2017-04-10,2357.16,14.05,2.37,1.29,,0.0006875040056906,-0.0007124682235224,0.0301673046079137,0.0473061137062504,0.0665286341393738,1.1800000000000015,1.67,0.0739713658606261,1.08,0.02,0.05,0.1911657994137727
2017-04-11,2353.78,15.07,2.32,1.24,,-0.001434958025354,-0.0027068668229077,0.0305638118011538,0.0307438618391394,0.0657018365086372,1.0199999999999996,3.280000000000001,0.0849981634913627,1.0799999999999998,-0.04,-0.01,0.19175269000778097
2017-04-12,2344.93,15.77,2.28,1.24,,-0.0037669958202624,-0.0034143093442573,0.0344069097804755,0.0344733708741306,0.0583594483722939,0.6999999999999993,2.879999999999999,0.0993405516277061,1.0399999999999998,-0.06,0.0,0.2178925079139233
2017-04-13,2328.95,15.96,2.24,1.21,,-0.006838028476069,-0.0121799715045684,0.0466174736129593,0.0401662126706344,0.062088673199113,0.1900000000000012,3.5700000000000003,0.0975113268008869,1.0300000000000002,-0.0999999999999996,-0.03,0.19499302387305417
2017-04-17,2349.01,14.66,2.26,1.21,,0.0085764405680456,-0.0027760377479492,0.0923913790103461,0.0648991142301797,0.0709564913648363,-1.3000000000000007,1.790000000000001,0.0756435086351637,1.0499999999999998,-0.1200000000000001,-0.08,0.22086279925330857
2017-04-18,2342.19,14.42,2.18,1.18,,-0.0029075736718455,-0.0063711154254854,0.0928689544903985,0.0657822562730201,0.07126034093302,-0.2400000000000002,0.3699999999999992,0.0729396590669799,1.0000000000000002,-0.1899999999999999,-0.1100000000000001,0.23651934038038153
2017-04-19,2338.17,14.93,2.21,1.19,,-0.0017178170006366,-0.0066539744007679,0.0929214926817079,0.0655462592910774,0.0562329984979586,0.5099999999999998,-0.1400000000000005,0.0930670015020413,1.02,-0.1099999999999998,-0.05,0.23506857387737776
2017-04-20,2355.84,14.15,2.24,1.21,,0.0075287796425385,0.0046418010620331,0.1076930947452129,0.0765666415909892,0.0621630958135231,-0.7799999999999994,-1.6199999999999992,0.0793369041864768,1.0300000000000002,-0.0399999999999995,-0.03,0.20260856255067
2017-04-21,2348.69,14.63,2.24,1.2,,-0.0030396258521456,0.0084402036859565,0.0927792172725554,0.0773444797730171,0.0630675521324055,0.4800000000000004,-1.33,0.0832324478675944,1.0400000000000005,0.0,-0.01,0.19911306553685787
2017-04-24,2374.15,10.84,2.28,1.25,,0.0107817527738372,0.0106455158917481,0.1037649927245387,0.0953081800705424,0.0735002133468229,-3.790000000000001,-3.82,0.034899786653177,1.0299999999999998,0.02,0.04,0.10538893315512433
2017-04-25,2388.61,10.76,2.35,1.29,,0.0060721281060621,0.0196252176696556,0.0955639580038815,0.09891570279606,0.0756560713645714,-0.08,-3.66,0.0319439286354285,1.06,0.1699999999999999,0.1100000000000001,0.04659725763707149
2017-04-26,2387.45,10.85,2.32,1.28,,-0.0004857560511424,0.0208572786191499,0.0912851581944511,0.0982867887085906,0.0721003922120492,0.0899999999999998,-4.08,0.0363996077879507,1.0399999999999998,0.1099999999999998,0.09,0.05019634274264386
2017-04-27,2388.77,10.36,2.3,1.25,,0.000552738372021,0.0138812373486323,0.0885137229505464,0.0942108629230798,0.0720785072620984,-0.4900000000000002,-3.790000000000001,0.0315214927379016,1.0499999999999998,0.0599999999999996,0.04,0.05027925964308073
2017-04-28,2384.2,10.82,2.29,1.28,,-0.0019149508153329,0.0150059123854451,0.0841086671795705,0.0842056603956686,0.0720364789274048,0.4600000000000008,-3.810000000000001,0.0361635210725952,1.01,0.0499999999999998,0.08,0.07615461862369587
2017-05-01,2388.33,10.11,2.33,1.28,,0.001730738635875,0.0059548982474828,0.0482690435202173,0.0766976349308076,0.0715185813028828,-0.7100000000000009,-0.7300000000000004,0.0295814186971171,1.05,0.0500000000000002,0.03,0.07102834321808499
2017-05-02,2391.17,10.59,2.29,1.27,,0.0011884089692428,0.0010711791106636,0.0229862688091434,0.0725093968110487,0.0710774318079571,0.4800000000000004,-0.1699999999999999,0.0348225681920428,1.02,-0.06,-0.02,0.07038670418304142
2017-05-03,2388.13,10.68,2.33,1.3,,-0.0012721529972957,0.0002847821645103,0.0250778056273045,0.0718894533666072,0.0714154012213701,0.0899999999999998,-0.1699999999999999,0.0353845987786298,1.03,0.0100000000000002,0.02,0.0697726657371803
2017-05-04,2389.52,10.46,2.36,1.32,,0.0005818760433345,0.0003139198358236,0.0251149221023326,0.0654050379339916,0.0701056521129627,-0.2199999999999988,0.1000000000000014,0.0344943478870372,1.0399999999999998,0.06,0.07,0.0772287204304211
2017-05-05,2399.29,10.57,2.36,1.32,,0.004080351300333,0.0063092219514898,0.0307948426827025,0.0614602834897886,0.0709875605557752,0.1099999999999994,-0.25,0.0347124394442247,1.0399999999999998,0.0699999999999998,0.04,0.048169306494655346
2017-05-08,2399.38,9.77,2.39,1.33,,3.7510393509375765e-05,0.0046159937091241,0.0315084618991613,0.0384937370108922,0.0707778968686416,-0.8000000000000007,-0.3399999999999998,0.0269221031313583,1.06,0.06,0.05,0.08967619270395122
2017-05-09,2396.92,9.96,2.42,1.37,,-0.0010257908036239,0.0024017939362573,0.0341450947227204,0.0275310767680492,0.071113673340025,0.1900000000000012,-0.629999999999999,0.0284863266599749,1.0499999999999998,0.1299999999999999,0.1,0.08885727029116929
2017-05-10,2399.63,10.21,2.41,1.35,,0.0011299789591918,0.004803925892745,0.0304348016394476,0.0273563825105502,0.0706081612863218,0.25,-0.4699999999999988,0.0314918387136781,1.06,0.08,0.05,0.30395135547970265
2017-05-11,2394.44,10.6,2.39,1.35,,-0.0021651757390083,0.002056874110402,0.0379178269801155,0.0304606093146965,0.0694031304194699,0.3899999999999988,0.1399999999999988,0.03659686958053,1.04,0.0300000000000002,0.03,0.307600156853901
2017-05-12,2390.9,10.4,2.33,1.29,,-0.001479518966572,-0.0035029961565031,0.0206265883735256,0.0296673416869708,0.0637034096165984,-0.1999999999999993,-0.1699999999999999,0.0402965903834016,1.04,-0.0299999999999998,-0.03,0.3248537480376563
2017-05-15,2402.32,10.42,2.34,1.31,,0.0047650730024741,0.0012245664524617,0.0446269020963062,0.0368589188280499,0.0592180280499574,0.0199999999999995,0.6500000000000004,0.0449819719500426,1.0299999999999998,-0.0500000000000002,-0.02,0.32631817909597494
2017-05-16,2400.67,10.65,2.33,1.29,,-0.0006870720384216,0.0015632852176641,0.0440807324852401,0.0371987334333195,0.0577195723542543,0.2300000000000004,0.6899999999999995,0.0487804276457456,1.04,-0.0899999999999998,-0.08,0.3274358986428563
2017-05-17,2357.03,15.59,2.22,1.26,,-0.0183455131436862,-0.017912206885214,0.1380359825016779,0.1016117940505093,0.09009303210631,4.94,5.379999999999999,0.0658069678936899,0.9600000000000002,-0.1899999999999999,-0.09,0.15478745363236318
2017-05-18,2365.72,14.66,2.23,1.27,,0.0036800634407031,-0.0120669677055026,0.1477151196834812,0.1043802035384436,0.0870389142805676,-0.9299999999999996,4.0600000000000005,0.0595610857194323,0.96,-0.1600000000000001,-0.08,0.15967586490247263
2017-05-19,2381.73,12.04,2.23,1.28,,0.0067446990247324,-0.003842749714198,0.1618531082924183,0.1087762474817446,0.0890998749037984,-2.620000000000001,1.6399999999999988,0.0313001250962015,0.95,-0.1,-0.01,0.11856202736411528
2017-05-22,2394.02,10.93,2.25,1.29,,0.0051468469372128,-0.0034609757794594,0.1626959165128884,0.1127432358523401,0.0826539981996639,-1.1099999999999994,0.5099999999999998,0.026646001800336,0.96,-0.0899999999999998,-0.02,0.08802016777995297
2017-05-23,2398.42,10.72,2.29,1.31,,0.0018362259042573,-0.0009376778367804,0.1636841119640863,0.113087979178386,0.0801392916947896,-0.209999999999999,0.0700000000000002,0.0270607083052103,0.98,-0.04,0.02,0.0833740291383528
2017-05-24,2404.39,10.02,2.26,1.29,,0.0024860459084413,0.0198938812153471,0.0316722422143991,0.1136498624257577,0.0804930863782531,-0.7000000000000011,-5.57,0.0197069136217468,0.9699999999999998,0.0399999999999995,0.03,0.14046428606028505
2017-05-25,2415.07,9.99,2.25,1.3,,0.0044320390592464,0.0206458568338905,0.0316753494468332,0.114629638107658,0.0817878621446332,-0.0299999999999993,-4.67,0.0181121378553667,0.95,0.02,0.03,0.13502477935861582
2017-05-26,2415.82,9.81,2.25,1.3,,0.0003105017940899,0.0142116596032479,0.0311351986957228,0.1139578634511532,0.0812791029818054,-0.1799999999999997,-2.229999999999998,0.0168208970181945,0.95,0.02,0.02,0.1363139787584498
2017-05-30,2412.91,10.38,2.21,1.28,,-0.0012052860078254,0.0078595266582096,0.0340376009280157,0.1124196272151474,0.0814335288011071,0.5700000000000003,-0.5499999999999989,0.0223664711988928,0.93,-0.04,-0.01,0.1420107037821753
2017-05-31,2411.8,10.41,2.21,1.28,,-0.0004601312906201,0.0055631694633322,0.0367130987151874,0.1123616868769871,0.0814621466644271,0.0299999999999993,-0.3100000000000005,0.0226378533355728,0.93,-0.08,-0.03,0.1439880293122369
2017-06-01,2430.06,9.89,2.21,1.28,,0.0075425917183,0.0106197152731908,0.0592583046780159,0.0474062422983528,0.0849541411114554,-0.5199999999999996,-0.129999999999999,0.0139458588885445,0.93,-0.0499999999999998,-0.01,0.08008794057262543
2017-06-02,2439.07,9.75,2.15,1.28,,0.0037008707032855,0.00988854691723,0.0576702039403288,0.0474140832334282,0.0855331541001462,-0.1400000000000005,-0.2400000000000002,0.0119668458998537,0.8699999999999999,-0.1,-0.02,0.05600279887689783
2017-06-05,2436.1,10.07,2.18,1.32,,-0.0012184192007356,0.0083596259224043,0.0613583331516746,0.0469041449182143,0.0850906018410762,0.3200000000000003,0.2599999999999998,0.0156093981589237,0.8600000000000001,-0.0699999999999998,0.02,0.05480719896147371
2017-06-06,2429.33,10.45,2.14,1.3,,-0.0027829007381501,0.0067820111920798,0.0667998089965655,0.0500137194878228,0.0859929570490485,0.379999999999999,0.0699999999999985,0.0185070429509515,0.8400000000000001,-0.0699999999999998,0.02,0.078473543798916
2017-06-07,2433.14,10.39,2.18,1.32,,0.0015671051049044,0.0088092475876042,0.0648486108081978,0.0499758927978242,0.0858270630362791,-0.0599999999999987,-0.0199999999999995,0.0180729369637208,0.8600000000000001,-0.0299999999999998,0.04,0.0760877575061086
2017-06-08,2433.79,10.16,2.19,1.33,,0.00026710883611,0.0015337647054143,0.0396721424393654,0.0499133422139628,0.0858310346225439,-0.2300000000000004,0.2699999999999996,0.015768965377456,0.8599999999999999,-0.02,0.05,0.08389400234266549
2017-06-09,2431.77,10.7,2.21,1.35,,-0.0008303258478185,-0.0029974318456897,0.0259012053749473,0.0473419245211231,0.0853681802776628,0.5399999999999991,0.9499999999999992,0.0216318197223371,0.8599999999999999,0.06,0.07,0.08297430874457716
2017-06-12,2429.39,11.46,2.21,1.35,,-0.0009791902303832,-0.0027582028753371,0.0255949303070261,0.0480678411450666,0.0852113757170418,0.7600000000000016,1.3900000000000006,0.0293886242829581,0.8599999999999999,0.0299999999999998,0.03,0.15509987567048156
2017-06-13,2440.35,10.42,2.21,1.38,,0.0045012746082839,0.0045259724710968,0.0357969341046848,0.050665351521306,0.0850535067334253,-1.040000000000001,-0.0299999999999993,0.0191464932665746,0.8300000000000001,0.0699999999999998,0.0799999999999998,0.17414720311246373
2017-06-14,2437.92,10.64,2.15,1.35,,-0.0009962549022444,0.0019626124639479,0.0374005806073009,0.0512053259051577,0.0851315414225908,0.2200000000000006,0.25,0.0212684585774092,0.7999999999999998,-0.0300000000000002,0.03,0.17367423301032175
2017-06-15,2432.46,10.9,2.16,1.35,,-0.0022421257837553,-0.0005466221559173,0.0419021011456816,0.0386260213152675,0.0484706729885953,0.2599999999999998,0.7400000000000002,0.0605293270114046,0.81,-0.0299999999999998,0.02,0.1701419010233173
2017-06-16,2433.15,10.38,2.16,1.32,,0.0002836232269439,0.0005673269188452,0.0414382497701854,0.0331197038748317,0.0480115073654721,-0.5199999999999996,-0.3199999999999985,0.0557884926345278,0.8400000000000001,-0.0499999999999998,-0.03,0.1718749822960223
2017-06-19,2453.46,10.37,2.19,1.36,,0.0083125589925565,0.0098590761417849,0.0692044466807877,0.0535300081803748,0.0505781049652379,-0.0100000000000015,-1.0900000000000016,0.053121895034762,0.8299999999999998,-0.02,0.01,0.11024189748545052
2017-06-20,2437.03,10.86,2.16,1.36,,-0.0067191883898731,-0.0013613868563723,0.0869394017313061,0.0634498730013692,0.056384490280222,0.4900000000000002,0.4399999999999995,0.0522155097197779,0.8,-0.0499999999999998,-0.0199999999999997,0.13165230705537062
2017-06-21,2435.61,10.75,2.16,1.36,,-0.0005828462764329,-0.0009479782305608,0.0867718943701714,0.0631806432134767,0.0564999647875833,-0.1099999999999994,0.1099999999999994,0.0510000352124166,0.8,0.0100000000000002,0.01,0.19138041491322477
2017-06-22,2434.5,10.48,2.15,1.34,,-0.0004558418677281,0.0008383056854662,0.0850188913714849,0.0632317835998887,0.0562790274121567,-0.2699999999999996,-0.4199999999999999,0.0485209725878432,0.8099999999999998,-0.0100000000000002,-0.01,0.23531616619292042
2017-06-23,2438.3,10.02,2.15,1.34,,0.0015596785299304,0.0021143609884528,0.0856091338742952,0.0634599794359395,0.0545985849812813,-0.4600000000000008,-0.3600000000000012,0.0456014150187186,0.8099999999999998,-0.0100000000000002,0.02,0.23527046255871775
2017-06-26,2439.07,9.9,2.14,1.36,,0.0003157439383918,-0.0058824540657119,0.0510129183714724,0.0630790919852626,0.0545983740395814,-0.1199999999999992,-0.4699999999999988,0.0444016259604185,0.78,-0.0499999999999998,0.0,0.2380537457640484
2017-06-27,2419.38,11.06,2.21,1.38,,-0.0081055101118562,-0.007268775787695,0.0605587335564241,0.0713229662886184,0.0623632669503934,1.16,0.200000000000001,0.0482367330496065,0.8300000000000001,0.0499999999999998,0.0199999999999997,0.20160558400509684
2017-06-28,2440.69,10.03,2.22,1.34,,0.008769477216597,0.0020835477053349,0.0954039676742035,0.0861243974787341,0.069405212601817,-1.0300000000000011,-0.7200000000000006,0.0308947873981829,0.8800000000000001,0.06,-0.02,0.20879005331811426
2017-06-29,2419.7,11.44,2.27,1.38,,-0.0086372206717718,-0.0060978310987087,0.1156499540084996,0.0963932148630661,0.0716512957214112,1.41,0.9599999999999992,0.0427487042785887,0.8900000000000001,0.1200000000000001,0.0399999999999998,0.1872431884509156
2017-06-30,2423.41,11.18,2.31,1.38,,0.0015320736987974,-0.0061254359298418,0.1156083192291232,0.0968892634189377,0.0704838505689676,-0.2599999999999998,1.16,0.0413161494310323,0.9300000000000002,0.1600000000000001,0.0399999999999998,0.18623966446892387
2017-07-03,2429.01,11.22,2.35,1.41,,0.0023081276913972,-0.0041330521768363,0.1181192691830524,0.0858260777697583,0.0709987487838726,0.0400000000000009,1.3200000000000005,0.0412012512161273,0.9400000000000002,0.2099999999999999,0.0499999999999998,0.18302241272209227
2017-07-05,2432.54,11.07,2.33,1.41,,0.0014522119983846,0.0054246699334045,0.0989465619541211,0.0802021357084102,0.0705021525172111,-0.1500000000000003,0.0099999999999997,0.0401978474827888,0.9200000000000002,0.1200000000000001,0.03,0.21521597280340365
2017-07-06,2409.75,12.54,2.37,1.4,,-0.0094129712485487,-0.0127577785317411,0.0940613315158089,0.092705316665711,0.0777973606882481,1.4699999999999989,2.51,0.0476026393117518,0.9700000000000002,0.1499999999999999,0.0599999999999998,0.15771352946701278
2017-07-07,2425.18,11.19,2.39,1.4,,0.0063827407569568,0.0022621828969875,0.0932765928029517,0.1000349729541238,0.081519105854611,-1.3499999999999996,-0.25,0.0303808941453889,0.9900000000000002,0.1200000000000001,0.02,0.14172426549410272
2017-07-10,2427.43,11.11,2.38,1.4,,0.0009273360773855,0.0016574452755756,0.0929337903153164,0.0997409628731839,0.0815710680031907,-0.08,-0.0700000000000002,0.0295289319968092,0.98,0.0699999999999998,0.02,0.14096014925569697
2017-07-11,2425.53,10.89,2.37,1.37,,-0.0007830273058416,-0.0014337097216633,0.091369586256711,0.0996582330391888,0.0815456530715517,-0.2199999999999988,-0.33,0.0273543469284482,1.0,0.02,-0.0399999999999998,0.14073111796307233
2017-07-12,2443.25,10.3,2.33,1.35,,0.0072790630263669,0.0043931413063189,0.1064720744451763,0.0969156065460929,0.0841691693589371,-0.5899999999999999,-0.7699999999999996,0.0188308306410629,0.98,0.0,-0.0599999999999998,0.11699690449907338
2017-07-13,2447.83,9.9,2.35,1.37,,0.00187279755745,0.0156789101123177,0.055865496893234,0.0870834924380083,0.0843079225190564,-0.4000000000000003,-2.639999999999999,0.0146920774809435,0.98,-0.02,-0.0299999999999998,0.11318288388472754
2017-07-14,2459.27,9.51,2.33,1.35,,0.004662640144143,0.0139588094995039,0.0506591797027297,0.0734205088469213,0.08520989757513,-0.3900000000000005,-1.6799999999999995,0.0098901024248699,0.98,-0.06,-0.0499999999999998,0.08582513435345117
2017-07-17,2459.14,9.82,2.31,1.36,,-5.2862612116695394e-05,0.0129786108100017,0.0533389375008798,0.0739044277944565,0.0852321163724399,0.3100000000000005,-1.2899999999999991,0.0129678836275601,0.95,-0.0699999999999998,-0.0399999999999998,0.08746811732138839
2017-07-18,2460.61,9.89,2.27,1.36,,0.0005975913588075,0.014359229474651,0.0485113363540161,0.0738559489723475,0.0801375836344137,0.0700000000000002,-1.0,0.0187624163655862,0.91,-0.1,-0.01,0.09852786928032144
2017-07-19,2473.83,9.79,2.27,1.37,,0.0053582702920709,0.0124384367403549,0.0383752991902258,0.0766427351921754,0.0778504185165642,-0.1000000000000014,-0.5100000000000016,0.0200495814834357,0.8999999999999999,-0.06,0.02,0.0499266600103758
2017-07-20,2473.45,9.58,2.27,1.37,,-0.0001536197671235,0.0104120194157814,0.0428558447863521,0.0477602347026533,0.0777678638177432,-0.209999999999999,-0.3200000000000003,0.0180321361822567,0.8999999999999999,-0.08,0.0,0.05220487008757272
2017-07-21,2472.54,9.36,2.24,1.36,,-0.0003679748686383,0.005381404403,0.0384265344977177,0.0447534176187289,0.07775010481775,-0.2200000000000006,-0.1500000000000003,0.0158498951822499,0.8800000000000001,-0.0899999999999998,0.01,0.05608143964915235
2017-07-24,2469.91,9.43,2.26,1.37,,-0.0010642496123316,0.004370017402785,0.0408906472248721,0.0470648107803677,0.0779565877904634,0.0700000000000002,-0.3900000000000005,0.0163434122095365,0.8899999999999997,-0.0500000000000002,0.01,0.05471202166012422
2017-07-25,2477.13,9.43,2.33,1.4,,0.0029189192431246,0.006691345287102,0.0431599533614742,0.045149376522695,0.078357798595218,0.0,-0.4600000000000008,0.0159422014047819,0.9300000000000002,0.06,0.0399999999999998,0.04851970964286159
2017-07-26,2477.83,9.6,2.29,1.36,,0.0002825451687427,0.0016156201637738,0.0242956573419335,0.0352822442792909,0.0710682995347929,0.1699999999999999,-0.1899999999999995,0.024931700465207,0.93,0.02,-0.01,0.048940561251485375
2017-07-27,2475.42,10.11,2.32,1.36,,-0.0009730985474882,0.000796141383409,0.0259490022414187,0.037073526612083,0.0654889032091141,0.5099999999999998,0.5299999999999994,0.0356110967908858,0.9599999999999996,0.0499999999999998,-0.01,0.057971865709600626
2017-07-28,2472.1,10.29,2.3,1.34,,-0.0013420867417742,-0.0001779704897268,0.0280336027338746,0.0330467233251592,0.0561358242278056,0.1799999999999997,0.9299999999999996,0.0467641757721943,0.9599999999999996,0.0599999999999996,-0.02,0.06167974782956899
2017-07-31,2470.3,10.26,2.3,1.34,,-0.0007283910972737,0.0001578880253311,0.0273502692457468,0.0335450415067793,0.0564621949245473,-0.0299999999999993,0.8300000000000001,0.0461378050754526,0.9599999999999996,0.04,-0.03,0.06598004317471338
2017-08-01,2476.35,10.09,2.26,1.34,,0.0024461011054493,-0.000314930112344,0.0242340849974495,0.0350195259067942,0.0565080521751076,-0.1699999999999999,0.6600000000000001,0.0443919478248924,0.9199999999999996,-0.0700000000000002,-0.0599999999999998,0.0657125289390012
2017-08-02,2477.57,10.28,2.27,1.36,,0.0004925392516085,-0.0001049360294782,0.0244674454759191,0.0231668808581254,0.0565010080931722,0.1899999999999995,0.6799999999999997,0.0462989919068277,0.91,-0.02,0.0,0.06550068039250817
2017-08-03,2472.16,10.44,2.24,1.34,,-0.0021859786914876,-0.0013178161734775,0.0286059896905846,0.0259898006300985,0.0432448930535855,0.1600000000000001,0.33,0.0611551069464144,0.9000000000000001,-0.0799999999999996,-0.02,0.2380269698280157
2017-08-04,2476.83,10.03,2.27,1.36,,0.001887254323046,0.0019115248913425,0.0300841875029235,0.0276361033024322,0.0389368811292019,-0.4100000000000001,-0.2599999999999998,0.061363118870798,0.91,-0.0299999999999998,0.02,0.23699948491601402
2017-08-07,2480.91,9.93,2.26,1.36,,0.0016459116133836,0.0042858276020001,0.0292728665249083,0.0275865443757264,0.0389894640875372,-0.0999999999999996,-0.33,0.0603105359124627,0.8999999999999997,-0.04,0.02,0.2839965765380056
2017-08-08,2474.92,10.96,2.29,1.36,,-0.0024173560904773,-0.0005776295939266,0.0327922254497583,0.0271870532506634,0.0404353500093102,1.0300000000000011,0.870000000000001,0.0691646499906897,0.93,0.0300000000000002,0.02,0.28150346157411527
2017-08-09,2474.02,11.11,2.24,1.33,,-0.0003637142539298,-0.0014338830994648,0.0323524175543262,0.0271330978016801,0.0331606233552567,0.1499999999999985,0.8300000000000001,0.0779393766447432,0.91,-0.0299999999999998,-0.03,0.2823443784139598
2017-08-10,2438.21,16.04,2.2,1.33,,-0.0145801944852269,-0.0138280988932041,0.1084199426857156,0.0776292665676917,0.0629778218253427,4.93,5.6,0.0974221781746572,0.8700000000000001,-0.04,-0.01,0.29519340176130876
2017-08-11,2441.32,15.51,2.19,1.3,,0.0012747131060238,-0.0144406401102265,0.1068395276525558,0.0788932353056546,0.0606144164108082,-0.5299999999999994,5.48,0.0944855835891917,0.8899999999999999,-0.08,-0.06,0.2959393979676775
2017-08-14,2465.84,12.33,2.22,1.33,,0.0099936436037592,-0.006092908119851,0.1403415740307535,0.0971397218070135,0.0709181225644677,-3.18,2.4000000000000004,0.0523818774355322,0.8900000000000001,-0.0399999999999995,-0.03,0.2505042596808839
2017-08-15,2464.61,12.04,2.27,1.35,,-0.0004989402693533,-0.0041744922987269,0.139969558320928,0.0960284982256175,0.0709302829119152,-0.2900000000000009,1.0799999999999983,0.0494697170880848,0.92,-0.02,-0.01,0.29554521087907915
2017-08-16,2468.11,11.74,2.23,1.33,,0.0014190955851406,-0.0023916824596564,0.140916688786832,0.0964018708712531,0.0683755179914995,-0.2999999999999989,0.6300000000000008,0.0490244820085005,0.8999999999999999,-0.0100000000000002,0.0,0.29975923754032274
2017-08-17,2430.01,15.55,2.19,1.32,,-0.01555730298201,-0.0033687909564396,0.1471114945517529,0.1230824072148873,0.0876375098643328,3.810000000000001,-0.4899999999999984,0.0678624901356671,0.8699999999999999,-0.0100000000000002,-0.01,0.17306299943497
2017-08-18,2425.55,14.26,2.19,1.33,,-0.0018370697733361,-0.0064805738357996,0.1461706505018307,0.1214353572239379,0.0876774913120112,-1.290000000000001,-1.25,0.0549225086879887,0.8599999999999999,0.0,0.03,0.17263939541366188
2017-08-21,2428.37,13.19,2.18,1.32,,0.0011619475876316,-0.0153122698519272,0.112844270428486,0.1210418945722184,0.087997697886691,-1.0700000000000005,0.8599999999999994,0.0439023021133089,0.8600000000000001,-0.04,-0.01,0.1718251760070497
2017-08-22,2452.51,11.35,2.22,1.33,,0.0098917395364131,-0.0049215900461607,0.1467363114782808,0.1351978611592577,0.0951470689353642,-1.84,-0.6899999999999995,0.0183529310646357,0.8900000000000001,-0.0499999999999998,-0.02,0.07103110032984554
2017-08-23,2444.04,12.25,2.17,1.32,,-0.003459582133507,-0.0098002677648086,0.1457865905856527,0.1357400000514759,0.0956649684107471,0.9000000000000004,0.5099999999999998,0.0268350315892528,0.8499999999999999,-0.06,-0.01,0.08586092045623163
2017-08-24,2438.97,12.23,2.19,1.33,,-0.0020765887523938,0.0036804464648075,0.0855396095238065,0.1140601686061231,0.0957889196873429,-0.0199999999999995,-3.3200000000000003,0.026511080312657,0.8599999999999999,0.0,0.01,0.12036006900586778
2017-08-25,2443.05,11.28,2.17,1.35,,0.0016714396704077,0.0071889559085516,0.0824615578030429,0.1141985807599156,0.0961350586788224,-0.9500000000000012,-2.9800000000000004,0.0166649413211776,0.8199999999999998,-0.02,0.02,0.1215359607329945
2017-08-28,2444.24,11.32,2.16,1.33,,0.0004869774552017,0.0065139857761216,0.0827425491675864,0.1001806968546906,0.096208799099146,0.0400000000000009,-1.8699999999999992,0.0169912009008539,0.8300000000000001,-0.02,0.01,0.1708456892329283
2017-08-29,2446.3,11.7,2.13,1.33,,0.0008424428066569,-0.0025353109536344,0.0343564259340053,0.100549122047168,0.0957179423321034,0.379999999999999,0.3499999999999996,0.0212820576678965,0.7999999999999998,-0.0900000000000003,0.0,0.17739378516399654
2017-08-30,2457.59,11.22,2.15,1.33,,0.0046045159851196,0.0055287871649922,0.0381821171846065,0.1036918031584091,0.0974437225258756,-0.4799999999999986,-1.0299999999999994,0.0147562774741244,0.8199999999999998,-0.02,0.01,0.16165947892758484
2017-08-31,2471.65,10.59,2.12,1.33,,0.0057047488581956,0.0133101247755817,0.0372750297297106,0.0642586996318985,0.0995338594715136,-0.6300000000000008,-1.6400000000000006,0.0063661405284863,0.79,-0.0699999999999998,0.0,0.13598545360081699
2017-09-01,2476.55,10.13,2.16,1.35,,0.0019805188155972,0.0136192039207713,0.0368193593553057,0.0611594153830108,0.0995579896279648,-0.4599999999999991,-1.1499999999999986,0.0017420103720351,0.81,-0.0099999999999997,0.0,0.2163169315983271
2017-09-05,2457.85,12.23,2.07,1.3,,-0.0075794785683446,0.0055527478972249,0.0831177867024922,0.0782040549449064,0.1028590701204368,2.1,0.91,0.0194409298795631,0.7699999999999998,-0.0900000000000003,-0.03,0.1875051622065956
2017-09-06,2465.54,11.63,2.1,1.3,,0.0031238663821462,0.0078341714727141,0.0842248377626081,0.0630752712367469,0.1033449677234254,-0.5999999999999996,-0.0699999999999985,0.0129550322765745,0.8,-0.0299999999999998,-0.03,0.18122736470789555
2017-09-07,2465.1,11.55,2.05,1.27,,-0.0001784758170006,0.0030511796705937,0.0801008401626871,0.0593022070509805,0.1033429264146761,-0.08,0.33,0.0121570735853238,0.7799999999999998,-0.1,-0.06,0.18204665616445573
2017-09-08,2461.43,12.12,2.06,1.27,,-0.0014898927557054,-0.0041434619433073,0.0663829090137065,0.0585577507666166,0.0885368108650808,0.5699999999999985,1.5299999999999994,0.0326631891349191,0.79,-0.06,-0.06,0.18286582434837179
2017-09-11,2488.11,10.73,2.14,1.32,,0.0107809042508419,0.0046569234919374,0.106887783798084,0.0768452850072634,0.0958088301063472,-1.3899999999999988,0.5999999999999996,0.0114911698936527,0.8200000000000001,-0.02,-0.03,0.06843850388975141
2017-09-12,2496.48,10.58,2.17,1.33,,0.0033583535924836,0.0155947556527658,0.0756655256690603,0.0767945088766087,0.0902339561535479,-0.1500000000000003,-1.6500000000000004,0.015566043846452,0.8399999999999999,0.1,0.03,0.04638899709301318
2017-09-13,2498.37,10.5,2.2,1.35,,0.0007567795189854,0.013227668789605,0.0774996905638201,0.0768354407735897,0.090137938893081,-0.08,-1.1300000000000008,0.0148620611069189,0.8500000000000001,0.1,0.05,0.045923233747865576
2017-09-14,2495.62,10.44,2.2,1.37,,-0.0011013239025146,0.0123048207040911,0.079859237016836,0.076979392704667,0.0903077636719918,-0.0600000000000005,-1.1100000000000012,0.0140922363280081,0.8300000000000001,0.1500000000000003,0.1,0.06440850152794911
2017-09-15,2500.23,10.17,2.2,1.39,,0.0018455323152087,0.0156402457750053,0.0726484659237904,0.0734855368506966,0.06733421389751,-0.2699999999999996,-1.9499999999999995,0.03436578610249,0.8100000000000003,0.1400000000000001,0.1199999999999998,0.05827385575421518
2017-09-18,2503.87,10.15,2.23,1.4,,0.0014548073147994,0.0063141488389628,0.0258575793840745,0.0733664017282203,0.0662241836064738,-0.0199999999999995,-0.5800000000000001,0.0352758163935261,0.8300000000000001,0.0899999999999998,0.0799999999999998,0.06410529796063033
2017-09-19,2506.65,10.18,2.24,1.4,,0.0011096653781502,0.0040654606246293,0.0181585335224174,0.0553471041927965,0.0662289146961302,0.0299999999999993,-0.4000000000000003,0.0355710853038697,0.8400000000000003,0.0700000000000002,0.0699999999999998,0.06164817086049418
2017-09-20,2508.24,9.78,2.28,1.45,,0.0006341116368564,0.0039427927425002,0.0182033267667031,0.0552999070085088,0.0585369455465015,-0.4000000000000003,-0.7200000000000006,0.0392630544534984,0.8299999999999998,0.0799999999999996,0.0999999999999998,0.08881199177100904
2017-09-21,2500.6,9.67,2.27,1.45,,-0.0030506088934585,0.0019935077515562,0.0314171998355918,0.0597564471043098,0.058128839792134,-0.1099999999999994,-0.7699999999999996,0.0385711602078659,0.8200000000000001,0.0699999999999998,0.0799999999999998,0.07686114723872735
2017-09-22,2502.22,9.59,2.26,1.46,,0.0006476347566463,0.000795610192994,0.0289997383060251,0.0577622430233268,0.0569187698080712,-0.08,-0.5800000000000001,0.0389812301919287,0.7999999999999998,0.0599999999999996,0.07,0.09616935668331397
2017-09-25,2496.66,10.21,2.22,1.44,,-0.0022244992049246,-0.0028836963267301,0.0303742395772291,0.0307259650050688,0.0582284565885554,0.620000000000001,0.0600000000000005,0.0438715434114445,0.7800000000000002,-0.0099999999999997,0.04,0.10848471731180814
2017-09-26,2496.84,10.17,2.24,1.45,,7.209372186979258e-05,-0.0039212679830105,0.0275024058205725,0.0257162120838838,0.0583035765305042,-0.0400000000000009,-0.0099999999999997,0.0433964234694958,0.7900000000000003,0.0,0.05,0.11375226231498438
2017-09-27,2507.04,9.87,2.31,1.47,,0.0040768420216074,-0.0004785375982595,0.0443734953868679,0.0328195173551832,0.0592626429459038,-0.3000000000000007,0.0899999999999998,0.0394373570540961,0.8400000000000001,0.0300000000000002,0.02,0.09561587790890456
2017-09-28,2510.06,9.55,2.31,1.45,,0.0012038828664962,0.0037759541616951,0.0360175003691258,0.0320021985643425,0.0579053993460353,-0.3199999999999985,-0.1199999999999992,0.0375946006539646,0.8600000000000001,0.04,0.0,0.12948845981708285
2017-09-29,2519.36,9.51,2.33,1.47,,0.003698243773508,0.0068265631785567,0.0415325358526573,0.035245692804331,0.0561813818784988,-0.0400000000000009,-0.08,0.0389186181215011,0.8600000000000001,0.0700000000000002,0.01,0.11666810967598745
2017-10-02,2529.12,9.45,2.34,1.49,,0.0038665151329828,0.0129175775164642,0.0289784312980035,0.0385015411946302,0.0570300221560806,-0.0600000000000005,-0.7600000000000016,0.0374699778439193,0.8499999999999999,0.1199999999999996,0.05,0.10327641862770763
2017-10-03,2534.58,9.51,2.33,1.47,,0.0021565266962995,0.0150020104908942,0.0199783452507019,0.038938621527514,0.0470962712598014,0.0600000000000005,-0.6600000000000001,0.0480037287401985,0.8600000000000001,0.0899999999999998,0.02,0.1041640189180023
2017-10-04,2537.74,9.63,2.33,1.47,,0.0012459783329185,0.0121711468022052,0.0204713254239743,0.0388511330003828,0.0467273721023824,0.120000000000001,-0.2399999999999984,0.0495726278976176,0.8600000000000001,0.02,0.0,0.10619358136297737
2017-10-05,2552.07,9.19,2.35,1.49,,0.0056308733972806,0.0165981373329898,0.0268428473452033,0.0368394208453131,0.0485673221224209,-0.4400000000000013,-0.3600000000000012,0.043332677877579,0.8600000000000001,0.04,0.04,0.06328621714715457
2017-10-06,2549.33,9.65,2.37,1.54,,-0.0010742150246923,0.0118256785347894,0.0405067139676761,0.0395709752396284,0.0482225897126188,0.4600000000000008,0.1400000000000005,0.0482774102873811,0.8300000000000001,0.04,0.07,0.06251795244611993
2017-10-09,2544.73,10.33,2.37,1.54,,-0.0018060255475314,0.006153137854275,0.0467916096370348,0.038398364373506,0.0361639966128334,0.6799999999999997,0.8800000000000008,0.0671360033871665,0.8300000000000001,0.0300000000000002,0.05,0.06210968788467348
2017-10-10,2550.64,10.08,2.35,1.51,,0.0023197540709582,0.006316365228934,0.0470089373523905,0.037024011438476,0.0354950469845178,-0.25,0.5700000000000003,0.0653049530154821,0.8400000000000001,0.02,0.04,0.05114123917511382
2017-10-11,2555.24,9.85,2.35,1.51,,0.0018018446358107,0.0068722315318261,0.0471614444881982,0.0354035251226416,0.0355652899940081,-0.2300000000000004,0.2199999999999988,0.0629347100059918,0.8400000000000001,0.02,0.04,0.044000576012053635
2017-10-12,2550.93,9.91,2.33,1.51,,-0.0016881541443298,-0.0004467960097844,0.0316033388125737,0.0397192755861868,0.0361094281225622,0.0600000000000005,0.7200000000000006,0.0629905718774378,0.8200000000000001,-0.02,0.02,0.03528428995629465
2017-10-13,2553.17,9.61,2.28,1.51,,0.0008777258062376,0.0015051448211455,0.0307990062625867,0.0380666502327405,0.0360062683996674,-0.3000000000000007,-0.0400000000000009,0.0600937316003325,0.7699999999999998,-0.0900000000000003,-0.03,0.0872654460550925
2017-10-16,2557.64,9.91,2.3,1.54,,0.0017492339334793,0.0050604043021563,0.0253327143600285,0.0355197833386272,0.036065545086264,0.3000000000000007,-0.4199999999999999,0.0630344549137359,0.7599999999999998,-0.0700000000000002,0.0,0.10409982016321122
2017-10-17,2559.36,10.31,2.3,1.54,,0.0006722689328822,0.0034129191640799,0.0225186937701258,0.0350874510909731,0.036091347823468,0.4000000000000003,0.2300000000000004,0.0670086521765319,0.7599999999999998,-0.0500000000000002,0.03,0.10668406461091541
2017-10-18,2561.26,10.07,2.34,1.59,,0.000742097670671,0.0023531721989403,0.0203529159565657,0.03506882748,0.0360772535583746,-0.2400000000000002,0.2200000000000006,0.0646227464416253,0.7499999999999998,-0.0100000000000002,0.08,0.1294136223121758
2017-10-19,2562.1,10.05,2.33,1.58,,0.0003279098121258,0.0043692361553958,0.0084088316490203,0.0232436631120067,0.0328368962187574,-0.0199999999999995,0.1400000000000005,0.0676631037812425,0.75,0.0,0.07,0.13087142271873994
2017-10-20,2575.21,9.97,2.39,1.6,,0.0051038494694015,0.0085953598185598,0.0311917275511652,0.0315398223856002,0.03551654033181,-0.08,0.3600000000000012,0.0641834596681899,0.79,0.1100000000000003,0.09,0.16387435433863093
2017-10-23,2564.98,11.07,2.38,1.58,,-0.0039804028670812,0.0028657230179991,0.0510462270639378,0.0381680987080734,0.03835161873304,1.0999999999999996,1.16,0.0723483812669599,0.7999999999999998,0.08,0.04,0.15949544061138896
2017-10-24,2569.13,11.16,2.42,1.6,,0.0016166388736675,0.0038100929587845,0.0515990370569925,0.037538401082197,0.0380598833373244,0.0899999999999998,0.8499999999999996,0.0735401166626755,0.8199999999999998,0.1200000000000001,0.06,0.15812897676155535
2017-10-25,2557.15,11.23,2.44,1.61,,-0.0046739631114622,-0.0016059678233487,0.0644552118808435,0.0455459070084524,0.0424068036336954,0.0700000000000002,1.16,0.0698931963663045,0.8299999999999998,0.1,0.02,0.14190604673668708
2017-10-26,2560.4,11.3,2.46,1.63,,0.001270139202127,-0.0006637384333473,0.0653932825861141,0.0447540146247256,0.0424118974073838,0.0700000000000002,1.25,0.0705881025926161,0.8300000000000001,0.1299999999999999,0.0499999999999998,0.140498678845429
2017-10-27,2581.07,9.8,2.42,1.59,,0.0080405453538159,0.0022729574510668,0.0815389794775417,0.0591546278965482,0.0484558748543588,-1.5,-0.1699999999999999,0.0495441251456411,0.8299999999999998,0.0299999999999998,-0.01,0.07653547877201135
2017-10-30,2572.83,10.5,2.37,1.58,,-0.0031975812572382,0.00305577906091,0.0790065996896764,0.062709161677539,0.0497888792125517,0.6999999999999993,-0.5700000000000003,0.0552111207874482,0.79,-0.0099999999999997,0.0,0.0607279561909843
2017-10-31,2575.26,10.18,2.38,1.6,,0.0009440395099815,0.002383179697224,0.0786106293703437,0.0627337194050584,0.0495545321871932,-0.3200000000000003,-0.9800000000000004,0.0522454678128067,0.7799999999999998,-0.04,0.0,0.05892633667910431
2017-11-01,2579.36,10.2,2.37,1.61,,0.0015908062532808,0.008647949061967,0.0639688598896464,0.0629246077516709,0.049611134520245,0.0199999999999995,-1.0300000000000011,0.0523888654797549,0.76,-0.0699999999999998,0.0,0.05795717724323945
2017-11-02,2579.85,9.93,2.35,1.61,,0.0001899515629225,0.0075677614227626,0.0649103606994634,0.0629515127336482,0.046249016723362,-0.2699999999999996,-1.370000000000001,0.0530509832766379,0.74,-0.1099999999999998,-0.0199999999999997,0.08324559621100248
2017-11-03,2587.84,9.14,2.34,1.63,,0.0030922932168462,0.0026195092857932,0.0371208948382988,0.0597302180226769,0.0466813905056134,-0.7899999999999991,-0.6600000000000001,0.0447186094943865,0.71,-0.08,0.0399999999999998,0.06872669427154815
2017-11-06,2591.13,9.4,2.32,1.61,,0.0012705230741123,0.0070876136171438,0.0170005707045674,0.0542974239008546,0.045714831728153,0.2599999999999998,-1.0999999999999996,0.0482851682718469,0.7099999999999997,-0.0500000000000002,0.03,0.06752884530599841
2017-11-07,2590.64,9.89,2.32,1.63,,-0.0001891245661079,0.0059544495410541,0.0205265529244233,0.0544928962760168,0.0455510815526838,0.4900000000000002,-0.2899999999999991,0.0533489184473161,0.69,-0.06,0.0299999999999998,0.0768016819342285
2017-11-08,2594.38,9.78,2.32,1.65,,0.0014426176364311,0.0058062609242043,0.0203710335503586,0.045007988178725,0.0454617543375205,-0.1100000000000012,-0.4199999999999999,0.0523382456624794,0.6699999999999999,-0.0500000000000002,0.0399999999999998,0.11450380976060899
2017-11-09,2584.62,10.5,2.33,1.63,,-0.0037690718494426,0.0018472375118391,0.0411030718216355,0.0521066475620329,0.0475023327949426,0.7200000000000006,0.5700000000000003,0.0574976672050573,0.7000000000000002,-0.02,0.0199999999999997,0.16224079884774484
2017-11-10,2582.3,11.29,2.4,1.67,,-0.0008980205445067,-0.002143076249514,0.0335107542611656,0.0342787882382048,0.0478096212359155,0.7899999999999991,2.1499999999999986,0.0650903787640844,0.73,0.06,0.04,0.1669168805921143
2017-11-13,2584.84,11.5,2.4,1.7,,0.0009831358177202,-0.0024304635059061,0.0326436228249223,0.0292526648797435,0.04763543485911,0.2100000000000008,2.1,0.06736456514089,0.7,0.08,0.0899999999999998,0.16741355340630293
2017-11-14,2578.87,11.59,2.38,1.68,,-0.0023122919993494,-0.0045536309391475,0.0348332685429339,0.0321823998223127,0.0486828780223747,0.0899999999999998,1.6999999999999993,0.0672171219776253,0.7,0.06,0.05,0.19336971973897887
2017-11-15,2564.62,13.13,2.33,1.68,,-0.0055409989946132,-0.0115372475701918,0.0400077340719918,0.0416899705547443,0.0529814828020313,1.540000000000001,3.3500000000000014,0.0783185171979686,0.6500000000000001,0.0100000000000002,0.03,0.17261731674137082
2017-11-16,2585.64,11.76,2.37,1.72,,0.0081627400224411,0.000394564301692,0.081108307972968,0.0606678196593067,0.0602910367512669,-1.370000000000001,1.2599999999999998,0.057308963248733,0.6500000000000001,0.04,0.09,0.11861327496014577
2017-11-17,2578.85,11.43,2.35,1.73,,-0.0026294963926015,-0.0013369115464027,0.0833234112801804,0.0598882511132123,0.0586119930397329,-0.33,0.1400000000000005,0.055688006960267,0.6200000000000001,-0.0499999999999998,0.06,0.1111932587254877
2017-11-20,2582.14,10.65,2.37,1.77,,0.0012749493588078,-0.0010450980053152,0.0836245321065441,0.05989160459759,0.0567329512523965,-0.7799999999999994,-0.8499999999999996,0.0497670487476034,0.6000000000000001,-0.0299999999999998,0.07,0.1901520834995071
2017-11-21,2599.03,9.73,2.36,1.77,,0.0065197860056391,0.0077869799996733,0.0926495288886567,0.0691430821613566,0.0607325674867687,-0.92,-1.8599999999999997,0.0365674325132312,0.5899999999999999,-0.02,0.09,0.15962539452307917
2017-11-22,2597.08,9.88,2.32,1.74,,-0.0007505615129562,0.0125774174813302,0.0738645550007031,0.0690254343315207,0.0577559592720493,0.1500000000000003,-3.25,0.0410440407279506,0.5799999999999998,-0.0100000000000002,0.06,0.20520218670965792
2017-11-24,2602.42,9.67,2.34,1.75,,0.0020540443802283,0.0064687218391175,0.0546812425340829,0.06600012411767,0.0579119629194127,-0.2100000000000008,-2.09,0.0387880370805872,0.5899999999999999,-0.0300000000000002,0.03,0.20513326611306973
2017-11-27,2601.42,9.87,2.32,1.74,,-0.0003843315752633,0.0087138866564557,0.0461978815116315,0.0657045642046298,0.0513138464862583,0.1999999999999993,-1.5600000000000005,0.0473861535137416,0.5799999999999998,-0.0300000000000002,0.01,0.2057223714952737
2017-11-28,2627.04,10.03,2.34,1.75,,0.0098002872957213,0.0172392245933693,0.072765711850329,0.0799836228913227,0.0593628308353524,0.1600000000000001,-0.620000000000001,0.0409371691646476,0.5899999999999999,-0.0300000000000002,-0.02,0.1471571183525249
2017-11-29,2626.07,10.7,2.37,1.78,,-0.0003693050444495,0.0103501335432807,0.070853992923329,0.0778762921557125,0.0595744198926911,0.6699999999999999,0.9699999999999988,0.0474255801073088,0.5900000000000001,0.0100000000000002,0.01,0.14705144857381494
2017-11-30,2647.58,11.28,2.42,1.78,,0.008157583185788,0.019258278242025,0.0765106542837741,0.0717744810037568,0.0648027325525786,0.5800000000000001,1.3999999999999986,0.0479972674474213,0.6399999999999999,0.1,0.04,0.08375594601056094
2017-12-01,2642.22,11.43,2.37,1.78,,-0.0020265423397495,0.0151776915220468,0.087277425405027,0.0701909080339289,0.0657789447903627,0.1500000000000003,1.7599999999999998,0.0485210552096372,0.5900000000000001,0.0300000000000002,0.03,0.11652783929422922
2017-12-04,2639.44,11.68,2.37,1.8,,-0.0010526994379521,0.0145093236593581,0.0890385622803666,0.0675728692974777,0.0658382481720032,0.25,1.8100000000000005,0.0509617518279967,0.5700000000000001,0.0500000000000002,0.06,0.1259955251340364
2017-12-05,2629.57,11.33,2.36,1.83,,-0.0037464387216745,0.000962597641962,0.0734991787932284,0.0741350964698316,0.0679272073393697,-0.3499999999999996,1.3000000000000007,0.0453727926606302,0.5299999999999998,0.02,0.08,0.11376057636420125
2017-12-06,2629.27,11.02,2.33,1.78,,-0.0001140936025152,0.0012178090838965,0.0733985394197849,0.069707483441195,0.0679141703666812,-0.3100000000000005,0.3200000000000003,0.0422858296333187,0.55,-0.04,0.0,0.11399378774199981
2017-12-07,2636.98,10.16,2.37,1.8,,0.0029280818451754,-0.0040116922567159,0.0393825382755148,0.0693341703799821,0.0683214539585103,-0.8599999999999994,-1.1199999999999992,0.0332785460414896,0.5700000000000001,-0.0499999999999998,0.02,0.12258521211967904
2017-12-08,2651.5,9.58,2.38,1.8,,0.0054911946288446,0.0035060447118782,0.0569192474359266,0.0721584120031865,0.0679884609274612,-0.5800000000000001,-1.85,0.0278115390725387,0.5799999999999998,0.0099999999999997,0.02,0.16596256836797865
2017-12-11,2659.99,9.34,2.39,1.82,,0.0031968457929972,0.0077555899428275,0.0566642610372558,0.0712618502964632,0.0678042339009641,-0.2400000000000002,-2.34,0.0255957660990358,0.5700000000000001,0.02,0.02,0.17937974807807805
2017-12-12,2664.11,9.92,2.4,1.83,,0.0015476797289272,0.0130497083934293,0.03300987095316,0.0573960889702352,0.0677787417902612,0.5800000000000001,-1.41,0.0314212582097387,0.5699999999999998,0.04,0.0,0.1849636707892521
2017-12-13,2662.85,10.18,2.36,1.79,,-0.0004730653218714,0.0126907366740731,0.0349192706764577,0.0574880002115103,0.0667089441377985,0.2599999999999998,-0.8399999999999999,0.0350910558622014,0.5699999999999998,0.0299999999999998,0.01,0.18527826232365463
2017-12-14,2652.01,10.49,2.35,1.82,,-0.0040791347395288,0.0056835200893686,0.0578772261772096,0.0494095790457906,0.0648074744279172,0.3100000000000005,0.33,0.0400925255720828,0.53,-0.02,0.02,0.1764270922075088
2017-12-15,2675.81,9.42,2.35,1.84,,0.0089342951949163,0.0091266206554406,0.076396164478404,0.0642052167540887,0.0658808259335708,-1.0700000000000005,-0.1600000000000001,0.0283191740664291,0.51,-0.0299999999999998,0.04,0.10518741787537579
2017-12-18,2690.16,9.53,2.39,1.84,,0.0053485331483242,0.0112783080107677,0.0802592710355535,0.0657624316404627,0.0649851177225682,0.1099999999999994,0.1899999999999995,0.0303148822774318,0.55,0.0,0.02,0.06432775697090735
2017-12-19,2681.47,10.03,2.46,1.87,,-0.0032355197885935,0.0064951084932467,0.0895619383738809,0.0645726391961295,0.0676731580732309,0.5,0.1099999999999994,0.032626841926769,0.5899999999999999,0.06,0.04,0.04071218645116687
2017-12-20,2679.25,9.72,2.49,1.87,,-0.0008282469992495,0.0061399268158686,0.0900389081785489,0.0653085430596453,0.0660078404589644,-0.3099999999999987,-0.4599999999999991,0.0311921595410355,0.6200000000000001,0.1300000000000003,0.08,0.04827734255063711
2017-12-21,2684.57,9.62,2.48,1.89,,0.0019836615488507,0.0122027231042483,0.0768466553052018,0.0650570067680626,0.065471796243371,-0.1000000000000014,-0.870000000000001,0.0307282037566289,0.5900000000000001,0.1299999999999999,0.0699999999999998,0.09024648263217215
2017-12-22,2683.34,9.9,2.48,1.91,,-0.0004582789284942,0.0028101489808375,0.0516391015598792,0.0623763736887046,0.0658756433667054,0.2800000000000011,0.4800000000000004,0.0331243566332945,0.5700000000000001,0.1299999999999999,0.0699999999999998,0.15913123048063846
2017-12-26,2680.5,10.25,2.47,1.92,,-0.0010589429458703,-0.0035973271133571,0.0295205263077209,0.0622079113897676,0.0661786210103924,0.3499999999999996,0.7200000000000006,0.0363213789896075,0.5500000000000003,0.08,0.0799999999999998,0.18786334842298474
2017-12-27,2682.62,10.47,2.42,1.89,,0.0007905846262701,0.0004287773015064,0.0202991138164366,0.0620581705034349,0.0584640437573712,0.2200000000000006,0.4400000000000013,0.0462359562426287,0.53,-0.04,0.0199999999999997,0.19801187689147257
2017-12-28,2687.54,10.18,2.43,1.91,,0.0018323481522244,0.0030893724529806,0.0215039124767367,0.0619248659224106,0.0582787828465988,-0.2900000000000009,0.4599999999999991,0.0435212171534011,0.5200000000000002,-0.06,0.0399999999999998,0.22526210139218789
2017-12-29,2673.61,11.04,2.4,1.89,,-0.0051966579366681,-0.0040909470325384,0.0427227717595617,0.0646467009849432,0.0562452716175577,0.8599999999999994,1.42,0.0541547283824422,0.51,-0.08,0.0,0.21126497638786607
2018-01-02,2695.81,9.77,2.46,1.92,,0.0082690966618669,0.0046364285578228,0.0778449202546064,0.06235183608112,0.0617420079114937,-1.2699999999999996,-0.1300000000000007,0.0359579920885062,0.54,-0.02,0.01,0.16681987889921326
2018-01-03,2713.06,9.15,2.44,1.94,,0.0063784333821309,0.0120738048858242,0.0835845212253446,0.0646529718976982,0.0640504417328697,-0.6199999999999992,-1.0999999999999996,0.0274495582671302,0.5,-0.0300000000000002,0.02,0.13374779034081322
2018-01-04,2723.99,9.22,2.46,1.96,,0.0040205680372948,0.0153037882968489,0.0827718614685146,0.0620294215890005,0.0617032767846631,0.0700000000000002,-1.25,0.0304967232153368,0.5,0.04,0.07,0.16184765428486042
2018-01-05,2743.15,9.22,2.47,1.96,,0.0070091779035817,0.0204806180482063,0.0860268072398728,0.0658904780941497,0.0639670389954194,0.0,-0.9599999999999992,0.0282329610045805,0.5100000000000002,0.04,0.05,0.15880092494028192
2018-01-08,2747.71,9.52,2.49,1.96,,0.0016609423836402,0.0273382183685145,0.0417283770248457,0.0659615545741264,0.0639128514997121,0.2999999999999989,-1.5199999999999996,0.0312871485002878,0.5300000000000002,0.0900000000000003,0.07,0.1663247004302916
2018-01-09,2751.29,10.08,2.55,1.98,,0.0013020551030292,0.0203711768096766,0.0415741380775,0.0644567350929397,0.062644365163965,0.5600000000000005,0.3100000000000005,0.0381556348360349,0.5699999999999998,0.0899999999999998,0.06,0.22218464755179054
2018-01-10,2748.23,9.82,2.55,1.98,,-0.0011128245067883,0.0128799189207575,0.0488044540135013,0.064540567036042,0.063277568011329,-0.2599999999999998,0.6699999999999999,0.0349224319886709,0.5699999999999998,0.1099999999999998,0.04,0.2229650374716455
2018-01-11,2767.56,9.88,2.54,1.98,,0.0070089974904075,0.01586834837387,0.0581027482132743,0.067426069431821,0.0660884339495494,0.0600000000000005,0.6600000000000001,0.0327115660504506,0.56,0.08,0.02,0.20532534081100065
2018-01-12,2786.24,10.16,2.55,1.99,,0.006726951075669,0.0155861215459574,0.0569521809189145,0.0692662684626773,0.0675775079589032,0.2799999999999993,0.9399999999999996,0.0340224920410967,0.5599999999999998,0.0799999999999996,0.03,0.21684554677036358
2018-01-16,2776.42,11.66,2.54,2.03,,-0.0035306886277954,0.0103944905345219,0.0745292159596228,0.0636117666684466,0.0669194767498154,1.5,2.140000000000001,0.0496805232501845,0.5100000000000002,0.0499999999999998,0.0699999999999998,0.21229575962252134
2018-01-17,2802.56,11.91,2.57,2.05,,0.0093709571605236,0.0184633925920162,0.089700634837448,0.065988357838642,0.0675096599382519,0.25,1.83,0.051590340061748,0.52,0.02,0.0699999999999998,0.15172089673312836
2018-01-18,2798.03,12.22,2.62,2.05,,-0.001617687060786,0.0179585300380186,0.0914589584977341,0.0696311145444893,0.0678842737033756,0.3100000000000005,2.4000000000000004,0.0543157262966243,0.5700000000000003,0.0700000000000002,0.0699999999999998,0.14983735241813875
2018-01-19,2810.3,11.27,2.64,2.06,,0.0043756410828246,0.0153251736304359,0.0870653545623666,0.0697874998659271,0.0654833917479351,-0.9500000000000012,1.3899999999999988,0.0472166082520648,0.5800000000000001,0.1,0.08,0.22922946545278533
2018-01-22,2832.97,11.03,2.66,2.08,,0.0080343920983147,0.0166326146530813,0.0909383583755557,0.0715549062429942,0.0673159977487619,-0.2400000000000002,0.8699999999999992,0.042984002251238,0.5800000000000001,0.1100000000000003,0.09,0.21857938008817687
2018-01-23,2839.13,11.1,2.63,2.06,,0.0021720359026722,0.0223353391835489,0.0705807583214375,0.071288228217807,0.0672894070759973,0.0700000000000002,-0.5600000000000005,0.0437105929240026,0.5699999999999998,0.0899999999999998,0.0300000000000002,0.2772201853956372
2018-01-24,2837.54,11.47,2.65,2.08,,-0.0005601875894072,0.0124041944336182,0.0617747580172025,0.0733140037463158,0.0673557721704331,0.370000000000001,-0.4399999999999995,0.0473442278295669,0.5699999999999998,0.08,0.0300000000000002,0.27718615656943296
2018-01-25,2839.25,11.58,2.63,2.08,,0.0006024531651585,0.0146243346595628,0.0540188057583633,0.0710330398105209,0.0663459694590527,0.1099999999999994,-0.6400000000000006,0.0494540305409472,0.5499999999999998,0.0099999999999997,0.0300000000000002,0.27721220440083005
2018-01-26,2872.87,11.08,2.66,2.13,,0.0117715973149945,0.0220202908917328,0.0838265023718047,0.0813487783541643,0.0728933153082215,-0.5,-0.1899999999999995,0.0379066846917784,0.5300000000000002,0.02,0.0699999999999998,0.3971502691166935
2018-01-29,2853.53,13.84,2.7,2.11,,-0.006754705760662,0.0072311930327562,0.1062326711807767,0.0945445264640193,0.081274271313624,2.76,2.8100000000000005,0.0571257286863759,0.5900000000000003,0.04,0.0299999999999998,0.7664412269924376
2018-01-30,2822.43,14.79,2.73,2.13,,-0.0109586083184055,-0.0058994511883215,0.1370190986367347,0.1130943719529381,0.0909730822400413,0.9499999999999992,3.69,0.0569269177599586,0.6000000000000001,0.1,0.0699999999999998,0.7953038804668406
2018-01-31,2823.81,13.54,2.72,2.14,,0.000488820888761,-0.0048504427101534,0.1375194667599071,0.104569756058244,0.0888323801973742,-1.25,2.0699999999999985,0.0465676198026257,0.5800000000000001,0.0700000000000002,0.06,0.7992394788322064
2018-02-01,2821.98,13.47,2.78,2.16,,-0.0006482706810167,-0.0061011665563287,0.1369037115165487,0.1040657909992215,0.0880723604689112,-0.0699999999999985,1.8900000000000008,0.0466276395310887,0.6199999999999997,0.1499999999999999,0.08,1.0037652873655964
2018-02-02,2762.13,17.31,2.84,2.15,,-0.0214366450113166,-0.03930940888264,0.141287617180039,0.1500895515456113,0.1205670056083041,3.839999999999998,6.229999999999999,0.0525329943916957,0.69,0.1799999999999997,0.02,0.9732074056506959
2018-02-05,2648.94,37.32,2.77,2.08,,-0.0418425612451821,-0.0743972643671601,0.2777006148668439,0.240722250077934,0.1908513116776946,20.01,23.48,0.1823486883223053,0.69,0.0699999999999998,-0.0299999999999998,0.7443466885828594
2018-02-06,2695.14,29.98,2.79,2.1,,0.0172905910868639,-0.0461480649618904,0.3623445217398015,0.266894466503931,0.2022753086225745,-7.34,15.19,0.0975246913774255,0.69,0.06,-0.0299999999999998,0.6931298421515395
2018-02-07,2681.66,27.73,2.84,2.15,,-0.0050141453066676,-0.0516510311573191,0.3550792735205106,0.2656578862785652,0.2025783469598494,-2.25,14.19,0.0747216530401505,0.69,0.1199999999999996,0.0099999999999997,0.7202498458647328
2018-02-08,2581.0,33.46,2.85,2.13,,-0.0382590850205107,-0.089261845496813,0.3892216040447569,0.3082603401670495,0.241366180373994,5.73,19.99,0.0932338196260059,0.7200000000000002,0.0700000000000002,-0.0300000000000002,0.43146471082104587
2018-02-09,2619.55,29.06,2.83,2.05,,0.0148256265596341,-0.0529995739258622,0.4487653425406988,0.3144895499646803,0.2472481367041017,-4.400000000000002,11.75,0.0433518632958982,0.7800000000000002,-0.0099999999999997,-0.1,0.36167323911146737
2018-02-12,2656.0,25.61,2.86,2.09,,0.0138186843180763,0.0026616716373963,0.3720534014797611,0.3352950718029024,0.2520868235424094,-3.4499999999999997,-11.71,0.0040131764575905,0.77,0.0899999999999998,0.0099999999999997,0.30221822106048857
2018-02-13,2662.94,24.97,2.83,2.1,,0.0026095439836837,-0.0120193754657839,0.3439287435636229,0.3379142350087233,0.2526610562965638,-0.6400000000000006,-5.010000000000002,-0.0029610562965638,0.73,0.04,0.0,0.3118897919737567
2018-02-14,2698.63,19.26,2.91,2.17,,0.0133134612303035,0.0063082310711872,0.3594280992055642,0.3505128232076455,0.2554049444635162,-5.709999999999997,-8.469999999999999,-0.0628049444635162,0.7400000000000002,0.0700000000000002,0.02,0.2298854461070977
2018-02-15,2731.2,19.13,2.9,2.19,,0.0119968362298641,0.0565641523215622,0.0789094876423368,0.3600562058749628,0.2601255618578632,-0.1300000000000025,-14.330000000000002,-0.0688255618578631,0.71,0.0499999999999998,0.06,0.2833664691404712
2018-02-16,2732.22,19.46,2.87,2.21,,0.0003733924947562,0.0421119182566843,0.1017687126070643,0.3455997929436564,0.2593728412884615,0.3300000000000018,-9.599999999999998,-0.0647728412884615,0.6600000000000001,0.04,0.1600000000000001,0.3386583201024758
2018-02-20,2716.26,20.6,2.88,2.25,,-0.0058585314248203,0.0224347025137875,0.1284218954716331,0.2644735190393938,0.2573444054255673,1.1400000000000006,-5.009999999999998,-0.0513444054255672,0.6299999999999999,0.02,0.1600000000000001,0.38373476118707167
2018-02-21,2701.33,20.02,2.94,2.26,,-0.0055116898090027,0.0143134687211009,0.1474360224310923,0.2533271043640084,0.2570964835236095,-0.5800000000000018,-4.949999999999999,-0.0568964835236095,0.6800000000000002,0.1099999999999998,0.1599999999999997,0.4134854080061638
2018-02-22,2703.96,18.72,2.92,2.25,,0.0009731208529212,0.0019731283437185,0.1147291367358754,0.2516344173097398,0.2573064738074475,-1.3000000000000007,-0.5400000000000027,-0.0701064738074475,0.6699999999999999,0.0099999999999997,0.08,0.4648382995533302
2018-02-23,2747.3,16.49,2.88,2.25,,0.0159012460255847,0.0058775381394391,0.1401387392214214,0.1367091161248814,0.2652896789977876,-2.2300000000000004,-2.640000000000001,-0.1003896789977876,0.6299999999999999,-0.02,0.06,0.3985040464892075
2018-02-26,2779.6,15.8,2.86,2.22,,0.011688421260557,0.0171925669052398,0.1579493638736465,0.1320218989679485,0.2652340416191608,-0.6899999999999977,-3.66,-0.1072340416191608,0.6399999999999997,-0.0100000000000002,0.0100000000000002,0.3933349830699476
2018-02-27,2744.28,18.59,2.9,2.27,,-0.0127882869838797,0.0102628113461803,0.1883772624205512,0.1533500749143656,0.2676280141440406,2.789999999999999,-2.0100000000000016,-0.0817280141440405,0.6299999999999999,0.02,0.02,0.33948545325640644
2018-02-28,2713.83,19.85,2.87,2.25,,-0.0111578241957695,0.0046166769594137,0.2060921952938704,0.169710536077439,0.2677178544829125,1.2600000000000016,-0.1699999999999981,-0.0692178544829125,0.6200000000000001,-0.0699999999999998,-0.0099999999999997,0.2897173503662198
2018-03-01,2677.67,22.47,2.81,2.22,,-0.0134139078906627,-0.0097703517841702,0.2298170316375165,0.1723658532792996,0.2705632415215702,2.619999999999997,3.75,-0.0458632415215702,0.5899999999999999,-0.1099999999999998,-0.0299999999999998,0.20878314952523666
2018-03-02,2691.25,19.59,2.86,2.25,,0.0050587563087125,-0.0206128415010424,0.1853314986969434,0.1611177540184055,0.2718803893630221,-2.879999999999999,3.1000000000000014,-0.0759803893630221,0.6099999999999999,-0.02,0.0,0.33458809979845133
2018-03-05,2720.94,18.73,2.88,2.24,,0.0109716391449045,-0.0213296236166949,0.181509493958093,0.1728745732469314,0.266013227214589,-0.8599999999999994,2.93,-0.078713227214589,0.6399999999999997,0.02,0.02,0.2863978743662094
2018-03-06,2728.12,18.36,2.88,2.25,,0.0026353184422145,-0.0059060181906006,0.1684431417489122,0.170627730721877,0.2172750165658121,-0.370000000000001,-0.2300000000000004,-0.0336750165658121,0.6299999999999999,-0.02,-0.02,0.30090490038450735
2018-03-07,2726.8,17.76,2.89,2.25,,-0.0004839667770615,0.0047678392281072,0.1438666358486287,0.1675599339893335,0.2091199647120702,-0.5999999999999979,-2.09,-0.0315199647120702,0.6400000000000001,0.02,0.0,0.3143091693019649
2018-03-08,2738.97,16.54,2.86,2.25,,0.0044531768119452,0.0226349239307152,0.0666492283257553,0.1684882186455536,0.2084577594148797,-1.2200000000000024,-5.93,-0.0430577594148797,0.6099999999999999,0.0499999999999998,0.0299999999999998,0.3065079242953029
2018-03-09,2786.57,14.64,2.9,2.27,,0.0172295115131698,0.0348056791351725,0.1127972266987154,0.1718133574758999,0.1561401365875276,-1.8999999999999984,-4.949999999999999,-0.0097401365875275,0.6299999999999999,0.04,0.02,0.14095883431962763
2018-03-12,2783.02,15.78,2.87,2.27,,-0.0012747798242772,0.0225592601659905,0.1187162198184667,0.1621720789764271,0.1514946506578857,1.1399999999999988,-2.950000000000001,0.0063053493421142,0.6000000000000001,-0.0099999999999997,0.0299999999999998,0.2665232978718166
2018-03-13,2765.31,16.35,2.84,2.26,,-0.0063839245851629,0.0135400171386131,0.1425691262546597,0.1506746044965315,0.1493647605999623,0.5700000000000021,-2.009999999999998,0.0141352394000376,0.5800000000000001,-0.04,0.0099999999999997,0.24762277799093987
2018-03-14,2749.48,17.23,2.81,2.26,,-0.0057409415327189,0.0082830423829558,0.154379703033586,0.1408049060610307,0.1518456136029213,0.879999999999999,-0.5300000000000011,0.0204543863970786,0.5500000000000003,-0.08,0.0099999999999997,0.2320990641251265
2018-03-15,2747.33,16.59,2.82,2.29,,-0.0007822719394124,0.0030475936315981,0.1528716791772358,0.1159098309181958,0.1455351176733258,-0.6400000000000006,0.0500000000000007,0.0203648823266741,0.5299999999999998,-0.04,0.04,0.4662452448488389
2018-03-16,2752.01,15.8,2.85,2.31,,0.0017020228353889,-0.0124798950461826,0.0548172072492214,0.1151124500905988,0.1395848480674452,-0.7899999999999991,1.16,0.0184151519325547,0.54,-0.0499999999999998,0.04,0.5742864185124037
2018-03-19,2712.92,19.02,2.85,2.31,,-0.0143060081954459,-0.0255111234173512,0.0977669044724452,0.1303153570869332,0.1490014292274459,3.219999999999999,3.24,0.041198570772554,0.54,-0.02,0.04,0.677613017929628
2018-03-20,2716.94,18.2,2.89,2.34,,0.0014807014304161,-0.0176464974017722,0.1067971641760595,0.1297158634672717,0.1476772351231806,-0.8200000000000003,1.8499999999999976,0.0343227648768194,0.5500000000000003,0.0500000000000002,0.08,0.7315340883354148
2018-03-21,2711.93,17.86,2.89,2.31,,-0.0018456884848011,-0.0137512443538545,0.1052847339542604,0.1299173747719124,0.1464264324889817,-0.3399999999999998,0.629999999999999,0.0321735675110182,0.5800000000000001,0.08,0.0500000000000002,0.7324162799093055
2018-03-22,2643.69,23.34,2.83,2.29,,-0.0254848900161407,-0.0384538624305827,0.1889829170443148,0.1763017988404067,0.1723818237989592,5.48,6.75,0.0610181762010407,0.54,0.0100000000000002,0.0,0.6479932202533041
2018-03-23,2588.26,24.87,2.82,2.28,,-0.0211898332484207,-0.0613457185143925,0.1871728563477039,0.1535971313306883,0.1740572347942856,1.5300000000000011,9.07,0.0746427652057143,0.54,-0.0300000000000002,-0.0300000000000002,0.6598100675077887
2018-03-26,2658.55,21.03,2.85,2.33,,0.0267950261126321,-0.0202446842063144,0.3310978334426191,0.2303223594364992,0.1976106904805023,-3.84,2.0100000000000016,0.0126893095194976,0.52,0.0,0.02,0.5422377113873879
2018-03-27,2612.62,22.5,2.78,2.26,,-0.0174273121332704,-0.0391526977700009,0.3383349899752497,0.2392488751995428,0.2015461768267768,1.4699999999999989,4.300000000000001,0.0234538231732232,0.52,-0.1100000000000003,-0.08,0.5008134628319293
2018-03-28,2605.0,22.87,2.77,2.28,,-0.0029208740450646,-0.0402278833302642,0.3372210566437195,0.2396472355962638,0.1989344577253491,0.370000000000001,5.010000000000002,0.0297655422746508,0.4900000000000002,-0.1200000000000001,-0.0300000000000002,0.5103449536824085
2018-03-29,2640.87,19.97,2.74,2.27,,0.0136757331192633,-0.0010672601948603,0.3239744610537778,0.2577508443077682,0.2016255472723637,-2.900000000000002,-3.370000000000001,-0.0019255472723637,0.4700000000000002,-0.0899999999999998,-0.02,0.5806160226990006
2018-04-02,2581.88,23.62,2.73,2.25,,-0.0225905925804767,-0.0024680195269163,0.3297886947415038,0.2713208326296789,0.214633721182003,3.650000000000002,-1.25,0.021566278817997,0.48,-0.0899999999999998,-0.0299999999999998,0.4596810723627316
2018-04-03,2614.45,21.1,2.79,2.28,,0.0125359346035535,-0.0167271110359948,0.2645373343087251,0.2825941168499179,0.2159625244383053,-2.52,0.0700000000000002,-0.0049625244383053,0.5100000000000002,-0.06,-0.0500000000000002,0.49096852476747604
2018-04-04,2644.69,20.06,2.79,2.28,,0.0115001058254388,0.0122003069227142,0.2466334380754591,0.2920521597946237,0.2207239777146233,-1.0400000000000027,-2.4400000000000013,-0.0201239777146233,0.5100000000000002,0.0100000000000002,0.02,0.46417506606250736
2018-04-05,2662.84,18.94,2.83,2.3,,0.0068393662400598,0.0219605472078388,0.2429741672545916,0.2959873215164323,0.2227161603590212,-1.1199999999999974,-3.93,-0.0333161603590212,0.5300000000000002,0.06,0.02,0.4697712418767976
2018-04-06,2604.47,21.49,2.77,2.27,,-0.0221640228020273,-0.0138792087134518,0.2860971387114115,0.2889407045286886,0.2335533183864153,2.549999999999997,1.5199999999999996,-0.0186533183864154,0.5,0.0299999999999998,0.0,0.31463865253410905
2018-04-09,2613.16,21.77,2.78,2.29,,0.0033310173527511,0.0120424012197762,0.2258305278083513,0.2675705431587078,0.2229367050718542,0.2800000000000011,-1.8500000000000012,-0.0052367050718542,0.4899999999999997,0.0499999999999998,0.04,0.33561670228722607
2018-04-10,2656.87,20.47,2.8,2.32,,0.0165885212551149,0.0160949878713375,0.2387436078356848,0.2438263859923162,0.2337511849439819,-1.3000000000000007,-0.6300000000000026,-0.0290511849439819,0.48,0.0099999999999997,0.04,0.2676483926262395
2018-04-11,2642.19,20.24,2.79,2.32,,-0.0055406194889038,-0.000945737443005,0.2320632528109819,0.2268334313217201,0.2335758004063308,-0.2300000000000004,0.1799999999999997,-0.0311758004063308,0.4700000000000002,0.0,0.04,0.2531277917812095
2018-04-12,2663.99,18.49,2.83,2.34,,0.0082168801872393,0.0004317765041744,0.2348806205153014,0.2281571836794238,0.2360719364219695,-1.75,-0.4500000000000028,-0.0511719364219696,0.4900000000000002,0.0,0.04,0.23530749984853808
2018-04-13,2656.3,17.41,2.82,2.37,,-0.0028908218745022,0.0197049774316996,0.1409147441141788,0.2199134097366746,0.2360961602373469,-1.0799999999999983,-4.079999999999998,-0.0619961602373469,0.4499999999999997,0.0499999999999998,0.1,0.2679282510286718
2018-04-16,2677.84,16.56,2.83,2.39,,0.0080763223621077,0.0244502824410563,0.1436215763362211,0.1796249230824277,0.2383820828062795,-0.8500000000000014,-5.210000000000001,-0.0727820828062795,0.4399999999999999,0.0500000000000002,0.1,0.23526398626939582
2018-04-17,2706.39,15.25,2.82,2.41,,0.0106051441272713,0.0184669053132125,0.1166703923948941,0.1771953529561082,0.2368425766304661,-1.3099999999999987,-5.219999999999999,-0.0843425766304661,0.4099999999999997,0.02,0.0900000000000003,0.26969635115997553
2018-04-18,2708.64,15.6,2.87,2.42,,0.0008310203745819,0.0248385451766984,0.0908009241647498,0.171641208836892,0.2367955445728346,0.3499999999999996,-4.639999999999999,-0.0807955445728346,0.4500000000000002,0.08,0.1,0.2709447057311673
2018-04-19,2693.13,15.96,2.92,2.44,,-0.0057425779413078,0.0108790870481511,0.1111356726268707,0.1741106484697774,0.2375677712027872,0.3600000000000012,-2.5299999999999976,-0.0779677712027872,0.48,0.0899999999999998,0.1,0.3037318608686227
2018-04-20,2670.14,16.88,2.96,2.46,,-0.0085731804710458,0.0051967284516075,0.1326880231733981,0.1312997573320584,0.2208291151322962,0.9199999999999982,-0.5300000000000011,-0.0520291151322963,0.5,0.1400000000000001,0.0899999999999998,0.27210910954856554
2018-04-23,2670.29,16.34,2.98,2.49,,5.617525182039568e-05,-0.0028234186586799,0.117204276705342,0.1317409659207425,0.2055003399024867,-0.5399999999999991,-0.2199999999999988,-0.0421003399024867,0.4899999999999997,0.1499999999999999,0.1,0.301786286668591
2018-04-24,2634.56,18.02,3.0,2.48,,-0.0134708956183451,-0.0268994584042963,0.0952203318123339,0.1258658295890423,0.1889595181634323,1.6799999999999995,2.77,-0.0087595181634323,0.52,0.1800000000000001,0.0699999999999998,0.21674643024662224
2018-04-25,2639.4,17.84,3.03,2.49,,0.0018354334726678,-0.0258950453062105,0.0995177668115727,0.1235837927544553,0.1780666524013272,-0.1799999999999997,2.24,0.0003333475986727,0.5399999999999996,0.1599999999999997,0.0700000000000002,0.24353599341296686
2018-04-26,2666.94,16.24,3.0,2.49,,0.0103801291583682,-0.0097723382065345,0.1478512040599967,0.1280589254506288,0.1809044315098535,-1.6000000000000014,0.2799999999999976,-0.0185044315098535,0.5099999999999998,0.08,0.0500000000000002,0.18286703183735345
2018-04-27,2669.91,15.41,2.96,2.49,,0.0011130162199066,-8.614151558219054e-05,0.1360542111743826,0.1270042602557815,0.1747832272238549,-0.8299999999999983,-1.4699999999999989,-0.0206832272238549,0.4699999999999997,0.0,0.0300000000000002,0.2719640140797339
2018-04-30,2648.05,15.93,2.95,2.49,,-0.0082212439071443,-0.0083635606745468,0.1479438456007157,0.1261702393550579,0.1559859295169696,0.5199999999999996,-0.4100000000000001,0.0033140704830303,0.4599999999999999,-0.0299999999999998,0.0,0.24481612372671832
2018-05-01,2654.8,15.49,2.97,2.5,,0.0025458022179105,0.0076531371617087,0.1049131324006814,0.1107452184285389,0.1503409021398343,-0.4399999999999995,-2.53,0.0045590978601657,0.4700000000000002,-0.0299999999999998,0.02,0.2414942734833239
2018-05-02,2635.67,15.97,2.97,2.49,,-0.0072319031675897,-0.0014141994785488,0.1216644793020119,0.1125101395003037,0.1472745229060336,0.4800000000000004,-1.8699999999999992,0.0124254770939664,0.48,-0.0599999999999996,0.0,0.26179511896105623
2018-05-03,2629.73,15.9,2.94,2.49,,-0.0022562397993906,-0.0140505684363076,0.0766329894276653,0.1112512753688189,0.1450545248515364,-0.0700000000000002,-0.3399999999999981,0.0139454751484635,0.4499999999999997,-0.06,0.0,0.2986236281343798
2018-05-04,2663.42,14.77,2.95,2.51,,0.0127298319338295,-0.0024337527223846,0.1357073119601071,0.128169928786409,0.1282429660768542,-1.1300000000000008,-0.6400000000000006,0.0194570339231457,0.4400000000000004,-0.0099999999999997,0.0199999999999995,0.221525166110051
2018-05-07,2672.63,14.75,2.95,2.49,,0.0034519950696622,0.0092394862544219,0.1179325886701758,0.1295250137438636,0.1282713570359181,-0.0199999999999995,-1.1799999999999995,0.0192286429640818,0.4599999999999999,0.0,0.0,0.21509774389822106
2018-05-08,2671.92,14.71,2.97,2.51,,-0.0002656912197197,0.0064279928167915,0.1185717102705591,0.105568244367125,0.1145398717412553,-0.0399999999999991,-0.7799999999999994,0.0325601282587446,0.4600000000000004,0.0,0.0099999999999997,0.24109731591225692
2018-05-09,2697.79,13.42,3.0,2.54,,0.0096356042161504,0.0232955002005318,0.1014711728772614,0.113421986455239,0.1169495855636845,-1.290000000000001,-2.5500000000000007,0.0172504144363154,0.4599999999999999,0.0299999999999998,0.0499999999999998,0.19715275512111152
2018-05-10,2723.07,13.23,2.97,2.54,,0.0093270009795039,0.0348787409794263,0.0834612665188493,0.1113973572256341,0.1179153826010942,-0.1899999999999995,-2.67,0.0143846173989057,0.4300000000000001,0.0300000000000002,0.0499999999999998,0.1308882204225676
2018-05-11,2727.72,12.65,2.97,2.54,,0.001706175115176,0.0238550841607726,0.0714011925462061,0.1112925142094262,0.1169788693122669,-0.5800000000000001,-2.119999999999999,0.009521130687733,0.4300000000000001,0.02,0.0300000000000002,0.13471735217666658
2018-05-14,2730.13,12.93,3.0,2.55,,0.0008831316934816,0.0212862207845923,0.0765353486754142,0.0958703640645604,0.1142282690189753,0.2799999999999993,-1.8200000000000005,0.0150717309810246,0.4500000000000002,0.0499999999999998,0.0599999999999996,0.17776794919705602
2018-05-15,2711.45,14.63,3.08,2.58,,-0.0068656799596488,0.0146862320446631,0.1086938027119569,0.1081218322487967,0.1114777708579004,1.700000000000001,-0.08,0.0348222291420995,0.5,0.1099999999999998,0.0700000000000002,0.14902499009235182
2018-05-16,2722.46,13.42,3.09,2.58,,0.0040523361876279,0.0091029640161407,0.0931301046605454,0.0948416510570148,0.1123435438074942,-1.2100000000000009,0.0,0.0218564561925057,0.5099999999999998,0.0899999999999998,0.04,0.14394694455638085
2018-05-17,2720.13,13.43,3.11,2.57,,-0.000856210055265,-0.0010802470186283,0.0653316783629429,0.0928085694296912,0.1102025256783329,0.0099999999999997,0.1999999999999993,0.024097474321667,0.54,0.1399999999999996,0.0299999999999998,0.14686591742080154
2018-05-18,2712.97,13.42,3.06,2.55,,-0.0026356975373117,-0.005422119671116,0.0645504379117725,0.0807326554228901,0.1056407296628609,-0.0099999999999997,0.7699999999999996,0.028559270337139,0.5100000000000002,0.0899999999999998,0.0099999999999997,0.14567961848304206
2018-05-21,2733.01,13.08,3.06,2.58,,0.007359590175901,0.0010543388113031,0.088805148489749,0.0851737753033159,0.1081146845112258,-0.3399999999999998,0.1500000000000003,0.0226853154887741,0.48,0.06,0.0300000000000002,0.20412583072308543
2018-05-22,2724.44,13.22,3.06,2.59,,-0.0031406635129493,0.0047793552580025,0.0725554941807363,0.088686623298225,0.0949944725078087,0.1400000000000005,-1.41,0.0372055274921912,0.4700000000000002,-0.02,0.0099999999999997,0.2815853598601583
2018-05-23,2733.29,12.58,3.01,2.53,,0.0032431094088002,0.0039701284791749,0.0705803125382781,0.0783745330411102,0.0951568221060293,-0.6400000000000006,-0.8399999999999999,0.0306431778939706,0.48,-0.08,-0.0500000000000002,0.29774009948988867
2018-05-24,2727.76,12.53,2.98,2.5,,-0.0020252522464269,0.0028010862880129,0.0727567093924203,0.0655122545728039,0.0902951816029573,-0.0500000000000007,-0.9000000000000004,0.0350048183970426,0.48,-0.1299999999999999,-0.0699999999999998,0.3419920765138053
2018-05-25,2721.33,13.22,2.93,2.48,,-0.002360028182485,0.0030767556428397,0.0720163929375867,0.0660241519460404,0.0911401738452045,0.6900000000000013,-0.1999999999999993,0.0410598261547954,0.4500000000000002,-0.1299999999999999,-0.0699999999999998,0.3472596756076231
2018-05-29,2689.86,17.02,2.77,2.32,,-0.0116315837392639,-0.015914418272325,0.0850038408507019,0.0867333622201485,0.0963487586611659,3.799999999999999,3.94,0.073851241338834,0.4500000000000002,-0.29,-0.2600000000000002,0.2943120414062446
2018-05-30,2724.01,14.94,2.84,2.42,,0.012615911702766,-0.0001578430566096,0.1407915650884998,0.1059142900383268,0.1050315310004369,-2.08,1.7199999999999989,0.0443684689995631,0.4199999999999999,-0.2200000000000002,-0.1699999999999999,0.2546575977901648
2018-05-31,2705.27,15.43,2.83,2.4,,-0.0069033368781207,-0.0103042893435305,0.1443067709334349,0.1097263391484105,0.1046839854033391,0.4900000000000002,2.85,0.0496160145966608,0.4300000000000001,-0.1799999999999997,-0.1299999999999999,0.2301516800030583
2018-06-01,2734.62,13.46,2.89,2.47,,0.0107907640756419,0.0025117269785383,0.1707634462264418,0.1237456545953061,0.1089572168029373,-1.9699999999999989,0.9300000000000016,0.0256427831970626,0.4199999999999999,-0.0899999999999998,-0.0299999999999998,0.16149769117541116
2018-06-04,2746.87,12.74,2.94,2.52,,0.0044695950894616,0.0093413502504851,0.1704342518012443,0.1237945241224058,0.1018361589413121,-0.7200000000000006,-0.4800000000000004,0.0255638410586878,0.4199999999999999,0.0099999999999997,0.04,0.14606418556080591
2018-06-05,2748.8,12.4,2.92,2.49,,0.0007023711683356,0.0216753051580846,0.125439933325107,0.1190007467197845,0.1016198554386273,-0.3399999999999998,-4.619999999999999,0.0223801445613726,0.4299999999999997,0.1499999999999999,0.1700000000000003,0.1482396410645885
2018-06-06,2772.35,11.64,2.97,2.52,,0.0085308831756656,0.0175902766309842,0.1109682763020011,0.1231452554883613,0.1044591898931323,-0.7599999999999998,-3.299999999999999,0.0119408101068676,0.4500000000000002,0.1300000000000003,0.1,0.08795818927995772
2018-06-07,2770.37,12.13,2.93,2.5,,-0.0007144506972109,0.023779162811894,0.0782163460743489,0.1233978852847669,0.1006108929154544,0.4900000000000002,-3.299999999999999,0.0206891070845455,0.4300000000000001,0.1,0.1,0.09562177978327745
2018-06-08,2779.03,12.18,2.93,2.5,,0.0031210606659344,0.0161094594021864,0.0570130780403985,0.122157466857389,0.0963894386285272,0.0499999999999989,-1.2800000000000011,0.0254105613714727,0.4300000000000001,0.04,0.0299999999999998,0.08336505425929627
2018-06-11,2782.0,12.35,2.96,2.52,,0.0010681475490628,0.0127080118617876,0.0574357697854387,0.1200335298035001,0.0963555438591029,0.1699999999999999,-0.3900000000000005,0.027144456140897,0.4399999999999999,0.02,0.0,0.08833924307947316
2018-06-12,2786.85,12.34,2.96,2.54,,0.0017418322369011,0.0137474729303529,0.0557892090364049,0.0924807992508008,0.0963916839028141,-0.0099999999999997,-0.0600000000000005,0.0270083160971859,0.4199999999999999,0.04,0.0499999999999998,0.1055230505116701
2018-06-13,2775.63,12.94,2.98,2.59,,-0.004034177279463,0.0011824124752242,0.0437783589762863,0.0841336938683854,0.0938055269055501,0.5999999999999996,1.299999999999999,0.0355944730944498,0.3900000000000001,0.0099999999999997,0.0699999999999998,0.08815550323706216
2018-06-14,2782.49,12.12,2.94,2.59,,0.0024684618120292,0.0043653249844644,0.0452302421866017,0.0684365832200429,0.0933272430811469,-0.8200000000000003,-0.0100000000000015,0.027872756918853,0.3500000000000001,0.0099999999999997,0.0899999999999998,0.1282477418474022
2018-06-15,2779.66,11.98,2.93,2.55,,-0.0010175922059649,0.0002266721125649,0.0416747606688583,0.0540638849123988,0.0933736373301292,-0.1399999999999988,-0.1999999999999993,0.0264263626698707,0.3800000000000003,0.0,0.0499999999999998,0.13060854408554307
2018-06-18,2773.75,12.31,2.92,2.56,,-0.0021284228000868,-0.0029698982365844,0.0428931199985996,0.054516899088027,0.0931227503769605,0.33,-0.0399999999999991,0.0299772496230394,0.3599999999999999,-0.04,0.04,0.2530723458857267
2018-06-19,2762.59,13.35,2.89,2.54,,-0.0040315497659651,-0.0087432802394507,0.0426681636066994,0.0600731483472514,0.0917481858231288,1.0399999999999991,1.0099999999999998,0.0417518141768711,0.3500000000000001,-0.0699999999999998,0.0,0.24732938922440056
2018-06-20,2767.32,12.79,2.93,2.56,,0.0017106973363122,-0.0029984056236755,0.042773457781263,0.0413990478530949,0.0907790957696528,-0.5600000000000005,-0.1500000000000003,0.0371209042303471,0.3700000000000001,-0.0499999999999998,-0.0299999999999998,0.2815185201947462
2018-06-21,2749.76,14.64,2.9,2.56,,-0.0063657076922923,-0.0118325751279972,0.0484535541712621,0.0518393463557117,0.0936834584431156,1.8500000000000012,2.5200000000000014,0.0527165415568843,0.3399999999999998,-0.04,-0.0299999999999998,0.2803607857931916
2018-06-22,2754.88,13.77,2.9,2.56,,0.0018602493447316,-0.0089547335773006,0.0570463719590208,0.0495407933201518,0.0934190325794182,-0.870000000000001,1.7899999999999991,0.0442809674205817,0.3399999999999998,-0.0300000000000002,0.0100000000000002,0.2790608238786166
2018-06-25,2717.07,17.33,2.87,2.54,,-0.0138197906651464,-0.0206461014423603,0.1031528385598127,0.0801353057237121,0.1060641657516987,3.5599999999999987,5.019999999999998,0.0672358342483012,0.33,-0.0499999999999998,-0.02,0.17919560327071743
2018-06-26,2723.06,15.92,2.88,2.53,,0.0022021541473088,-0.0144123975290862,0.1125864998193399,0.0808256481280079,0.0970635819314271,-1.4099999999999984,2.5700000000000003,0.0621364180685728,0.3500000000000001,-0.0100000000000002,-0.0100000000000002,0.19258161869148605
2018-06-27,2699.63,17.91,2.83,2.52,,-0.0086415213868015,-0.0247646162521999,0.1099352671114428,0.0866668450606345,0.0913618590486236,1.99,5.120000000000001,0.0877381409513763,0.31,-0.1,-0.04,0.19193007299408
2018-06-28,2716.31,16.85,2.84,2.52,,0.0061596150392206,-0.0122392935206868,0.1332781253562886,0.0945441642957876,0.0908885921913518,-1.0599999999999987,2.210000000000001,0.0776114078086481,0.3199999999999998,-0.06,-0.04,0.212721564303272
2018-06-29,2718.37,16.09,2.85,2.52,,0.0007580943491275,-0.013341448516291,0.1312478888389886,0.0956882193294707,0.0819233248650785,-0.7600000000000016,2.3200000000000003,0.0789766751349214,0.33,-0.0499999999999998,-0.04,0.2540691644381591
2018-07-02,2726.71,15.6,2.87,2.57,,0.0030633182696388,0.0035416604184945,0.0887114408660919,0.0993222122044332,0.0809845773606313,-0.4900000000000002,-1.7299999999999986,0.0750154226393686,0.3000000000000002,0.0,0.0299999999999998,0.2553738178873193
2018-07-03,2713.22,16.14,2.83,2.53,,-0.0049596328085813,-0.0036201265373957,0.0954295183945157,0.1000362013039398,0.0824719794622312,0.5400000000000009,0.2200000000000006,0.0789280205377688,0.3000000000000002,-0.0499999999999998,0.0,0.2679368575872166
2018-07-05,2736.61,14.97,2.84,2.55,,0.0085838066940842,0.0136052015434898,0.0829277349020654,0.1120275810329272,0.0825503083326167,-1.17,-2.9399999999999995,0.0671496916673832,0.29,0.0099999999999997,0.0299999999999998,0.2689692134604491
2018-07-06,2759.82,13.37,2.82,2.53,,0.0084455320847041,0.0158911185889734,0.0901707690429492,0.1171497480941516,0.0886329563528056,-1.6000000000000014,-3.480000000000002,0.0450670436471943,0.29,-0.02,0.0099999999999997,0.2338016859898994
2018-07-09,2784.17,12.69,2.86,2.57,,0.0087843436152737,0.0239173678551197,0.0944990738954659,0.1245469398266331,0.0935812014720264,-0.6799999999999997,-3.4000000000000004,0.0333187985279735,0.29,0.0099999999999997,0.0499999999999998,0.1883729182172702
2018-07-10,2793.84,12.64,2.87,2.59,,0.0034671897996766,0.0243212393851574,0.0940784825647554,0.0929534251476399,0.0942976892024266,-0.0499999999999989,-2.959999999999999,0.0321023107975733,0.2800000000000002,0.0,0.02,0.19083572745787025
2018-07-11,2774.02,13.63,2.85,2.58,,-0.0071194619539736,0.0221614102397652,0.1084404251437498,0.1055223007699144,0.0975803294738341,0.9900000000000002,-2.51,0.0387196705261659,0.27,0.02,0.0500000000000002,0.1575402912595219
2018-07-12,2798.29,12.58,2.85,2.6,,0.0087109846615288,0.0222885882072098,0.1087504794360659,0.0923247976282208,0.1014040076043182,-1.0500000000000007,-2.390000000000001,0.0243959923956817,0.25,0.0100000000000002,0.0500000000000002,0.09823538575284636
2018-07-13,2801.31,12.18,2.83,2.59,,0.0010786485794734,0.014921704701979,0.1042128853628253,0.0918864361266625,0.1011488730523178,-0.4000000000000003,-1.1899999999999995,0.0206511269476821,0.2400000000000002,0.0100000000000002,0.06,0.09789745103299989
2018-07-16,2798.43,12.83,2.85,2.59,,-0.0010286192765856,0.0051087418101195,0.0924242317744844,0.0935735703248599,0.1011508393157798,0.6500000000000004,0.1400000000000005,0.0271491606842201,0.2600000000000002,-0.0099999999999997,0.02,0.10083210681076864
2018-07-17,2809.55,12.06,2.86,2.62,,0.0039657825363438,0.0056073345467867,0.0933187922635462,0.093726510769487,0.1014937287591672,-0.7699999999999996,-0.5800000000000001,0.0191062712408327,0.2399999999999997,-0.0100000000000002,0.0300000000000002,0.1092540244064626
2018-07-18,2815.62,12.1,2.88,2.6,,0.0021581578355824,0.0148849543363427,0.0584213688305628,0.0830152517382862,0.100082434550655,0.0399999999999991,-1.5300000000000011,0.0209175654493449,0.2799999999999998,0.0299999999999998,0.02,0.17734007256493808
2018-07-19,2804.49,12.87,2.84,2.6,,-0.0039607817464154,0.0022131879283985,0.0484853629804083,0.0861949570268839,0.1015255799940091,0.7699999999999996,0.2899999999999991,0.0271744200059908,0.2399999999999997,-0.0100000000000002,0.0,0.17268540617478198
2018-07-20,2801.83,12.86,2.89,2.6,,-0.0009489291369751,0.0001856102119499,0.0489442912420836,0.0806196274695638,0.0983189670159259,-0.0099999999999997,0.6799999999999997,0.030281032984074,0.29,0.06,0.0100000000000002,0.20128808796151748
2018-07-23,2806.98,12.62,2.96,2.64,,0.0018363971848938,0.0030506266734295,0.049239402615249,0.0698997477912479,0.0983160358233609,-0.2400000000000002,-0.2100000000000008,0.027883964176639,0.3199999999999998,0.1099999999999998,0.0500000000000002,0.21922408205434268
2018-07-24,2820.4,12.41,2.95,2.63,,0.0047695465529177,0.0038543906900035,0.0528859218942356,0.0715686971945129,0.0821193481989303,-0.209999999999999,0.3499999999999996,0.0419806518010696,0.3200000000000003,0.0900000000000003,0.0099999999999997,0.21979589091344326
2018-07-25,2846.07,12.29,2.94,2.66,,0.0090603764265413,0.0107566092809625,0.0800281002506068,0.0664159469906784,0.0860078092700926,-0.120000000000001,0.1899999999999995,0.0368921907299073,0.2799999999999998,0.06,0.06,0.16702242914905574
2018-07-26,2837.44,12.14,2.98,2.69,,-0.0030368580797846,0.0116805329475932,0.0757362744475591,0.0620089119305583,0.0786127078676253,-0.1499999999999985,-0.7299999999999986,0.0427872921323746,0.29,0.1400000000000001,0.0899999999999998,0.17792849668405908
2018-07-27,2818.82,13.03,2.96,2.67,,-0.0065838795461225,0.0060455825384458,0.0983295750479666,0.0738785381886528,0.0835791564915598,0.8899999999999988,0.1699999999999999,0.0467208435084401,0.29,0.0699999999999998,0.0699999999999998,0.1616941359360797
2018-07-30,2802.6,14.26,2.98,2.66,,-0.0057707999094024,-0.0015616145558503,0.1094717893974395,0.0803951626225067,0.0878183031722375,1.2300000000000004,1.6400000000000006,0.0547816968277624,0.3199999999999998,0.02,0.02,0.1445567493799651
2018-07-31,2816.29,12.83,2.96,2.67,,0.0048728581939806,-0.0014583029147874,0.1097759657597173,0.0817190283488045,0.0884709889832128,-1.4299999999999995,0.4199999999999999,0.0398290110167871,0.29,0.0099999999999997,0.04,0.13006630879683942
2018-08-01,2813.36,13.15,3.0,2.67,,-0.0010409173801414,-0.0115595967214703,0.072735528303153,0.0811923261957431,0.0856565842659244,0.3200000000000003,0.8600000000000012,0.0458434157340756,0.33,0.06,0.0099999999999997,0.12907964002299865
2018-08-02,2827.22,12.19,2.98,2.66,,0.004914398127409,-0.0036083405142766,0.08803740088791,0.0815385117685375,0.0827501086164321,-0.9600000000000009,0.0499999999999989,0.0391498913835678,0.3199999999999998,0.0,-0.0299999999999998,0.10535641985575013
2018-08-03,2840.35,11.64,2.95,2.63,,0.0046333873211502,0.0076089263529961,0.076202111650124,0.0829748680170656,0.0796326340249556,-0.5499999999999989,-1.3899999999999988,0.0367673659750443,0.3200000000000003,-0.0099999999999997,-0.04,0.13614070766682265
2018-08-06,2850.4,11.27,2.94,2.64,,0.0035320512931104,0.0169117775555089,0.0402549360293775,0.0836779798726755,0.0752691054034252,-0.370000000000001,-2.99,0.0374308945965747,0.2999999999999998,-0.04,-0.02,0.13946603383376835
2018-08-07,2858.45,10.93,2.98,2.68,,0.0028201845679715,0.0148591039294999,0.0380436558995598,0.0821259367320195,0.0750425271452919,-0.3399999999999998,-1.9000000000000004,0.034257472854708,0.2999999999999998,0.02,0.0100000000000002,0.16633826313380168
2018-08-08,2857.7,10.85,2.96,2.68,,-0.0002624143888119,0.0156376069208293,0.0329279594640515,0.070030917850007,0.0687089595628418,-0.08,-2.3000000000000007,0.0397910404371581,0.2799999999999998,-0.04,0.0100000000000002,0.2057342566228549
2018-08-09,2853.58,11.27,2.93,2.64,,-0.0014427591414417,0.0092804496519785,0.041107138125206,0.0682705158590172,0.0638276512364436,0.4199999999999999,-0.92,0.0488723487635563,0.29,-0.0499999999999998,-0.02,0.239755521589749
2018-08-10,2833.28,13.16,2.87,2.61,,-0.0071392952256226,-0.0024922328947942,0.0674930488161711,0.0699361105034208,0.070021625300377,1.8900000000000008,1.5199999999999996,0.0615783746996229,0.2600000000000002,-0.08,-0.02,0.2177431107537607
2018-08-13,2821.93,14.78,2.88,2.61,,-0.0040140031013779,-0.0100382872892827,0.0599418616734843,0.0659603059927703,0.0717057599095785,1.6199999999999992,3.51,0.0760942400904214,0.27,-0.06,-0.0300000000000002,0.21173974714111532
2018-08-14,2839.96,13.31,2.89,2.63,,0.0063689195466782,-0.006489552310576,0.0799153577341501,0.0689769830611789,0.0737606408680825,-1.4699999999999989,2.380000000000001,0.0593393591319174,0.2600000000000002,-0.0899999999999998,-0.0500000000000002,0.18891237232856484
2018-08-15,2818.37,14.64,2.86,2.61,,-0.0076312639158579,-0.013858401837622,0.0903424002793154,0.080903485321351,0.0789143850476927,1.33,3.790000000000001,0.0674856149523072,0.25,-0.1,-0.0700000000000002,0.14509423318903897
2018-08-16,2840.69,13.45,2.87,2.63,,0.0078882767591131,-0.0045273659370672,0.1187956851062325,0.0869312447708027,0.0820747219407216,-1.1900000000000013,2.18,0.0524252780592783,0.2400000000000002,-0.06,-0.0100000000000002,0.0780619402922768
2018-08-17,2850.13,12.64,2.87,2.61,,0.0033176268652185,0.0059295561537738,0.1068176209915941,0.0854066168051032,0.0823750713968915,-0.8099999999999987,-0.5199999999999996,0.0440249286031084,0.2600000000000002,0.0,0.0,0.11376995334307131
2018-08-20,2857.05,12.49,2.82,2.6,,0.0024250166951827,0.0123685759503346,0.0963372257995435,0.0844246231410416,0.0824945317431476,-0.1500000000000003,-2.289999999999999,0.0424054682568523,0.2199999999999997,-0.06,-0.0099999999999997,0.16178730930007099
2018-08-21,2862.96,12.86,2.85,2.61,,0.0020664306891217,0.0080660870927782,0.0900121820435957,0.0838607765292546,0.0813560534234744,0.3699999999999992,-0.450000000000001,0.0472439465765255,0.2400000000000002,-0.04,-0.02,0.15848446505974245
2018-08-22,2861.82,12.25,2.82,2.6,,-0.0003982685850175,0.0152990824236185,0.0481030549582876,0.0838826009816321,0.0752375960105862,-0.6099999999999994,-2.390000000000001,0.0472624039894137,0.2199999999999997,-0.04,-0.0099999999999997,0.1822703330606658
2018-08-23,2856.98,12.41,2.82,2.61,,-0.0016926632005294,0.005718142463976,0.0333381538143002,0.084024232183867,0.0746012035589756,0.1600000000000001,-1.0399999999999991,0.0494987964410243,0.2099999999999999,-0.0500000000000002,-0.02,0.1935679692723713
2018-08-24,2874.69,11.99,2.82,2.63,,0.0061797194745907,0.0085802350733484,0.0480445949468404,0.078209268220129,0.0726134119446587,-0.4199999999999999,-0.6500000000000004,0.0472865880553413,0.1899999999999999,-0.0500000000000002,0.02,0.16688169785510945
2018-08-27,2896.74,12.16,2.85,2.67,,0.0076411243957242,0.0137963427738897,0.0643856430507816,0.0772850848622171,0.0716728396219315,0.1699999999999999,-0.33,0.0499271603780684,0.1800000000000001,0.0300000000000002,0.0699999999999998,0.11758754025402911
2018-08-28,2897.52,12.5,2.88,2.67,,0.0002692319656734,0.0119991440504416,0.0668220790325582,0.0750254400284354,0.0707863010755778,0.3399999999999998,-0.3599999999999994,0.0542136989244221,0.2099999999999999,0.0299999999999998,0.06,0.12567531548675068
2018-08-29,2914.04,12.25,2.89,2.67,,0.0056852358046606,0.0180826484401198,0.064696546881876,0.0539479625206798,0.0717032175690765,-0.25,0.0,0.0507967824309234,0.2200000000000002,0.0700000000000002,0.0699999999999998,0.10499030334128648
2018-08-30,2901.13,13.53,2.86,2.64,,-0.0044401182457849,0.0153351933948642,0.0800251267458433,0.0599930578304602,0.0738966818992618,1.2799999999999994,1.1199999999999992,0.0614033181007381,0.2199999999999997,0.04,0.0300000000000002,0.08539371203208643
2018-08-31,2901.52,12.86,2.86,2.62,,0.0001344213421754,0.0092898952624488,0.0766483406833545,0.0603192396942086,0.0729163047378727,-0.6699999999999999,0.8699999999999992,0.0556836952621272,0.2399999999999997,0.04,-0.0099999999999997,0.09051778505014231
2018-09-04,2896.72,13.16,2.9,2.66,,-0.0016556752036839,-6.90433695932463e-06,0.0587937650189885,0.0625479531958589,0.0729139375907141,0.3000000000000007,1.0,0.0586860624092858,0.2399999999999997,0.0499999999999998,-0.0099999999999997,0.1049481075769747
2018-09-05,2888.6,13.91,2.9,2.66,,-0.0028071067225424,-0.0030832430251752,0.0618772231723021,0.0657506904504863,0.0735851685405048,0.75,1.41,0.0655148314594951,0.2399999999999997,0.02,-0.0099999999999997,0.09518628284871822
2018-09-06,2878.05,14.65,2.88,2.64,,-0.0036589741948485,-0.0124274530246844,0.0284565797584081,0.0694738247935757,0.0750403156955783,0.7400000000000002,2.4000000000000004,0.0714596843044216,0.2399999999999997,-0.0100000000000002,-0.0299999999999998,0.11261001110256265
2018-09-07,2871.68,14.88,2.94,2.71,,-0.002215757124654,-0.0102030919035536,0.0226124445894531,0.0699975518990791,0.0753354912964804,0.2300000000000004,1.3500000000000014,0.0734645087035195,0.2299999999999999,0.08,0.0699999999999998,0.10706501423177742
2018-09-10,2877.13,14.16,2.94,2.73,,0.0018960451407243,-0.0084414681050047,0.0339191939338426,0.0632673610847236,0.0701226788403739,-0.7200000000000006,1.3000000000000007,0.071477321159626,0.2099999999999999,0.08,0.1099999999999998,0.1357140627458918
2018-09-11,2887.89,13.22,2.98,2.76,,0.0037328621563787,-0.003052930744942,0.0513428617795714,0.0522866008123872,0.0684887018194772,-0.9399999999999996,0.0600000000000005,0.0637112981805228,0.2200000000000002,0.08,0.0999999999999996,0.14876923725908633
2018-09-12,2888.92,13.14,2.97,2.74,,0.0003565981955143,0.0001107741731148,0.0475915170705822,0.0523153440144203,0.0656861259334603,-0.08,-0.7699999999999996,0.0657138740665397,0.2299999999999999,0.0700000000000002,0.08,0.14998527733742642
2018-09-13,2904.18,12.37,2.97,2.76,,0.0052683486546839,0.0090380970226472,0.0462708867211988,0.0510059773149513,0.0592250627454883,-0.7700000000000014,-2.280000000000001,0.0644749372545116,0.2100000000000004,0.0900000000000003,0.1199999999999996,0.1757048803491825
2018-09-14,2904.98,12.07,2.99,2.78,,0.0002754270858635,0.0115292812331649,0.0345091699932034,0.0455956651423906,0.054292872904846,-0.2999999999999989,-2.8100000000000005,0.0664071270951539,0.2100000000000004,0.0500000000000002,0.0699999999999998,0.1757478923930513
2018-09-17,2888.8,13.68,2.99,2.78,,-0.0055853146174804,0.0040479214749599,0.0663183028023133,0.0538777776156603,0.0585421525661573,1.6099999999999994,-0.4800000000000004,0.0782578474338426,0.2100000000000004,0.0500000000000002,0.0499999999999998,0.16171528998173562
2018-09-18,2904.31,12.79,3.05,2.81,,0.0053546495954312,0.0056697089140124,0.0716103130779732,0.0605289953781464,0.0605922040435811,-0.8900000000000006,-0.4300000000000015,0.0673077959564188,0.2399999999999997,0.0699999999999998,0.0500000000000002,0.13912654517854411
2018-09-19,2907.95,11.75,3.08,2.81,,0.0012525249991826,0.0065656357176805,0.0712793128652523,0.058149936223322,0.060438881018348,-1.0399999999999991,-1.3900000000000006,0.0570611189816519,0.27,0.1099999999999998,0.0699999999999998,0.14729655357249016
2018-09-20,2930.75,11.8,3.07,2.81,,0.0078099973940756,0.0091072844570725,0.0816882739708502,0.062588601091322,0.0651561556190211,0.0500000000000007,-0.5699999999999985,0.0528438443809788,0.2599999999999998,0.0999999999999996,0.0500000000000002,0.09079735906221104
2018-09-21,2929.67,11.68,3.07,2.81,,-0.0003685742701806,0.0084632831010284,0.0825792237397722,0.0598866825400719,0.0645458419069555,-0.120000000000001,-0.3900000000000005,0.0522541580930444,0.2599999999999998,0.0799999999999996,0.0300000000000002,0.09060871283407625
2018-09-24,2919.37,12.2,3.08,2.83,,-0.0035219491222055,0.0105266485963033,0.0717059871072609,0.0660111151442332,0.0639144020101359,0.5199999999999996,-1.4800000000000004,0.058085597989864,0.25,0.0899999999999998,0.0500000000000002,0.09172150551652129
2018-09-25,2915.56,12.42,3.1,2.83,,-0.0013059284486635,0.0038660705522088,0.0681962093832557,0.0659941226838108,0.0588490483997311,0.2200000000000006,-0.3699999999999992,0.0653509516002688,0.27,0.0500000000000002,0.02,0.08956964863188226
2018-09-26,2905.97,12.89,3.06,2.83,,-0.0032946695026326,-0.0006811239496066,0.0736085807339466,0.0693775865566701,0.0602362557172599,0.4700000000000006,1.1400000000000006,0.06866374428274,0.2299999999999999,-0.02,0.02,0.07358517373396695
2018-09-27,2914.0,12.41,3.06,2.83,,0.0027594661468949,-0.0057316551967875,0.0405845601781377,0.065683766465662,0.0575007283309817,-0.4800000000000004,0.6099999999999994,0.0665992716690183,0.2299999999999999,-0.0099999999999997,0.02,0.1430141653856976
2018-09-28,2913.98,12.12,3.05,2.81,,-6.863441535533463e-06,-0.0053699443681422,0.0410992372027588,0.0657065261093565,0.0550627191542801,-0.2900000000000009,0.4399999999999995,0.0661372808457198,0.2399999999999997,-0.02,0.0,0.1679182634605929
2018-10-01,2924.59,12.0,3.09,2.82,,0.003634455587307,0.0017864603413702,0.0454202211862532,0.0584465860280204,0.0563757042385495,-0.1199999999999992,-0.1999999999999993,0.0636242957614504,0.27,0.0099999999999997,-0.0100000000000002,0.15782000965804213
2018-10-02,2923.43,12.05,3.05,2.82,,-0.0003967154747124,0.0026956733153211,0.0437506644607921,0.0540513070746096,0.0559434951802237,0.0500000000000007,-0.3699999999999992,0.0645565048197762,0.2299999999999999,-0.0500000000000002,-0.0100000000000002,0.15929496712128097
2018-10-03,2925.51,11.61,3.15,2.85,,0.0007112400153475,0.0067015828333012,0.0280680097481532,0.053952299069025,0.0545969983473203,-0.4400000000000013,-1.2800000000000011,0.0615030016526796,0.2999999999999998,0.0899999999999998,0.02,0.553754057598913
2018-10-04,2901.61,14.22,3.19,2.87,,-0.0082030691043885,-0.0042609524179821,0.0698892041722998,0.0539350806254697,0.0613072238378366,2.610000000000001,1.8100000000000005,0.0808927761621633,0.3199999999999998,0.1299999999999999,0.04,0.6313336790323815
2018-10-05,2885.57,14.82,3.23,2.88,,-0.0055433012532268,-0.0097973902296734,0.0764177742672998,0.0583183518545285,0.064262355841958,0.5999999999999996,2.700000000000001,0.0839376441580419,0.3500000000000001,0.1800000000000001,0.0699999999999998,0.6640660797435819
2018-10-08,2884.43,15.69,3.23,2.88,,-0.0003951473188331,-0.0138269931358135,0.0617887412760253,0.0574133495774634,0.0639939236085659,0.8699999999999992,3.69,0.092906076391434,0.3500000000000001,0.1400000000000001,0.06,0.6706591385700634
2018-10-09,2880.34,15.95,3.21,2.88,,-0.0014189640475695,-0.0148492417086705,0.0597111538833314,0.057421769046606,0.0627441523869816,0.2599999999999998,3.899999999999999,0.0967558476130184,0.33,0.1600000000000001,0.06,0.7505074996791963
2018-10-10,2785.68,22.96,3.22,2.88,,-0.0334163339890617,-0.0489768157130797,0.2154922510478363,0.1722469197149914,0.1336854529870816,7.010000000000002,11.35,0.0959145470129183,0.3400000000000003,0.0700000000000002,0.0299999999999998,0.5309250917780337
2018-10-11,2728.37,24.98,3.14,2.85,,-0.0207876474635749,-0.0615613940722661,0.227802562638391,0.185548501321825,0.1467214987589642,2.02,10.76,0.1030785012410357,0.29,-0.0499999999999998,-0.02,0.47533479135121043
2018-10-12,2767.13,21.31,3.15,2.85,,0.0141063207096809,-0.0419117721093584,0.2968380398222793,0.2112922139887904,0.1586949213776136,-3.6700000000000017,6.489999999999998,0.0544050786223863,0.2999999999999998,-0.08,-0.0299999999999998,0.41932207191842286
2018-10-15,2750.79,21.3,3.16,2.85,,-0.0059225388416023,-0.0474391636321274,0.289982662474546,0.2055079284967249,0.1587883155496001,-0.009999999999998,5.610000000000001,0.0542116844503998,0.31,-0.0699999999999998,-0.0299999999999998,0.41433100260839845
2018-10-16,2809.92,17.62,3.16,2.87,,0.0212678700386501,-0.0247523295459077,0.3648227463611883,0.2470077879091486,0.1780391397998585,-3.68,1.6700000000000017,-0.0018391397998584,0.29,-0.0499999999999998,-0.0099999999999997,0.25570150557395105
2018-10-17,2809.21,17.4,3.19,2.89,,-0.000252708160793,0.0084112962823609,0.2637781538812363,0.2465443081535781,0.177793450629964,-0.2200000000000024,-5.560000000000002,-0.003793450629964,0.2999999999999998,-0.0300000000000002,0.0100000000000002,0.5595101277868448
2018-10-18,2768.78,20.06,3.17,2.87,,-0.0144965150616454,0.0147024286842903,0.231866679820744,0.2514827495058566,0.1795459350426916,2.66,-4.920000000000002,0.0210540649573083,0.2999999999999998,0.0299999999999998,0.02,0.5881412765250742
2018-10-19,2767.78,19.89,3.2,2.92,,-0.0003612351391023,0.000234872835507,0.2096593783195839,0.2523320711439778,0.179547278198439,-0.1699999999999981,-1.4199999999999982,0.0193527218015609,0.2800000000000002,0.0500000000000002,0.0699999999999998,0.65028299044255
2018-10-22,2755.88,19.64,3.2,2.92,,-0.0043087439887895,0.0018486676883198,0.2070615452483278,0.2514570491700727,0.1796084957150586,-0.25,-1.66,0.0167915042849413,0.2800000000000002,0.04,0.0699999999999998,0.655060525280762
2018-10-23,2740.69,20.71,3.17,2.89,,-0.0055270973242133,-0.0249462996745437,0.0922204416509675,0.250865597618953,0.1797423048243823,1.0700000000000005,3.09,0.0273576951756176,0.2799999999999998,0.0099999999999997,0.02,0.6944810407257227
2018-10-24,2656.1,25.23,3.1,2.84,,-0.0313508320071191,-0.0560444235208697,0.1966890450327664,0.2444395819353285,0.2058536914917557,4.52,7.830000000000002,0.0464463085082443,0.2600000000000002,-0.0899999999999998,-0.0500000000000002,0.5137838184401142
2018-10-25,2705.57,24.22,3.14,2.86,,0.0184537294793321,-0.0230941789798922,0.2824136016437941,0.2516785215532897,0.2202260997923269,-1.0100000000000016,4.16,0.021973900207673,0.2800000000000002,-0.0299999999999998,-0.0100000000000002,0.453821197246015
2018-10-26,2658.69,24.16,3.08,2.81,,-0.0174790907052602,-0.0402120345460501,0.2921347199723692,0.2490927976353855,0.225009807470835,-0.0599999999999987,4.27,0.0165901925291649,0.27,-0.1200000000000001,-0.1099999999999998,0.37293664009477806
2018-10-29,2641.25,24.7,3.08,2.81,,-0.0065812303337732,-0.0424845208910339,0.2907471376505448,0.2492572082659186,0.2229735244709853,0.5399999999999991,5.059999999999999,0.0240264755290146,0.27,-0.1200000000000001,-0.1099999999999998,0.36881776398483573
2018-10-30,2682.63,23.35,3.12,2.84,,0.0155453666556887,-0.0214120569111317,0.3388202755137087,0.2341722836341962,0.2343210565888023,-1.349999999999998,2.640000000000001,-0.0008210565888023,0.2800000000000002,-0.0499999999999998,-0.0500000000000002,0.29144527919445123
2018-10-31,2711.74,21.23,3.15,2.87,,0.0107928386719991,0.0207316137679865,0.2461259340743516,0.246216059807539,0.2398470611379344,-2.120000000000001,-4.0,-0.0275470611379344,0.2799999999999998,0.0499999999999998,0.0300000000000002,0.4081440141744198
2018-11-01,2740.37,19.34,3.14,2.84,,0.0105024525039048,0.0127803367925592,0.2223294255377782,0.2470229817553172,0.2444330950656051,-1.8900000000000008,-4.879999999999999,-0.0510330950656051,0.3000000000000002,0.0,-0.02,0.3746676972285055
2018-11-02,2723.06,19.51,3.22,2.91,,-0.006336699810107,0.0239227276877123,0.1660105220792896,0.2483865936023428,0.2445648597833059,0.1700000000000017,-4.649999999999999,-0.0494648597833058,0.31,0.1400000000000001,0.1,0.3895889664600965
2018-11-05,2738.31,19.96,3.2,2.91,,0.0055846938170283,0.0360886518385142,0.132651844256019,0.2503552974963278,0.2462916712962619,0.4499999999999993,-4.739999999999998,-0.0466916712962619,0.29,0.1200000000000001,0.1,0.49365556506318764
2018-11-06,2755.45,19.91,3.22,2.93,,0.0062398268627495,0.0267831120455751,0.1104385147787034,0.2508911431088381,0.248270954225939,-0.0500000000000007,-3.4400000000000013,-0.049170954225939,0.29,0.1,0.0900000000000003,0.48418830053913275
2018-11-07,2813.89,16.36,3.22,2.96,,0.0209870990157887,0.0369773723893647,0.1562596416527595,0.1962512861664639,0.2321761123323691,-3.5500000000000007,-4.870000000000001,-0.0685761123323691,0.2600000000000002,0.0700000000000002,0.0899999999999998,0.37146190197532125
2018-11-08,2806.83,16.72,3.24,2.98,,-0.0025121349979599,0.0239627848875,0.1669097393387046,0.1862817836410059,0.2186146578811781,0.3599999999999994,-2.620000000000001,-0.0514146578811781,0.2600000000000002,0.1,0.1400000000000001,0.4054361845959177
2018-11-09,2781.01,17.36,3.19,2.94,,-0.0092415615930208,0.0210579231045861,0.1798821712005692,0.1632568442945123,0.2163385295746374,0.6400000000000006,-2.150000000000002,-0.0427385295746374,0.25,-0.0300000000000002,0.0299999999999998,0.37960365878403707
2018-11-12,2726.22,20.45,3.19,2.94,,-0.0198981367275931,-0.0044249074400353,0.2463275231794404,0.1984543114711686,0.2270500231659658,3.09,0.4899999999999984,-0.0225500231659658,0.25,-0.0100000000000002,0.0299999999999998,0.3395658364081352
2018-11-13,2722.18,20.02,3.14,2.89,,-0.0014830044565126,-0.0121477387592975,0.2382230601285179,0.1867800157442333,0.2120558338081548,-0.4299999999999997,0.1099999999999994,-0.0118558338081548,0.25,-0.08,-0.04,0.44644010006187096
2018-11-14,2701.58,21.25,3.12,2.86,,-0.0075962428487097,-0.0407310806237961,0.1165861160349949,0.1838509072055401,0.2130432185563422,1.2300000000000004,4.890000000000001,-0.0005432185563422,0.2600000000000002,-0.1,-0.1,0.43254416286801317
2018-11-15,2730.2,19.98,3.11,2.86,,0.0105380795453542,-0.0276808660804819,0.1773136277141649,0.1839100067082073,0.2120249920645278,-1.2699999999999996,3.2600000000000016,-0.0122249920645278,0.25,-0.1300000000000003,-0.1200000000000001,0.4123209337270086
2018-11-16,2736.27,18.14,3.08,2.81,,0.0022208125151236,-0.0162184919723375,0.1808602691835925,0.1811347914886848,0.2122779149198381,-1.84,0.7800000000000011,-0.0308779149198381,0.27,-0.1099999999999998,-0.1299999999999999,0.4781538213210664
2018-11-19,2690.73,20.1,3.06,2.79,,-0.0167831468390932,-0.0131035020838376,0.1632874675271769,0.1975567981997442,0.2196791599556101,1.9600000000000009,-0.3499999999999978,-0.01867915995561,0.27,-0.1299999999999999,-0.1499999999999999,0.4004016234267141
2018-11-20,2641.89,22.48,3.06,2.79,,-0.0183179621543084,-0.0299384597816334,0.1962999424915805,0.2079293739630615,0.2275737610785063,2.379999999999999,2.460000000000001,-0.0027737610785063,0.27,-0.08,-0.1,0.4536263017852085
2018-11-21,2649.93,20.8,3.06,2.81,,0.0030386544464441,-0.0193035624864796,0.205130461894286,0.1613325091029855,0.1994156722548634,-1.6799999999999995,-0.4499999999999993,0.0085843277451365,0.25,-0.06,-0.0499999999999998,0.4524044649975789
2018-11-23,2632.56,21.52,3.05,2.81,,-0.0065764677658551,-0.0364181097976889,0.1605958474238922,0.1601556009745673,0.1879652117621887,0.7199999999999989,1.5399999999999991,0.0272347882378112,0.2399999999999997,-0.06,-0.0499999999999998,0.45882277990377757
2018-11-26,2673.45,18.9,3.07,2.84,,0.0154130163667814,-0.0232259059460312,0.2244121010609946,0.1925046404410881,0.1868302246074677,-2.620000000000001,0.759999999999998,0.0021697753925322,0.2299999999999999,-0.0100000000000002,0.0299999999999998,0.4248457295896916
2018-11-27,2682.17,19.02,3.06,2.83,,0.0032563952280602,-0.0031863638788777,0.1998810603449033,0.1728645429952496,0.1852978668758625,0.120000000000001,-1.0800000000000018,0.0049021331241374,0.2299999999999999,0.0,0.04,0.6712618239086771
2018-11-28,2743.79,18.49,3.06,2.81,,0.0227140079388842,0.0378456062143148,0.1827494255948462,0.2117414581522428,0.1944034551752949,-0.5300000000000011,-3.990000000000002,-0.0095034551752949,0.25,0.0,0.02,0.5667131843362287
2018-11-29,2737.76,18.79,3.03,2.81,,-0.0022001085212538,0.0326068432466169,0.1943477592703801,0.2074459569115573,0.1912810944904926,0.3000000000000007,-2.0100000000000016,-0.0033810944904926,0.2199999999999997,-0.0300000000000002,0.0,0.6784209143726758
2018-11-30,2760.17,18.07,3.01,2.8,,0.0081522042335888,0.0473355152460607,0.1561966171021992,0.2048097529841064,0.1898237711080161,-0.7199999999999989,-3.4499999999999997,-0.0091237711080161,0.2099999999999999,-0.04,-0.0100000000000002,0.6665497567943482
2018-12-03,2790.37,16.44,2.98,2.83,,0.0108819314928281,0.0428044303721076,0.1484503648301137,0.2106775687061037,0.1915986609622813,-1.629999999999999,-2.4599999999999973,-0.0271986609622813,0.1499999999999999,-0.0899999999999998,-0.0099999999999997,0.6438009414204903
2018-12-04,2700.06,20.74,2.91,2.8,,-0.0329002085423447,0.0066478266017026,0.3348003430671331,0.2604722115335448,0.2256477687331046,4.299999999999997,1.7199999999999989,-0.0182477687331046,0.1100000000000003,-0.1499999999999999,-0.0300000000000002,0.38609638323016204
2018-12-06,2695.95,21.19,2.87,2.75,,-0.0015233481015795,-0.0175895294387609,0.2763921577163084,0.2395831743962697,0.224157269176517,0.4500000000000028,2.700000000000003,-0.012257269176517,0.1200000000000001,-0.1899999999999999,-0.06,0.38535140129973516
2018-12-07,2633.08,23.23,2.85,2.72,,-0.023596383238556,-0.0389858041560631,0.3096983748759568,0.271600057319263,0.2217665288199716,2.039999999999999,4.440000000000001,0.0105334711800283,0.1299999999999999,-0.1799999999999997,-0.0899999999999998,0.3190174566792467
2018-12-10,2637.72,22.64,2.85,2.72,,0.0017606440003852,-0.0453773643892667,0.2917660348023841,0.2697139010756136,0.2224906028669402,-0.5899999999999999,4.57,0.0039093971330597,0.1299999999999999,-0.1599999999999997,-0.0799999999999996,0.46047940663520615
2018-12-11,2636.78,21.76,2.89,2.78,,-0.0003564318930519,-0.056615727775147,0.2514609732870237,0.2560743375876183,0.2214744645219229,-0.879999999999999,5.32,-0.0038744645219229,0.1100000000000003,-0.0899999999999998,-0.0500000000000002,0.4604466857932877
2018-12-12,2651.07,21.46,2.91,2.77,,0.0054048563356254,-0.0183106628971768,0.1817775331321342,0.2573875386064868,0.2134237464934101,-0.3000000000000007,0.7200000000000024,0.0011762535065898,0.1400000000000001,0.0,-0.0299999999999998,0.5150859956399049
2018-12-13,2650.54,20.65,2.91,2.75,,-0.0001999392643992,-0.0169872540599966,0.1829972238440566,0.2209905920734476,0.2134655308276632,-0.8100000000000023,-0.5400000000000027,-0.0069655308276632,0.1600000000000001,0.04,0.0,0.5735799399104132
2018-12-14,2599.95,21.63,2.89,2.73,,-0.0192711787507276,-0.0126620495721682,0.1530454439847414,0.2344748398483272,0.2218659467746903,0.9800000000000004,-1.6000000000000014,-0.0055659467746903,0.1600000000000001,0.04,0.0099999999999997,0.5869117854228628
2018-12-17,2545.94,24.52,2.86,2.7,,-0.0209922805944017,-0.0354149741669551,0.1928915342975873,0.2337708594588731,0.2265690528964914,2.890000000000001,1.879999999999999,0.0186309471035085,0.1599999999999997,0.0099999999999997,-0.02,0.6510022889397137
2018-12-18,2546.16,25.58,2.82,2.65,,8.640835809843542e-05,-0.0349721339158047,0.1938874821040059,0.2147620712225217,0.2259809529461508,1.0599999999999987,3.8199999999999967,0.0298190470538491,0.1699999999999999,-0.0700000000000002,-0.1299999999999999,1.00707806650791
2018-12-19,2506.96,25.58,2.77,2.63,,-0.0155154781132096,-0.0558924683646397,0.1642144898461942,0.1750016386855005,0.2250429973085782,0.0,4.119999999999997,0.0307570026914217,0.1400000000000001,-0.1400000000000001,-0.1400000000000001,0.9858303986984945
2018-12-20,2467.42,28.38,2.79,2.67,,-0.0158977934030968,-0.0715903225033374,0.1329334080946065,0.1763112071157468,0.2230902201876573,2.8000000000000007,7.73,0.0607097798123426,0.1200000000000001,-0.1200000000000001,-0.08,0.9531841701043512
2018-12-21,2416.62,30.11,2.79,2.63,,-0.0208032006534831,-0.0731223444060929,0.1369149648463537,0.1702259063809254,0.229889774542173,1.7300000000000004,8.48,0.0712102254578269,0.1600000000000001,-0.1,-0.1,0.904169620686165
2018-12-24,2351.1,36.07,2.74,2.55,,-0.0274865659224074,-0.0796166297340986,0.1614992806499716,0.1833006221603756,0.2438240902685957,5.960000000000001,11.55,0.1168759097314042,0.1900000000000004,-0.1199999999999996,-0.1500000000000003,0.7921734953636115
2018-12-26,2467.7,30.41,2.81,2.61,,0.0484032389941094,-0.0312997990980876,0.4911289265286785,0.3520637191449094,0.3026534451028022,-5.66,4.830000000000002,0.0014465548971978,0.2000000000000001,-0.0099999999999997,-0.04,0.4421494872122122
2018-12-27,2488.83,29.96,2.77,2.56,,0.0085261777916688,-0.0072581431932091,0.4922414221218927,0.35538360564499,0.3048999107851247,-0.4499999999999993,4.380000000000003,-0.0052999107851246,0.2099999999999999,0.0,-0.0699999999999998,0.6814544357904375
2018-12-28,2485.74,28.34,2.72,2.52,,-0.0012423185913211,0.0073973316185665,0.4758681929320713,0.3549196089916551,0.2887627549617593,-1.620000000000001,-0.0399999999999991,-0.0053627549617593,0.2000000000000001,-0.0699999999999998,-0.1499999999999999,0.6901375187470733
2018-12-31,2506.85,25.42,2.69,2.48,,0.0084565829777873,0.0366571152498372,0.4329543857066231,0.3540997004638163,0.2925558775088262,-2.919999999999998,-4.689999999999998,-0.0383558775088261,0.2099999999999999,-0.1,-0.1499999999999999,0.6940665475409942
2019-01-02,2510.03,23.22,2.66,2.5,,0.0012677203464647,0.0654114015187092,0.3208951595712597,0.3409558062830852,0.2896425668641331,-2.200000000000003,-12.85,-0.0574425668641331,0.1600000000000001,-0.08,-0.0499999999999998,0.6968056715976851
2019-01-03,2447.89,25.45,2.56,2.39,,-0.0250682762635352,-0.0080601137389355,0.2192155966134714,0.3606571921232709,0.2920109024710353,2.2300000000000004,-4.960000000000001,-0.0375109024710353,0.1699999999999999,-0.25,-0.2199999999999997,0.576453342891385
2019-01-04,2531.94,21.38,2.67,2.5,,0.0337593783187288,0.0171730867881245,0.3352299347473723,0.3991330061204806,0.3076695328619426,-4.07,-8.580000000000002,-0.0938695328619426,0.1699999999999999,-0.1,-0.06,0.2123689168718721
2019-01-07,2549.69,21.4,2.7,2.53,,0.0069859758341247,0.0254013812135704,0.3330803935754438,0.3884071198456414,0.3097653915480986,0.0199999999999995,-6.940000000000001,-0.0957653915480986,0.1700000000000003,-0.02,0.0099999999999997,0.19951080293411233
2019-01-08,2574.41,20.47,2.73,2.58,,0.0096485984958667,0.0265933967316499,0.3339479942405856,0.3649102276642927,0.3025410525744922,-0.9299999999999996,-4.950000000000003,-0.0978410525744922,0.1499999999999999,0.04,0.1,0.21214528400750693
2019-01-09,2584.96,19.98,2.74,2.56,,0.0040896523041704,0.0294153286893555,0.3323886886052236,0.3138428215818458,0.3029485339010574,-0.4899999999999984,-3.2399999999999984,-0.1031485339010574,0.1800000000000001,0.08,0.06,0.20501769820588947
2019-01-10,2596.64,19.5,2.74,2.56,,0.0045082676325783,0.0589918725854693,0.1980557929985812,0.2266727242525863,0.3035792590675548,-0.4800000000000004,-5.949999999999999,-0.1085792590675547,0.1800000000000001,0.1800000000000001,0.1699999999999999,0.2265475686384115
2019-01-11,2596.26,18.19,2.71,2.55,,-0.0001463536754715,0.0250861405912686,0.0578426931106724,0.2271752820534244,0.3027206975397193,-1.3099999999999987,-3.1899999999999977,-0.1208206975397193,0.1600000000000001,0.04,0.0499999999999998,0.307479660514959
2019-01-14,2582.61,19.07,2.71,2.53,,-0.0052714324201361,0.0128287323370077,0.08875515656757,0.2307628670786224,0.3030680894731861,0.879999999999999,-2.3299999999999983,-0.1123680894731861,0.1800000000000001,0.0099999999999997,0.0,0.3725233589204403
2019-01-15,2610.3,18.6,2.72,2.53,,0.0106646417681244,0.0138447756092655,0.0940014093224302,0.2322656047212639,0.2981101226132288,-0.4699999999999988,-1.8699999999999972,-0.1121101226132288,0.1900000000000004,-0.0099999999999997,-0.0500000000000002,0.3336656117028426
2019-01-16,2616.1,19.04,2.73,2.55,,0.0022195019060886,0.0119746252111836,0.0932809164173553,0.2319960650514832,0.2874206261320294,0.4399999999999977,-0.9400000000000012,-0.0970206261320294,0.1800000000000001,-0.0100000000000002,-0.0100000000000002,0.33251705625336375
2019-01-17,2635.96,18.06,2.75,2.56,,0.0075627828542582,0.0150291404328634,0.0999245937239415,0.1651762278115489,0.2882056211294067,-0.9800000000000004,-1.4400000000000013,-0.1076056211294066,0.1899999999999999,0.0099999999999997,0.0,0.33787576946198145
2019-01-18,2670.71,17.8,2.79,2.62,,0.0130969126470368,0.028272406755372,0.1164662621210954,0.0868565274174391,0.2833485379189657,-0.259999999999998,-0.3900000000000005,-0.1053485379189657,0.1699999999999999,0.08,0.0700000000000002,0.2942342366500047
2019-01-22,2632.9,20.8,2.74,2.58,,-0.0142584543634768,0.0192853848120313,0.1732257047517941,0.1302088225028362,0.2819421141687547,3.0,1.7300000000000004,-0.0739421141687547,0.1600000000000001,0.0300000000000002,0.0500000000000002,0.18941081208424426
2019-01-23,2638.7,19.52,2.76,2.58,,0.0022004713333086,0.0108212143772157,0.1623506751840839,0.1251693977495776,0.2673653241635504,-1.2800000000000011,0.9199999999999982,-0.0721653241635504,0.1799999999999997,0.0399999999999995,0.0500000000000002,0.3076531691855276
2019-01-24,2642.33,18.89,2.72,2.56,,0.0013747320396555,0.0099764445107827,0.1624433044692342,0.1249254190112345,0.2399396802041004,-0.629999999999999,-0.1499999999999985,-0.0510396802041004,0.1600000000000001,-0.0099999999999997,0.0100000000000002,0.3356216469134629
2019-01-25,2664.76,17.42,2.76,2.6,,0.0084528936024961,0.0108665552590208,0.164475455327217,0.1284891014186132,0.1804829040023691,-1.4699999999999989,-0.639999999999997,-0.006282904002369,0.1599999999999997,0.0099999999999997,0.04,0.3079601488158448
2019-01-28,2643.85,18.87,2.75,2.6,,-0.0078778091211158,-0.0101081665091321,0.1426745987344317,0.1385652871110804,0.1841903606278873,1.4499999999999993,1.0700000000000005,0.0045096393721126,0.1499999999999999,-0.04,-0.02,0.3011536323419531
2019-01-29,2640.0,19.13,2.72,2.56,,-0.0014572709979783,0.0026930168563663,0.094221730255107,0.1343615541698209,0.1842579200760315,0.259999999999998,-1.6700000000000017,0.0070420799239684,0.1600000000000001,-0.02,-0.02,0.3093847930690268
2019-01-30,2681.05,17.66,2.7,2.52,,0.0154295916792461,0.0159221372023035,0.1430675924818536,0.1445145130080358,0.1886027441219145,-1.4699999999999989,-1.8599999999999997,-0.0120027441219145,0.1800000000000001,-0.0599999999999996,-0.06,0.19228754926738184
2019-01-31,2704.1,16.57,2.63,2.45,,0.0085606309079408,0.0231080360705888,0.1463977721761062,0.1474320915697815,0.1893054787753618,-1.09,-2.3200000000000003,-0.0236054787753618,0.1799999999999997,-0.0900000000000003,-0.1099999999999998,0.2019383689465588
2019-02-01,2706.53,16.14,2.7,2.52,,0.0008982318744328,0.0155533743425257,0.14374223249046,0.145834597826293,0.1565261237671439,-0.4299999999999997,-1.2800000000000011,0.004873876232856,0.1800000000000001,-0.0599999999999996,-0.08,0.2017199930207851
2019-02-04,2724.87,15.73,2.73,2.53,,0.0067533489353567,0.0301845323989982,0.1057990643472166,0.136263703699319,0.1144698868927689,-0.4100000000000001,-3.140000000000001,0.042830113107231,0.2000000000000001,-0.02,-0.0700000000000002,0.17124371650973544
2019-02-05,2737.7,15.57,2.71,2.53,,0.004697431279443,0.0363392346764197,0.0853869652643531,0.1017637711630164,0.1138777891934744,-0.1600000000000001,-3.5599999999999987,0.0418222108065255,0.1800000000000001,-0.0100000000000002,-0.0300000000000002,0.2551515863251244
2019-02-06,2731.61,15.38,2.7,2.52,,-0.0022269728784431,0.0186826701187305,0.0696110203198561,0.1061697583705058,0.1132531376730703,-0.1899999999999995,-2.28,0.0405468623269296,0.1800000000000001,0.0,0.0,0.25719644211333204
2019-02-07,2706.05,16.37,2.65,2.48,,-0.0094011719208093,0.0007208672899801,0.1009367555829503,0.1243257439678553,0.1213116233464862,0.9900000000000002,-0.1999999999999993,0.0423883766535137,0.1699999999999999,0.02,0.0299999999999998,0.21366863731406688
2019-02-08,2707.88,15.72,2.63,2.45,,0.0006760338865466,0.000498669302094,0.1008444626172336,0.1197391482407261,0.1211443513816436,-0.6500000000000004,-0.4199999999999999,0.0360556486183563,0.1799999999999997,-0.0700000000000002,-0.0699999999999998,0.27393640987562423
2019-02-11,2709.8,15.97,2.65,2.48,,0.000708790508255,-0.0055458891250077,0.0833280615702903,0.1078682012708975,0.1209721921525951,0.25,0.2400000000000002,0.0387278078474048,0.1699999999999999,-0.08,-0.0499999999999998,0.27473584212023633
2019-02-12,2744.73,15.43,2.68,2.5,,0.0128078780378358,0.002564557633385,0.1272505927580875,0.1167528038080011,0.123281387038592,-0.5400000000000009,-0.1400000000000005,0.0310186129614079,0.1800000000000001,-0.0299999999999998,-0.0299999999999998,0.1869109901475013
2019-02-13,2753.03,15.65,2.71,2.53,,0.0030194138361176,0.0078109443479461,0.125573746176081,0.0974316506467714,0.1199555016188613,0.2200000000000006,0.2699999999999996,0.0365444983811386,0.1800000000000001,0.0099999999999997,0.0099999999999997,0.18916427573407704
2019-02-14,2745.73,16.22,2.66,2.5,,-0.0026551456286969,0.0145569706400583,0.0935070247403758,0.0946052621643521,0.1214327969805979,0.5699999999999985,-0.1500000000000021,0.040767203019402,0.1600000000000001,0.0100000000000002,0.02,0.21047155242181445
2019-02-15,2775.6,14.91,2.66,2.52,,0.0108199623678062,0.024700899121318,0.1052264011768321,0.1052666731960907,0.1237905673275096,-1.3099999999999987,-0.8100000000000005,0.0253094326724904,0.1400000000000001,0.0300000000000002,0.0699999999999998,0.12319955105783419
2019-02-19,2779.76,14.88,2.65,2.5,,0.0014976529973075,0.0254897616103704,0.1033604063690006,0.1026215758864855,0.1174041791232013,-0.0299999999999993,-1.09,0.0313958208767986,0.1499999999999999,0.0,0.02,0.12153375205350049
2019-02-20,2784.7,14.02,2.65,2.5,,0.001775554608288,0.0144574381808227,0.0781044737719998,0.1015088348844442,0.1005362634820968,-0.8600000000000012,-1.41,0.0396637365179031,0.1499999999999999,-0.0300000000000002,0.0,0.11853534177033909
2019-02-21,2774.88,14.46,2.69,2.53,,-0.0035326446287138,0.0079053797159912,0.0903235486735283,0.1031227216202308,0.1030207394138708,0.4400000000000013,-1.1899999999999995,0.0415792605861292,0.1600000000000001,-0.02,0.0,0.11368099647974693
2019-02-22,2792.67,13.51,2.65,2.48,,0.0063906244381742,0.0169511497828623,0.0863369327680997,0.0849411347184704,0.1038191772024553,-0.9500000000000012,-2.709999999999999,0.0312808227975446,0.1699999999999999,-0.0100000000000002,-0.02,0.12054494701744085
2019-02-25,2796.11,14.85,2.67,2.51,,0.0012310380564024,0.0073622254714585,0.055781561112669,0.0845330824643832,0.1017167947258004,1.34,-0.0600000000000005,0.0467832052741995,0.1600000000000001,0.0099999999999997,-0.0100000000000002,0.13401063865331514
2019-02-26,2793.9,15.17,2.64,2.48,,-0.0007906963011304,0.0050738761730205,0.0580365062470969,0.0860942698951112,0.0951099860391335,0.3200000000000003,0.2899999999999991,0.0565900139608664,0.1600000000000001,-0.0099999999999997,-0.02,0.1346264706548628
2019-02-27,2792.38,14.7,2.69,2.5,,-0.0005441904227899,0.0027541311419425,0.0584558192909864,0.0679224597930224,0.0946269855948481,-0.4700000000000006,0.6799999999999997,0.0523730144051518,0.1899999999999999,0.04,0.0,0.1698417160133858
2019-02-28,2784.49,14.78,2.73,2.52,,-0.0028295460586895,0.0034572297119665,0.0554999236973596,0.0710656567085187,0.0839091059453394,0.08,0.3199999999999985,0.0638908940546605,0.2099999999999999,0.04,-0.0099999999999997,0.20881493410355975
2019-03-01,2803.69,13.57,2.76,2.55,,0.0068716739803607,0.0039382792541532,0.0586288710019646,0.0729024301102939,0.0823283071279166,-1.209999999999999,0.0600000000000005,0.0533716928720833,0.2099999999999999,0.1099999999999998,0.0699999999999998,0.18125085643476022
2019-03-04,2792.81,14.63,2.72,2.55,,-0.0038881492742662,-0.0011809080765156,0.0668740724430196,0.0597904877214776,0.0847476492327893,1.0600000000000005,-0.2199999999999988,0.0615523507672106,0.1700000000000003,0.0500000000000002,0.04,0.28716065990661627
2019-03-05,2789.65,14.74,2.72,2.55,,-0.0011321175028613,-0.0015223292782464,0.0670959858800106,0.0601635545441423,0.0829531558542722,0.1099999999999994,-0.4299999999999997,0.0644468441457277,0.1700000000000003,0.08,0.0699999999999998,0.29039587961394264
2019-03-06,2771.45,15.74,2.69,2.52,,-0.0065454909924979,-0.0075236298479543,0.0806122140117195,0.0685756542284475,0.0861587664089916,1.0,1.040000000000001,0.0712412335910083,0.1699999999999999,0.0,0.02,0.2926090637858001
2019-03-07,2748.93,16.59,2.64,2.47,,-0.00815890388896,-0.0128529876782248,0.0939117037101102,0.0776762389793107,0.0911784872803833,0.8499999999999996,1.8100000000000005,0.0747215127196166,0.1699999999999999,-0.0899999999999998,-0.0499999999999998,0.2627452137000888
2019-03-08,2743.07,16.05,2.62,2.45,,-0.0021340139198386,-0.0218586755784242,0.0468259206449205,0.0660725308349473,0.0842956037619971,-0.5399999999999991,2.4800000000000004,0.0762043962380028,0.1699999999999999,-0.1399999999999996,-0.0999999999999996,0.2722469000151494
2019-03-11,2783.3,14.33,2.64,2.47,,0.0145595429409951,-0.0034109833631628,0.1430689084845251,0.1053506009591205,0.0976380417947302,-1.7200000000000006,-0.3000000000000007,0.0456619582052697,0.1699999999999999,-0.08,-0.0799999999999996,0.155394861238495
2019-03-12,2791.52,13.77,2.61,2.45,,0.0029489762744178,0.0006701104141162,0.1451784547369322,0.106685285519572,0.0977594812503985,-0.5600000000000005,-0.9700000000000006,0.0399405187496014,0.1599999999999997,-0.1100000000000003,-0.0999999999999996,0.14819026247939618
2019-03-13,2810.92,13.41,2.61,2.45,,0.0069255815470474,0.0141411829536616,0.1374239991968516,0.1122312662310793,0.0906984584794864,-0.3599999999999994,-2.33,0.0434015415205135,0.1599999999999997,-0.08,-0.0699999999999998,0.10983875997227577
2019-03-14,2808.48,13.5,2.63,2.46,,-0.0008684201706034,0.0214316666720181,0.107104509674832,0.1109475160947539,0.0907091254633597,0.0899999999999998,-3.09,0.0442908745366402,0.1699999999999999,-0.0100000000000002,-0.0100000000000002,0.2030650298311711
2019-03-15,2822.48,12.88,2.59,2.43,,0.0049725193739357,0.0285381999657925,0.0909273888338463,0.1084465680856243,0.0906766991266927,-0.6199999999999992,-3.17,0.0381233008733072,0.1599999999999997,-0.0300000000000002,-0.02,0.35705000124013
2019-03-18,2832.94,13.1,2.6,2.45,,0.003699110562037,0.0176777675868344,0.0458186320449528,0.1061861944200942,0.0841294162575583,0.2199999999999988,-1.2300000000000004,0.0468705837424416,0.1499999999999999,-0.04,-0.02,0.35244013638144395
2019-03-19,2832.57,13.56,2.61,2.46,,-0.000130614896285,0.0145981764161316,0.0529617160268081,0.1056280066531467,0.0842059239376099,0.4600000000000008,-0.209999999999999,0.05139407606239,0.1499999999999999,0.0,0.0099999999999997,0.3702947981696653
2019-03-20,2824.23,13.91,2.54,2.4,,-0.0029486656918281,0.0047239291772561,0.052296872865192,0.0992841754862755,0.0852482460212363,0.3499999999999996,0.5,0.0538517539787636,0.1400000000000001,-0.0699999999999998,-0.0500000000000002,0.3746842029307546
2019-03-21,2854.88,13.63,2.54,2.41,,0.0107940496272234,0.0163863989750829,0.0832200353629711,0.0908168243178247,0.0907915112820657,-0.2799999999999993,0.1300000000000007,0.0455084887179342,0.1299999999999999,-0.0899999999999998,-0.0499999999999998,0.33802767923187804
2019-03-22,2800.71,16.48,2.44,2.31,,-0.0191568542350529,-0.0077429746339056,0.1763965979788439,0.1455661570707121,0.1144510699120485,2.85,3.6,0.0503489300879514,0.1299999999999999,-0.1499999999999999,-0.1200000000000001,0.1820284741457985
2019-03-25,2798.36,16.33,2.43,2.26,,-0.000839425168105,-0.0122815103640475,0.1707424527561408,0.1280745437943328,0.1144261555138309,-0.1500000000000021,3.229999999999998,0.0488738444861689,0.1700000000000003,-0.1699999999999999,-0.1900000000000004,0.2574809558995944
2019-03-26,2818.46,14.68,2.41,2.24,,0.0071571051948916,-0.0049937902728707,0.1842968836622904,0.1319739186223583,0.1171071213392019,-1.6499999999999986,1.1199999999999992,0.029692878660798,0.1699999999999999,-0.1999999999999997,-0.2199999999999997,0.23105850402545833
2019-03-27,2805.37,15.15,2.39,2.22,,-0.0046551989086819,-0.0067003234897246,0.1858262477750124,0.130108659942906,0.1184655555877972,0.4700000000000006,1.2400000000000002,0.0330344444122027,0.1699999999999999,-0.1499999999999999,-0.1799999999999997,0.22155726651861826
2019-03-28,2815.44,14.43,2.39,2.23,,0.0035831172994041,-0.0139112558175439,0.1616393754554131,0.1313788984659922,0.1184543630295239,-0.7200000000000006,0.7999999999999989,0.0258456369704759,0.1600000000000001,-0.1499999999999999,-0.1800000000000001,0.2166681902661646
2019-03-29,2834.4,13.71,2.41,2.27,,0.0067117196856877,0.0119573181031965,0.0805113370996724,0.1334047722681787,0.1183424989762549,-0.7199999999999989,-2.77,0.018757501023745,0.1400000000000001,-0.0299999999999998,-0.04,0.20244813244286258
2019-04-01,2867.19,13.4,2.49,2.33,,0.0115021815000527,0.0242989247713541,0.0955750755960406,0.1440953204991638,0.1232059626142128,-0.3100000000000005,-2.929999999999998,0.0107940373857872,0.1600000000000001,0.06,0.0700000000000002,0.0890044601002773
2019-04-02,2867.24,13.36,2.48,2.3,,1.7438524840564605e-05,0.0171592581013031,0.0981685404007971,0.1440589018906215,0.1229705770010798,-0.0400000000000009,-1.3200000000000005,0.0106294229989201,0.1800000000000001,0.0699999999999998,0.0599999999999996,0.1313601921103352
2019-04-03,2873.4,13.74,2.52,2.33,,0.0021461030004631,0.0239605600104481,0.0709798513172618,0.1421925130867482,0.1193660838286894,0.3800000000000008,-1.41,0.0180339161713105,0.1899999999999999,0.1299999999999999,0.1099999999999998,0.13831979134161124
2019-04-04,2879.39,13.58,2.51,2.33,,0.0020824685638528,0.0224599112748968,0.0733500935643794,0.1330689933601141,0.1134135127601694,-0.1600000000000001,-0.8499999999999996,0.0223864872398305,0.1799999999999997,0.1199999999999996,0.1,0.1343126502488538
2019-04-05,2892.74,12.82,2.5,2.35,,0.0046256836918425,0.0203738752810519,0.0708245520875771,0.0728605203835691,0.1124278115705461,-0.7599999999999998,-0.8900000000000006,0.0157721884294538,0.1499999999999999,0.0899999999999998,0.08,0.1535704245571405
2019-04-08,2895.77,13.18,2.52,2.36,,0.0010469016298636,0.0099185954108629,0.027219091450456,0.0704849090591717,0.1033153787046759,0.3599999999999994,-0.2200000000000006,0.028484621295324,0.1600000000000001,0.0299999999999998,0.0299999999999998,0.15299536626966545
2019-04-09,2878.2,14.28,2.51,2.35,,-0.0060859527261046,0.0038152041599175,0.0642687494414266,0.0813479119868856,0.1071006149130213,1.0999999999999996,0.92,0.0356993850869786,0.1599999999999997,0.0299999999999998,0.0500000000000002,0.11890814959173497
2019-04-10,2888.21,13.3,2.48,2.31,,0.0034718343144997,0.0051409354739542,0.0667089426396503,0.0721712328273587,0.1054818707573386,-0.9799999999999986,-0.4399999999999995,0.0275181292426613,0.1699999999999999,-0.04,-0.02,0.11138875226942578
2019-04-11,2888.32,13.02,2.51,2.35,,3.808514800869783e-05,0.0030965520581101,0.0662506996766503,0.0734287603918744,0.1052771772214358,-0.2800000000000011,-0.5600000000000005,0.0249228227785641,0.1599999999999997,0.0,0.02,0.11416850071616505
2019-04-12,2907.41,12.01,2.56,2.4,,0.0065876322869365,0.0050585006532042,0.0746562430145569,0.0732344915987903,0.1061562150730665,-1.0099999999999998,-0.8100000000000005,0.0139437849269335,0.1600000000000001,0.06,0.0499999999999998,0.04854143117370951
2019-04-15,2905.58,12.32,2.55,2.4,,-0.0006296243621458,0.0033819746611946,0.0755498500470021,0.0546416262557332,0.1060693080617444,0.3100000000000005,-0.8599999999999994,0.0171306919382555,0.1499999999999999,0.0299999999999998,0.04,0.1475863780347424
2019-04-16,2907.06,12.18,2.6,2.41,,0.0005092350573861,0.0099771624446856,0.0477549526456937,0.0543659082528242,0.1059818560494617,-0.1400000000000005,-2.1,0.0158181439505382,0.1899999999999999,0.0900000000000003,0.06,0.15142535699019125
2019-04-17,2900.45,12.6,2.59,2.4,,-0.002276363830394,0.0042289642997917,0.0536332301937771,0.0570841330944682,0.1056509209060931,0.4199999999999999,-0.7000000000000011,0.0203490790939068,0.1899999999999999,0.1099999999999998,0.0899999999999998,0.1471670220272634
2019-04-18,2905.03,12.09,2.57,2.38,,0.0015778199046987,0.0057686990564818,0.0532851784271272,0.0568563483253727,0.0995942491951958,-0.5099999999999998,-0.9299999999999996,0.0213057508048041,0.1899999999999999,0.06,0.0299999999999998,0.16290148027485418
2019-04-22,2907.97,12.42,2.59,2.38,,0.0010115259764941,0.0001925927460393,0.024261085637882,0.0529625459855951,0.0658000004967448,0.33,0.4100000000000001,0.0583999995032551,0.2099999999999999,0.0299999999999998,-0.02,0.16299708388182835
2019-04-23,2933.68,12.28,2.57,2.36,,0.0088023644018914,0.0096245815100765,0.0654084426727761,0.0674341031384682,0.069323091378958,-0.1400000000000005,-0.0400000000000009,0.0534769086210419,0.2099999999999999,0.02,-0.04,0.08526761133342785
2019-04-24,2927.25,13.14,2.53,2.32,,-0.002194191904615,0.0069211545480752,0.0716159178772058,0.0576125451479345,0.0686867572414551,0.8600000000000012,0.9600000000000009,0.0627132427585449,0.2099999999999999,-0.0700000000000002,-0.0900000000000003,0.1426446983066565
2019-04-25,2926.17,13.25,2.54,2.33,,-0.0003690150415501,0.008828503336919,0.0665767073108263,0.0575123662887701,0.0648441891923561,0.1099999999999994,0.6500000000000004,0.0676558108076438,0.2099999999999999,-0.0499999999999998,-0.0699999999999998,0.1464666509054503
2019-04-26,2939.88,12.73,2.51,2.28,,0.004674363485904,0.0119250469181241,0.0695874851862133,0.0593314690127017,0.0652876291565113,-0.5199999999999996,0.6400000000000006,0.0620123708434886,0.2299999999999999,-0.06,-0.1,0.19782016039557168
2019-04-29,2943.03,13.11,2.54,2.3,,0.0010708986882482,0.0119844196298784,0.0695148961287853,0.0529020827233469,0.0631085817837685,0.379999999999999,0.6899999999999995,0.0679914182162314,0.2400000000000002,-0.0499999999999998,-0.08,0.20953258640919942
2019-04-30,2945.83,13.12,2.51,2.27,,0.0009509481329165,0.0041330033609037,0.0400301355753832,0.0519429941362765,0.0518888839658694,0.0099999999999997,0.8399999999999999,0.0793111160341304,0.2399999999999997,-0.06,-0.0899999999999998,0.3369451302369821
2019-05-01,2923.73,14.8,2.52,2.31,,-0.0075304126495015,-0.0012032173839828,0.0711943541625885,0.0686806131453651,0.0606437319169798,1.6800000000000015,1.66,0.0873562680830201,0.2099999999999999,-0.0099999999999997,-0.0099999999999997,0.3160574929767364
2019-05-02,2917.52,14.42,2.55,2.35,,-0.0021262580234037,-0.0029604603658363,0.0724754403545505,0.0685102402778909,0.06144093238746,-0.3800000000000008,1.17,0.0827590676125399,0.1999999999999997,0.0099999999999997,0.02,0.31790023553204855
2019-05-03,2945.64,12.87,2.54,2.33,,0.0095921706414815,0.0019573467897412,0.0986657527382004,0.0822010695977674,0.0689103557112289,-1.5500000000000007,0.1399999999999988,0.059789644288771,0.2099999999999999,0.0300000000000002,0.0500000000000002,0.28521755323547543
2019-05-06,2932.47,15.44,2.51,2.31,,-0.0044810396666553,-0.0035945915651624,0.1039863956317174,0.0873677705032844,0.0703628035170127,2.5700000000000003,2.33,0.0840371964829872,0.1999999999999997,-0.0300000000000002,0.0100000000000002,0.47607383656705854
2019-05-07,2884.05,19.32,2.45,2.28,,-0.0166495150098183,-0.0211950547078974,0.1507405149994943,0.1122826412375419,0.09341043407745,3.880000000000001,6.200000000000001,0.0997895659225499,0.1700000000000003,-0.0599999999999996,0.0099999999999997,0.4157572518100882
2019-05-08,2879.42,19.4,2.49,2.3,,-0.0016066713268179,-0.0152713133852137,0.148440563051568,0.1122498763608797,0.0909905642032991,0.0799999999999983,4.599999999999998,0.1030094357967008,0.1900000000000004,-0.0299999999999998,-0.0100000000000002,0.42514141929437993
2019-05-09,2870.72,19.1,2.45,2.26,,-0.0030260155887187,-0.0161710709505287,0.1482234643643728,0.1121949935593107,0.0906449866638616,-0.2999999999999971,4.6800000000000015,0.1003550133361383,0.1900000000000004,-0.0999999999999996,-0.0900000000000003,0.44519816161448983
2019-05-10,2881.4,16.04,2.47,2.26,,0.003713417756454,-0.0220498238355563,0.1192107778497892,0.1107090461825651,0.0917607610464368,-3.0600000000000023,3.17,0.0686392389535631,0.2100000000000004,-0.0699999999999998,-0.0700000000000002,0.4509585057782629
2019-05-13,2811.87,20.55,2.4,2.18,,-0.0244265447064441,-0.0419953288753452,0.1855804895707794,0.1556968183923699,0.1225620358422601,4.510000000000002,5.110000000000001,0.0829379641577399,0.2199999999999997,-0.1099999999999998,-0.1299999999999999,0.25409403421511856
2019-05-14,2834.41,18.06,2.42,2.2,,0.0079840602076551,-0.0173617536578717,0.1985333698228191,0.1663073129096185,0.1272563511028282,-2.490000000000002,-1.2600000000000016,0.0533436488971717,0.2199999999999997,-0.0300000000000002,-0.0799999999999996,0.2579449948253993
2019-05-15,2850.96,16.44,2.37,2.16,,0.0058219770208102,-0.0099331053102436,0.2096261140173024,0.1714736600043637,0.1296006425897481,-1.6199999999999974,-2.9599999999999973,0.0347993574102518,0.2099999999999999,-0.1200000000000001,-0.1399999999999996,0.24496914530160804
2019-05-16,2876.32,15.29,2.4,2.2,,0.0088559196487121,0.0019488299271874,0.2224915655847621,0.180789842676567,0.1340646324843034,-1.150000000000002,-3.8100000000000014,0.0188353675156965,0.1999999999999997,-0.0500000000000002,-0.0599999999999996,0.27649169132381873
2019-05-17,2859.53,15.96,2.39,2.2,,-0.0058544236531281,-0.0076190114823947,0.2238514504090462,0.170792461426623,0.1351884195512125,0.6700000000000017,-0.0799999999999983,0.0244115804487874,0.1899999999999999,-0.08,-0.0599999999999996,0.2612883308365359
2019-05-20,2840.23,16.31,2.41,2.21,,-0.0067722408534153,0.0100352923706339,0.1219509540125908,0.1717458357787775,0.1366289713945465,0.3499999999999978,-4.240000000000002,0.0264710286054534,0.2000000000000001,0.0100000000000002,0.0299999999999998,0.27302254768811374
2019-05-21,2864.36,14.95,2.43,2.26,,0.0084599047136238,0.0105111368766026,0.1234577122278788,0.1626881996816826,0.1363021838915911,-1.3599999999999994,-3.1099999999999994,0.0131978161084088,0.1700000000000003,0.0100000000000002,0.0599999999999996,0.26197091312330295
2019-05-22,2856.27,14.75,2.39,2.23,,-0.0028283616990028,0.0018607981567895,0.1223063455353743,0.1629972810105175,0.136382369210125,-0.1999999999999993,-1.6900000000000013,0.0111176307898749,0.1600000000000001,0.02,0.0699999999999998,0.26023104697099075
2019-05-23,2822.24,16.92,2.31,2.12,,-0.0119856819430164,-0.018980803434939,0.1207166124231693,0.1723493989328067,0.1415485465600811,2.1700000000000017,1.6300000000000026,0.0276514534399188,0.1899999999999999,-0.0899999999999998,-0.08,0.2756490503104586
2019-05-24,2826.06,15.85,2.32,2.16,,0.0013526195784275,-0.0117737602033833,0.1237791094988108,0.170671210878617,0.140013639367269,-1.070000000000002,-0.1100000000000012,0.018486360632731,0.1599999999999997,-0.0700000000000002,-0.04,0.27830480391073203
2019-05-28,2802.39,17.5,2.26,2.12,,-0.0084108909346528,-0.0134124102846207,0.127940139287971,0.1241941516111049,0.1413177419768325,1.6500000000000004,1.1900000000000013,0.0336822580231674,0.1399999999999996,-0.1500000000000003,-0.0899999999999998,0.4158704846939197
2019-05-29,2783.02,17.9,2.25,2.09,,-0.0069359555174738,-0.0288082705157182,0.0818550093721737,0.1186628253933815,0.1415743475519408,0.3999999999999986,2.9499999999999997,0.0374256524480591,0.1600000000000001,-0.1800000000000001,-0.1699999999999999,0.4212796558528671
2019-05-30,2788.86,17.3,2.22,2.06,,0.0020962411748005,-0.0238836676419148,0.098704795950012,0.1132881817374398,0.1414705463464626,-0.5999999999999979,2.5500000000000007,0.0315294536535374,0.1600000000000001,-0.1699999999999999,-0.1699999999999999,0.4310427748143111
2019-05-31,2752.06,18.71,2.14,1.95,,-0.0132831880231201,-0.0251811737220186,0.1049097074060916,0.1071255714895126,0.1466722418065478,1.41,1.7899999999999991,0.0404277581934522,0.1900000000000001,-0.1699999999999999,-0.1700000000000001,0.410872368245747
2019-06-03,2744.45,18.86,2.07,1.82,,-0.0027690315718501,-0.0293028248722963,0.0924355510433751,0.1070854033552718,0.1390524057844593,0.1499999999999985,3.01,0.0495475942155407,0.2499999999999997,-0.25,-0.3400000000000001,0.4151277078251335
2019-06-04,2803.27,16.97,2.12,1.88,,0.0212059023221795,0.0003139683845358,0.2079322556758415,0.1643728918730474,0.1643357106454415,-1.8900000000000008,-0.5300000000000011,0.0053642893545584,0.2400000000000002,-0.1399999999999996,-0.2400000000000002,0.2429813140343754
2019-06-05,2826.15,16.09,2.12,1.83,,0.0081287685006414,0.0153786924026513,0.2034433199706601,0.1638293142393213,0.1589956657972535,-0.879999999999999,-1.8099999999999987,0.0019043342027464,0.29,-0.1299999999999999,-0.2599999999999998,0.208415352391448
2019-06-06,2843.49,15.93,2.12,1.88,,0.006116809555866,0.0193992607837166,0.2042246160752349,0.1676674293967149,0.1609652667070523,-0.1600000000000001,-1.370000000000001,-0.0016652667070523,0.2400000000000002,-0.1,-0.1800000000000001,0.1955041426714405
2019-06-07,2873.34,16.3,2.09,1.85,,0.010442945224567,0.0431253940314039,0.1370056592129793,0.1621673439018518,0.1653444689370932,0.370000000000001,-2.41,-0.0023444689370932,0.2399999999999997,-0.0500000000000002,-0.0999999999999998,0.1067497111798981
2019-06-10,2886.73,15.94,2.15,1.9,,0.0046492574289522,0.0505436830322063,0.1043742706841103,0.1627591920901804,0.1656528883748203,-0.3600000000000012,-2.92,-0.0062528883748203,0.25,0.08,0.0799999999999998,0.07852994529387597
2019-06-11,2885.72,15.99,2.15,1.93,,-0.0003499380714625,0.0289878426385641,0.0645930528765077,0.1528803295801242,0.138150364000883,0.0500000000000007,-0.9799999999999986,0.021749635999117,0.2199999999999999,0.0299999999999998,0.05,0.1723443948605763
2019-06-12,2879.84,15.91,2.13,1.88,,-0.0020396984988729,0.0188193756390496,0.0799794451413794,0.1458469172842184,0.1362837803259433,-0.08,-0.1799999999999997,0.0228162196740566,0.25,0.0099999999999997,0.0499999999999998,0.17576442972386672
2019-06-13,2891.64,15.82,2.1,1.83,,0.0040890781712417,0.0167916442544256,0.0774776100506297,0.145683540980223,0.1355729721477857,-0.0899999999999998,-0.1099999999999994,0.0226270278522142,0.27,-0.02,-0.0499999999999998,0.2215339593967992
2019-06-14,2886.98,15.28,2.09,1.84,,-0.0016128421699837,0.0047358568598747,0.0506584457199687,0.1166599905401918,0.1322814447431556,-0.5400000000000009,-1.0200000000000014,0.0205185552568443,0.2499999999999997,0.0,-0.01,0.22095671409936135
2019-06-17,2889.67,15.35,2.09,1.86,,0.0009313357030248,0.0010179351339474,0.0390983638859688,0.1113060017951624,0.1303513327904935,0.0700000000000002,-0.5899999999999999,0.0231486672095064,0.2299999999999997,-0.06,-0.0399999999999998,0.22217222346229185
2019-06-18,2917.75,15.15,2.06,1.86,,0.0096704625570111,0.011038335762421,0.0767489571217421,0.0733103876856378,0.1312081077571083,-0.1999999999999993,-0.8399999999999999,0.0202918922428916,0.1999999999999999,-0.0899999999999998,-0.0699999999999998,0.22076482646760373
2019-06-19,2926.46,14.33,2.03,1.74,,0.002980730141062,0.016058764402356,0.0668875651447742,0.0696616271058907,0.128685436021326,-0.8200000000000003,-1.58,0.0146145639786739,0.2899999999999998,-0.1,-0.1399999999999999,0.21652332348517797
2019-06-20,2954.18,14.75,2.01,1.72,,0.0094276151277163,0.0213973013588307,0.0806255730085317,0.0749426422732024,0.1310893001661666,0.4199999999999999,-1.0700000000000005,0.0164106998338333,0.2899999999999998,-0.0900000000000003,-0.1100000000000001,0.16779167673271364
2019-06-21,2950.46,15.4,2.07,1.77,,-0.0012600261801485,0.0217501173486657,0.0790241454077148,0.0687502712982426,0.1214263781144252,0.6500000000000004,0.120000000000001,0.0325736218855747,0.2999999999999998,-0.02,-0.07,0.18989309675942392
2019-06-24,2945.35,15.26,2.02,1.72,,-0.001733434856124,0.0190853467895169,0.0880373125293227,0.0709797093031701,0.1222108551229213,-0.1400000000000005,-0.0899999999999998,0.0303891448770785,0.3,-0.0699999999999998,-0.1400000000000001,0.2236578986058789
2019-06-25,2917.38,16.28,2.0,1.71,,-0.0095417023155633,-0.0001268180830575,0.1103814953137886,0.0915540862306968,0.1235552868594232,1.0200000000000014,1.1300000000000008,0.0392447131405767,0.29,-0.06,-0.1500000000000001,0.17097982091591815
2019-06-26,2913.78,16.21,2.05,1.77,,-0.0012347459021461,-0.0043422941262657,0.1071587974594315,0.0908699542941667,0.1196763985597908,-0.0700000000000002,1.8800000000000008,0.0424236014402092,0.2799999999999998,0.02,0.03,0.20873640554950088
2019-06-27,2924.92,15.82,2.01,1.74,,0.0038159225573172,-0.0099539866966648,0.0760925776315337,0.0906344402257249,0.1197940002668522,-0.3900000000000005,1.0700000000000005,0.0384059997331477,0.2699999999999998,0.0,0.02,0.20180369175080118
2019-06-28,2941.76,15.08,2.0,1.75,,0.0057409118108132,-0.0029530487057031,0.094366142187371,0.0918799621519248,0.1049076997404734,-0.7400000000000002,-0.3200000000000003,0.0458923002595265,0.25,-0.0699999999999998,-0.02,0.19580625679541902
2019-07-01,2964.33,14.06,2.03,1.78,,0.0076429955755801,0.0064233817260012,0.1094798612026237,0.096024205674589,0.1033744739806669,-1.0199999999999996,-1.1999999999999993,0.0372255260193331,0.2499999999999997,0.0099999999999997,0.06,0.154933143200727
2019-07-02,2973.01,12.93,1.98,1.77,,0.0029238703472561,0.0188889543888207,0.0530371384647866,0.0876231579264676,0.0805139040804009,-1.1300000000000008,-3.3500000000000014,0.048786095919599,0.2099999999999999,-0.02,0.06,0.16417681287577537
2019-07-03,2995.82,12.57,1.96,1.77,,0.0076430761271929,0.0277667764181597,0.0343249028398506,0.0922712402976406,0.0801161866060349,-0.3599999999999994,-3.640000000000001,0.045583813393965,0.1899999999999999,-0.0899999999999998,0.0,0.11638774939893272
2019-07-05,2990.41,13.28,2.04,1.87,,-0.0018074819954691,0.0221433718653733,0.0632695672476424,0.0850715599383464,0.0808505578787503,0.7099999999999991,-2.540000000000001,0.0519494421212496,0.1699999999999999,0.0300000000000002,0.1300000000000001,0.13445144309369655
2019-07-08,2975.95,13.96,2.05,1.88,,-0.004847185993376,0.011555274061184,0.0888966570312534,0.0897742364144907,0.0791746765425653,0.6800000000000015,-1.1199999999999992,0.0604253234574347,0.1699999999999999,0.0499999999999998,0.1299999999999999,0.1102913833147845
2019-07-09,2979.63,14.09,2.07,1.92,,0.0012358159804265,0.0051480944660304,0.0752803657666565,0.0886020304050237,0.0784431157811985,0.129999999999999,0.0299999999999993,0.0624568842188014,0.1499999999999999,0.04,0.1399999999999999,0.12128019714162011
2019-07-10,2993.07,13.03,2.07,1.82,,0.0045004847673177,0.0067247088860919,0.078541154374749,0.0663788951049629,0.0787461961188108,-1.0600000000000005,0.0999999999999996,0.0515538038811891,0.2499999999999997,0.0899999999999998,0.05,0.14291566862281194
2019-07-11,2999.91,12.93,2.13,1.85,,0.0022826717159195,0.0013643044748185,0.057992019589916,0.0630095005069749,0.0774151817291804,-0.0999999999999996,0.3599999999999994,0.0518848182708195,0.2799999999999998,0.1699999999999999,0.08,0.14944397729996572
2019-07-12,3013.77,12.39,2.12,1.84,,0.0046094985236418,0.0077812849939293,0.0612893779208062,0.0634522535567987,0.0776194387775645,-0.5399999999999991,-0.8899999999999988,0.0462805612224354,0.28,0.08,-0.03,0.16325801233581672
2019-07-15,3014.3,12.68,2.09,1.83,,0.0001758440102274,0.0128043149975329,0.0312293328165375,0.0628497874478529,0.0767491037581988,0.2899999999999991,-1.2800000000000011,0.0500508962418011,0.2599999999999998,0.04,-0.0499999999999998,0.16928117632852563
2019-07-16,3004.04,12.86,2.13,1.87,,-0.0034095813595054,0.0081589176576011,0.0532772516572447,0.0616899374785573,0.079177541964259,0.1799999999999997,-1.2300000000000004,0.0494224580357409,0.2599999999999998,0.06,-0.0499999999999998,0.19355102511775124
2019-07-17,2984.42,13.97,2.06,1.83,,-0.0065526262851549,-0.0028941933948715,0.0707154863261881,0.0722719850679488,0.0791130870329893,1.1100000000000012,0.9400000000000012,0.0605869129670107,0.2299999999999999,-0.0099999999999997,0.01,0.17931707780063183
2019-07-18,2995.11,13.53,2.04,1.77,,0.0035755356654507,-0.0016013294453403,0.0745054760558083,0.0631384675880447,0.0793255630615454,-0.4400000000000013,0.5999999999999996,0.0559744369384545,0.27,-0.0899999999999998,-0.08,0.18960041045093073
2019-07-19,2976.61,14.45,2.05,1.8,,-0.0061958896877547,-0.0124067176567368,0.0687300439835765,0.0700723630204305,0.0770810432597457,0.92,2.0599999999999987,0.0674189567402542,0.2499999999999997,-0.0700000000000002,-0.04,0.19981685060039395
2019-07-22,2985.03,13.53,2.05,1.8,,0.0028247279603128,-0.0097578337066514,0.0772289851664811,0.0671535748006977,0.0772930379078501,-0.92,0.8499999999999996,0.0580069620921498,0.2499999999999997,-0.04,-0.03,0.19640583566161332
2019-07-23,3005.47,12.61,2.08,1.83,,0.0068241647017276,0.0004759123545813,0.0967607669701974,0.0747529012825991,0.0798200296068823,-0.92,-0.25,0.0462799703931176,0.25,-0.0499999999999998,-0.04,0.16887802217768394
2019-07-24,3019.56,12.07,2.05,1.83,,0.0046771636608934,0.0117057023006296,0.0794490901251703,0.0749984495848037,0.0702759457730085,-0.5399999999999991,-1.9000000000000004,0.0504240542269915,0.2199999999999997,-0.0100000000000002,0.0,0.23064249790677277
2019-07-25,3003.67,12.74,2.08,1.86,,-0.0052762510690202,0.0028539155661587,0.094257381682551,0.0804447912133573,0.0739013945524301,0.6699999999999999,-0.7899999999999991,0.0534986054475698,0.2199999999999999,0.04,0.09,0.25840382767752024
2019-07-26,3025.86,12.16,2.08,1.86,,0.0073604742596646,0.0164102795135781,0.0811698700083458,0.0857490097031618,0.0763915503083597,-0.5800000000000001,-2.289999999999999,0.0452084496916402,0.2199999999999999,0.0300000000000002,0.06,0.25803812210106225
2019-07-29,3020.97,12.83,2.06,1.85,,-0.0016173767299502,0.011968174823315,0.088538264282209,0.0863508679897424,0.0756865201746553,0.6699999999999999,-0.6999999999999993,0.0526134798253446,0.2099999999999999,0.0100000000000002,0.05,0.5442590045832981
2019-07-30,3013.18,13.94,2.06,1.85,,-0.0025819723830935,0.002562037738494,0.0839478392977215,0.0854720300913479,0.0730280272899034,1.1099999999999994,1.33,0.0663719727100966,0.2099999999999999,-0.02,0.02,0.5802483279539502
2019-07-31,2980.38,16.12,2.02,1.89,,-0.0109451903192765,-0.0130603162416759,0.105592542444903,0.0973563527360627,0.0835565523402104,2.180000000000001,4.050000000000001,0.0776434476597895,0.1300000000000001,-0.0299999999999998,0.0599999999999998,0.5537574582617681
2019-08-01,2953.56,17.87,1.9,1.73,,-0.0090395867268047,-0.0168236518994605,0.1145726416857337,0.1042448958326091,0.0846221883065416,1.75,5.130000000000001,0.0940778116934583,0.1699999999999999,-0.1800000000000001,-0.1300000000000001,0.6108427086165819
2019-08-02,2932.05,17.61,1.86,1.72,,-0.0073093853544549,-0.0314935115135801,0.0644105437363737,0.1058181607363651,0.0877636116154484,-0.2600000000000015,5.449999999999999,0.0883363883845515,0.1400000000000001,-0.2199999999999999,-0.1400000000000001,0.6089095510624711
2019-08-05,2844.74,24.59,1.75,1.59,,-0.0302301620835866,-0.0601062968672165,0.1689189237076998,0.1752451269715023,0.1357230918985475,6.98,11.76,0.1101769081014525,0.1599999999999999,-0.31,-0.26,0.42064829302301027
2019-08-06,2881.77,20.17,1.73,1.6,,0.0129330137007771,-0.0445913107833458,0.2431427143806493,0.1887659107915003,0.1456974902811022,-4.419999999999998,6.230000000000002,0.0560025097188977,0.1299999999999999,-0.33,-0.25,0.43463792016848124
2019-08-07,2883.98,19.49,1.71,1.59,,0.0007665958837026,-0.0328795245803666,0.2510785437339963,0.1845894743169276,0.1441953212907878,-0.6800000000000033,3.369999999999997,0.0507046787092121,0.1199999999999998,-0.31,-0.2999999999999998,0.6414853436226524
2019-08-08,2938.09,16.91,1.72,1.62,,0.018588425780336,-0.0052515120732258,0.3048519576637409,0.2179758061613035,0.1610361296487992,-2.5799999999999983,-0.9600000000000009,0.0080638703512007,0.0999999999999998,-0.1799999999999999,-0.1099999999999998,0.5709260290852426
2019-08-09,2918.65,17.97,1.74,1.63,,-0.006638529760062,-0.0045806564788329,0.3040202821033239,0.2120169293043095,0.1607507168857999,1.0599999999999987,0.3599999999999994,0.0189492831142,0.1100000000000001,-0.1200000000000001,-0.09,0.6054329759979665
2019-08-12,2883.75,21.09,1.65,1.58,,-0.0120296501003442,0.0136198555044095,0.2046923075249412,0.2156916322187307,0.1647475770872718,3.120000000000001,-3.5,0.0461524229127281,0.0699999999999998,-0.1,-0.01,0.6054506794971517
2019-08-13,2926.32,17.52,1.68,1.66,,0.0146541304321555,0.0153409722357879,0.2103857837519974,0.2366520112016435,0.1751574786409987,-3.5700000000000003,-2.650000000000002,4.2521359001290726e-05,0.02,-0.05,0.0599999999999998,0.5730333061210559
2019-08-14,2840.6,22.1,1.59,1.58,,-0.0297303634730913,-0.0151559871210061,0.3161986587668525,0.2708021062974076,0.2016726242488027,4.580000000000002,2.610000000000003,0.0193273757511972,0.01,-0.1199999999999998,-0.01,0.3501771378929083
2019-08-15,2847.6,21.18,1.52,1.48,,0.0024612367826904,-0.0312831761186515,0.2629796667236311,0.2719168178847047,0.2012680091008847,-0.9200000000000016,4.27,0.0105319908991152,0.04,-0.1999999999999999,-0.1400000000000001,0.34808341737056725
2019-08-16,2888.68,18.47,1.55,1.48,,0.0143231161310466,-0.0103215302275428,0.3004911710513961,0.2851361537447879,0.2093223900842664,-2.710000000000001,0.5,-0.0246223900842664,0.07,-0.1899999999999999,-0.1499999999999999,0.4935819057367299
2019-08-19,2923.65,16.88,1.6,1.53,,0.0120331853019947,0.0137413051747959,0.2987699041574714,0.2414424148646732,0.2143373427348324,-1.59,-4.210000000000001,-0.0455373427348324,0.07,-0.0499999999999998,-0.05,0.487033647720716
2019-08-20,2900.51,17.5,1.55,1.5,,-0.0079462520811493,-0.0088590773385089,0.2847857150819848,0.2394944941477173,0.213561729923017,0.620000000000001,-0.0199999999999995,-0.038561729923017,0.05,-0.1299999999999999,-0.1599999999999999,0.47316349477178377
2019-08-21,2924.43,15.8,1.59,1.56,,0.0082130062994995,0.029084292434082,0.1414132827537369,0.2424959867309172,0.2153404959221157,-1.6999999999999993,-6.300000000000001,-0.0573404959221157,0.03,0.0,-0.02,0.4664886398547902
2019-08-22,2922.95,16.68,1.62,1.61,,-0.0005062096294763,0.0261168460219151,0.1472962552844599,0.2227220449537382,0.2149258748076411,0.879999999999999,-4.5,-0.0481258748076411,0.01,0.1,0.1300000000000001,0.5075449029515913
2019-08-23,2847.11,19.87,1.52,1.51,,-0.0262889355580667,-0.0144952056671982,0.2413677194184483,0.2570456622877719,0.2295085885916112,3.1900000000000013,1.400000000000002,-0.0308085885916112,0.01,-0.03,0.03,0.2890443657218147
2019-08-26,2878.38,19.32,1.54,1.54,,0.0109231911739489,-0.0156051997952439,0.2371330070210674,0.2589905086026167,0.2347988430145835,-0.5500000000000007,2.4400000000000013,-0.0415988430145835,0.0,-0.06,0.01,0.25604087072838394
2019-08-27,2869.16,20.31,1.49,1.53,,-0.0032083318806849,-0.0108672795947797,0.2334157050140251,0.2455028417872682,0.2348151878020363,0.9899999999999984,2.8099999999999987,-0.0317151878020363,-0.04,-0.06,0.03,0.3037560449425967
2019-08-28,2887.94,19.35,1.47,1.5,,0.0065241411868014,-0.0125561447074777,0.2289463637568042,0.1924553487612063,0.2346193166850247,-0.9599999999999972,3.5500000000000007,-0.0411193166850247,-0.03,-0.1200000000000001,-0.06,0.3516326649765479
2019-08-29,2924.58,17.88,1.5,1.53,,0.012607435438741,0.0005575003607396,0.2537647354622339,0.2002314136015795,0.2380429182251887,-1.4700000000000024,1.1999999999999993,-0.0592429182251887,-0.03,-0.1200000000000001,-0.08,0.28948152595956117
2019-08-30,2926.46,18.98,1.5,1.5,,0.0006426208211523,0.0274890567399587,0.1066090686066535,0.1894186928621835,0.2366925372760676,1.1000000000000014,-0.8900000000000006,-0.0468925372760676,0.0,-0.02,-0.01,0.28930557282959507
2019-09-03,2906.27,19.66,1.47,1.47,,-0.0069230294011075,0.009642836164902,0.12335975772357,0.1831401549020664,0.2103261334628843,0.6799999999999997,0.3399999999999998,-0.0137261334628843,0.0,-0.07,-0.07,0.26766760217467983
2019-09-04,2937.78,17.33,1.47,1.43,,0.0107837220263515,0.0236348900719387,0.1266036040087856,0.1862028548283204,0.2088514797946658,-2.330000000000002,-2.9800000000000004,-0.0355514797946658,0.04,-0.02,-0.1,0.23541062865664603
2019-09-05,2976.0,16.27,1.57,1.55,,0.0129259228942132,0.0300366717793504,0.139798576386579,0.1925146019740322,0.2131165446299438,-1.0599999999999987,-3.080000000000002,-0.0504165446299438,0.02,0.1,0.05,0.12408476788002312
2019-09-06,2978.71,15.0,1.55,1.53,,0.0009102039182753,0.0183394402588849,0.1292751584739051,0.1921812236150275,0.2034109794604672,-1.2699999999999996,-2.879999999999999,-0.0534109794604672,0.02,0.05,0.0,0.12377630225646645
2019-09-09,2978.43,15.27,1.63,1.58,,-9.400484131865216e-05,0.0176028145964138,0.1304615046208927,0.113532072286139,0.2016036919886749,0.2699999999999996,-3.710000000000001,-0.0489036919886749,0.0499999999999998,0.1299999999999999,0.08,0.13343092969692527
2019-09-10,2979.39,15.2,1.72,1.67,,0.0003222655294413,0.024848109526963,0.1006572730630043,0.1091504131932782,0.195685322559169,-0.0700000000000002,-4.460000000000001,-0.043685322559169,0.05,0.25,0.1999999999999999,0.13947405352080627
2019-09-11,3000.93,14.61,1.75,1.68,,0.0072036590507942,0.0212680465514054,0.0903060656285546,0.1037495923661102,0.1908361274903511,-0.5899999999999999,-2.719999999999999,-0.044736127490351,0.07,0.28,0.25,0.0800351970792135
2019-09-12,3009.57,14.22,1.79,1.72,,0.002874970784836,0.0112170944420281,0.0475803004159335,0.1033630899986688,0.151693943086451,-0.3899999999999988,-2.049999999999999,-0.009493943086451,0.07,0.2199999999999999,0.1699999999999999,0.06574829238333828
2019-09-13,3007.39,13.74,1.9,1.79,,-0.0007246184436619,0.0095822720800908,0.0517031143021221,0.0939702387695528,0.1522336893900274,-0.4800000000000004,-1.2599999999999998,-0.0148336893900274,0.1099999999999998,0.3499999999999998,0.26,0.10129089551161187
2019-09-16,2997.96,14.67,1.84,1.74,,-0.0031405356059661,0.0065357413154434,0.0625518403143536,0.0982164539598347,0.1471301238119617,0.9299999999999996,-0.5999999999999996,-0.0004301238119616,0.1,0.2100000000000002,0.1599999999999999,0.08818586134249522
2019-09-17,3005.7,14.44,1.81,1.72,,0.0025784285879443,0.0087919043739462,0.0623642795326099,0.0833875579388756,0.1422017467999656,-0.2300000000000004,-0.7599999999999998,0.0021982532000343,0.09,0.09,0.05,0.15525262047606678
2019-09-18,3006.73,13.95,1.8,1.77,,0.0003426235349354,0.0019308688580877,0.0394262880015777,0.073228270964742,0.1379694813845612,-0.4900000000000002,-0.6600000000000001,0.0015305186154387,0.03,0.05,0.09,0.18322963522345573
2019-09-19,3006.79,14.05,1.79,1.74,,1.995503465594414e-05,-0.0009241468920924,0.0327100670987764,0.0435252919904286,0.1359678444023264,0.1000000000000014,-0.1699999999999999,0.0045321555976735,0.05,0.0,0.02,0.1872520390785911
2019-09-20,2992.07,15.32,1.74,1.69,,-0.0049076089603009,-0.0051071374087312,0.0472897180869076,0.0527844067774163,0.1376683661471549,1.2699999999999996,1.58,0.015531633852845,0.05,-0.1599999999999999,-0.1,0.1901431278877076
2019-09-23,2991.78,14.91,1.72,1.68,,-9.692756343391435e-05,-0.0020635293661991,0.0434802691087627,0.052785248372361,0.0923015024487981,-0.4100000000000001,0.2400000000000002,0.0567984975512018,0.04,-0.1200000000000001,-0.06,0.20625315563261906
2019-09-24,2966.6,17.05,1.64,1.6,,-0.0084520120896715,-0.0130939700438149,0.0621735328911481,0.0691937633595442,0.0943888981254865,2.140000000000001,2.610000000000001,0.0761111018745134,0.0399999999999998,-0.1700000000000001,-0.1199999999999998,0.2507495119554514
2019-09-25,2984.87,15.96,1.73,1.68,,0.0061396789000371,-0.0072969146787134,0.0878771202406645,0.066041327054735,0.0940237211577225,-1.09,2.0100000000000016,0.0655762788422775,0.05,-0.07,-0.09,0.3682645457676357
2019-09-26,2977.62,16.07,1.7,1.66,,-0.0024318711052058,-0.0097487408185752,0.0869962838037985,0.0636968677774195,0.0936525856401514,0.1099999999999994,2.02,0.0670474143598485,0.04,-0.09,-0.08,0.38732023606274507
2019-09-27,2961.79,17.22,1.69,1.63,,-0.0053305084118475,-0.0101716402701219,0.087948722116029,0.0671081549962441,0.0869120395114312,1.1499999999999986,1.8999999999999984,0.0852879604885687,0.06,-0.05,-0.06,0.439403823687616
2019-09-30,2976.74,16.24,1.68,1.63,,0.0050349266847075,-0.0050397860219805,0.101563074335346,0.0738207978023908,0.0883063224567772,-0.9800000000000004,1.3299999999999983,0.0740936775432227,0.05,-0.04,-0.05,0.4379087089201477
2019-10-01,2940.25,18.56,1.65,1.56,,-0.012334130226057,-0.008921904158366,0.1213089639163366,0.0911435292059549,0.0963478158906259,2.3200000000000003,1.509999999999998,0.089252184109374,0.0899999999999998,0.01,-0.04,0.4641222199997824
2019-10-02,2887.61,20.56,1.6,1.48,,-0.0180654413886068,-0.0331270244470099,0.141694943747404,0.1192628677248863,0.1093707440868424,2.0,4.599999999999998,0.0962292559131575,0.1200000000000001,-0.1299999999999999,-0.1999999999999999,0.3922588935165933
2019-10-03,2910.63,19.12,1.54,1.39,,0.0079403822367327,-0.0227547711050712,0.176011983269801,0.1326888752604935,0.1022341130199375,-1.4399999999999975,3.0500000000000007,0.0889658869800624,0.1500000000000001,-0.1599999999999999,-0.27,0.38507790656553864
2019-10-04,2952.01,17.04,1.52,1.4,,0.0141167416692291,-0.0033075210239946,0.2193879894313728,0.1579914192700076,0.1155738621027847,-2.080000000000002,-0.1799999999999997,0.0548261378972152,0.1200000000000001,-0.1699999999999999,-0.2299999999999999,0.3576221745293485
2019-10-07,2938.79,17.86,1.56,1.46,,-0.0044883622575893,-0.0128308099662914,0.2141650655772324,0.1585547836945851,0.1164435825313179,0.8200000000000003,1.620000000000001,0.062156417468682,0.1,-0.1199999999999998,-0.1699999999999999,0.35114455509967984
2019-10-08,2893.06,20.28,1.54,1.42,,-0.0156831665132841,-0.0161798462535185,0.2248418048808082,0.1707520250165147,0.1279283058204047,2.4200000000000017,1.7200000000000024,0.0748716941795952,0.1200000000000001,-0.1099999999999998,-0.1400000000000001,0.29334414439680273
2019-10-09,2919.4,18.64,1.59,1.47,,0.0090633502188504,0.0109489453539386,0.1922401607124152,0.1754647042593508,0.1297579110478321,-1.6400000000000006,-1.9199999999999984,0.0566420889521678,0.1200000000000001,-0.01,-0.01,0.25760430873710305
2019-10-10,2938.13,17.57,1.67,1.53,,0.006395208846051,0.0094037719632568,0.1896233605052374,0.1806808358837531,0.1318723604417916,-1.0700000000000005,-1.5500000000000007,0.0438276395582083,0.1399999999999999,0.1299999999999999,0.1400000000000001,0.24077329336656927
2019-10-11,2970.27,15.58,1.76,1.63,,0.0108795332131446,0.0061665635071724,0.177466253016247,0.1887865791085562,0.1386855676514892,-1.99,-1.459999999999999,0.0171144323485107,0.1300000000000001,0.24,0.2299999999999999,0.1789699830407872
2019-10-14,2966.15,14.57,1.76,1.63,,-0.0013880421740668,0.009266883590695,0.1724633236005451,0.1870075626307237,0.1384025196916831,-1.0099999999999998,-3.289999999999999,0.0072974803083168,0.1300000000000001,0.1999999999999999,0.1699999999999999,0.20823706074192666
2019-10-15,2995.68,13.54,1.77,1.61,,0.0099064352722359,0.0348564853762151,0.0787655835115586,0.1803299560856436,0.1429571926863466,-1.0300000000000011,-6.740000000000002,-0.0075571926863466,0.1599999999999999,0.2299999999999999,0.1900000000000001,0.14782710013356617
2019-10-16,2989.69,13.68,1.75,1.58,,-0.0020015477739079,0.0237915873834568,0.0972517127311891,0.1452251214600812,0.1430884710412164,0.1400000000000005,-4.960000000000001,-0.0062884710412163,0.1699999999999999,0.1599999999999999,0.1100000000000001,0.1512621975926659
2019-10-17,2997.95,13.79,1.76,1.6,,0.0027590186583426,0.0201553971957481,0.0968210733495278,0.1430766740803072,0.143495430512594,0.1099999999999994,-3.780000000000001,-0.005595430512594,0.1599999999999999,0.09,0.07,0.147951339462541
2019-10-18,2986.2,14.25,1.76,1.58,,-0.0039270456457136,0.0053488183368901,0.0874475814510145,0.1319015850572584,0.143105668151446,0.4600000000000008,-1.33,-0.000605668151446,0.1799999999999999,0.0,-0.0499999999999998,0.14888338750010743
2019-10-21,3006.72,14.0,1.8,1.62,,0.0068481074978751,0.0135849680088319,0.0922784984897182,0.1305992821913724,0.145214348095834,-0.25,-0.5700000000000003,-0.0052143480958339,0.1799999999999999,0.04,-0.0099999999999997,0.13474044605648144
2019-10-22,2995.99,14.46,1.78,1.6,,-0.0035750557426104,0.0001034769939854,0.0739126374114917,0.0925588248802181,0.1423420396360433,0.4600000000000008,0.9200000000000016,0.0022579603639567,0.1799999999999999,0.01,-0.01,0.12291835385613457
2019-10-23,3004.52,14.01,1.77,1.58,,0.0028430935856431,0.0049481183535368,0.0735633487350134,0.0871944003152922,0.1410829459677223,-0.450000000000001,0.33,-0.0009829459677223,0.1899999999999999,0.02,0.0,0.1254213419924405
2019-10-24,3010.29,13.71,1.77,1.58,,0.0019185981834693,0.0041076978786635,0.0725244622229234,0.0850007800788251,0.1407990368316441,-0.2999999999999989,-0.0799999999999983,-0.0036990368316441,0.1899999999999999,0.01,-0.02,0.13081510934998228
2019-10-25,3022.55,12.65,1.8,1.63,,0.0040644263323678,0.0120991698567448,0.060803395357292,0.0718987128184864,0.1395424716809365,-1.0600000000000005,-1.5999999999999996,-0.0130424716809365,0.1700000000000001,0.04,0.0499999999999998,0.19039789417474537
2019-10-28,3039.42,13.11,1.85,1.64,,0.0055658617746479,0.0108169241335178,0.0553576848298913,0.0718890057262203,0.1397578761355112,0.4599999999999991,-0.8900000000000006,-0.0086578761355111,0.2100000000000002,0.05,0.0199999999999997,0.17857596930534933
2019-10-29,3036.89,13.2,1.84,1.64,,-0.0008327422880678,0.0135592375880604,0.0382188904425587,0.0598680911587126,0.1308362756599404,0.0899999999999998,-1.2600000000000016,0.0011637243400595,0.2000000000000001,0.06,0.0399999999999998,0.17907916381463726
2019-10-30,3046.77,12.33,1.78,1.61,,0.0032480476180495,0.0139641916204667,0.038414128870392,0.0573462617596129,0.1082314960433265,-0.8699999999999992,-1.6799999999999995,0.0150685039566734,0.1699999999999999,0.01,0.03,0.17185772999513207
2019-10-31,3037.56,13.22,1.69,1.52,,-0.0030274515138039,0.0090181419231933,0.0570388417953214,0.0620578067309543,0.1081669369497257,0.8900000000000006,-0.4900000000000002,0.0240330630502742,0.1699999999999999,-0.08,-0.06,0.17058303853035642
2019-11-01,3066.91,12.3,1.73,1.56,,0.0096159785071027,0.0145696940979282,0.0799259788904315,0.067077623279085,0.1025902001633216,-0.92,-0.3499999999999996,0.0204097998366784,0.1699999999999999,-0.07,-0.0699999999999998,0.08628427148389475
2019-11-04,3078.27,12.83,1.79,1.6,,0.0036972108027207,0.0127010431260012,0.077069814762855,0.063338926121082,0.0998992965010201,0.5299999999999994,-0.2799999999999993,0.0284007034989799,0.1899999999999999,-0.06,-0.0399999999999998,0.07051739501075209
2019-11-05,3074.62,13.1,1.86,1.63,,-0.0011864344814073,0.0123473509326616,0.0780793031632158,0.0579897070770573,0.0755339661464138,0.2699999999999996,-0.0999999999999996,0.0554660338535861,0.2300000000000002,0.02,-0.01,0.07234585568017073
2019-11-06,3076.78,12.62,1.81,1.61,,0.0007022791848279,0.0098015824994401,0.0785701915115019,0.0587199847623363,0.0724640834656105,-0.4800000000000004,0.2899999999999991,0.0537359165343894,0.1999999999999999,0.03,0.0,0.07236805444579311
2019-11-07,3085.18,12.73,1.92,1.68,,0.0027264069235454,0.0155554409367897,0.0650061481712633,0.058683585921232,0.0710897422124538,0.1100000000000012,-0.4900000000000002,0.0562102577875461,0.24,0.2299999999999999,0.1599999999999999,0.05950109294295277
2019-11-08,3093.08,12.07,1.94,1.68,,0.002557355729783,0.00849681815947,0.0308476141549799,0.0580118006396816,0.0637474043662188,-0.6600000000000001,-0.2300000000000004,0.0569525956337811,0.26,0.2099999999999999,0.1199999999999998,0.12923513568017966
2019-11-11,3087.01,12.69,1.94,1.68,,-0.0019643733187996,0.0028352340379495,0.0337918628362862,0.0584802026595783,0.064188053590663,0.6199999999999992,-0.1400000000000005,0.0627119464093369,0.26,0.1499999999999999,0.0799999999999998,0.12567048788003857
2019-11-12,3091.84,12.68,1.92,1.66,,0.00156339803808,0.0055850665574371,0.0302563928127849,0.0569596987168796,0.0569797115901241,-0.0099999999999997,-0.4199999999999999,0.0698202884098758,0.26,0.0599999999999998,0.03,0.12355430887953699
2019-11-13,3094.04,13.0,1.88,1.63,,0.0007112973716774,0.0055940847442865,0.0302486718068181,0.0565677028999424,0.0555130663240969,0.3200000000000003,0.3800000000000008,0.074486933675903,0.25,0.0699999999999998,0.0199999999999997,0.13677366708042454
2019-11-14,3096.63,13.05,1.82,1.58,,0.0008367430830954,0.0037044209038365,0.0266868612620247,0.050871524109523,0.0554530814129475,0.0500000000000007,0.3200000000000003,0.0750469185870524,0.24,-0.0999999999999998,-0.0999999999999998,0.13843015579507087
2019-11-15,3120.46,12.05,1.84,1.61,,0.0076660034526,0.0088130686266533,0.0565401257778993,0.0429417756321307,0.0553430794745411,-1.0,-0.0199999999999995,0.0651569205254588,0.2299999999999999,-0.0999999999999998,-0.0699999999999998,0.0744508572852641
2019-11-18,3122.03,12.46,1.81,1.6,,0.0005030044207048,0.011280446366158,0.0484245511722396,0.0418258468794965,0.0527979600086549,0.4100000000000001,-0.2299999999999986,0.071802039991345,0.2099999999999999,-0.1299999999999999,-0.0799999999999998,0.13991435931276444
2019-11-19,3120.18,12.86,1.79,1.6,,-0.0005927388069818,0.0091243095210958,0.0526063561301479,0.0408889734013958,0.0496790678105177,0.3999999999999986,0.1799999999999997,0.0789209321894822,0.1899999999999999,-0.1299999999999999,-0.0599999999999998,0.1438734072064709
2019-11-20,3108.46,12.78,1.73,1.56,,-0.0037632657632212,0.0046497463861972,0.0663652410476435,0.0486481496620885,0.0536243919146687,-0.08,-0.2200000000000006,0.0741756080853312,0.1699999999999999,-0.1499999999999999,-0.0699999999999998,0.14664183157795305
2019-11-21,3103.54,13.13,1.77,1.6,,-0.001584031239135,0.0022289720639665,0.0687613715754824,0.049234267946075,0.0548624796190069,0.3500000000000014,0.08,0.076437520380993,0.1699999999999999,-0.05,0.02,0.15793212836209775
2019-11-22,3110.29,12.34,1.77,1.61,,0.0021725739696912,-0.003264457418942,0.0353759571093523,0.0488408024653807,0.0541070018772918,-0.7900000000000009,0.2899999999999991,0.0692929981227081,0.1599999999999999,-0.07,0.0,0.2066137139559903
2019-11-25,3133.64,11.87,1.76,1.61,,0.0074792987268079,0.003711836887161,0.0687052221356333,0.0574503958266863,0.0564232443067371,-0.4700000000000006,-0.5900000000000016,0.0622767556932627,0.1499999999999999,-0.05,0.01,0.1994255691269053
2019-11-26,3140.52,11.54,1.74,1.58,,0.0021931231456042,0.0064976988397472,0.0681389476630516,0.0575569635561143,0.0557636745862202,-0.33,-1.3200000000000005,0.0596363254137797,0.1599999999999999,-0.05,-0.02,0.22039039827581275
2019-11-27,3153.63,11.75,1.77,1.63,,0.0041657790039729,0.0144267436069414,0.0524738693091052,0.0587274954718973,0.0561998895714496,0.2100000000000008,-1.0299999999999994,0.0613001104285503,0.1400000000000001,0.04,0.0699999999999998,0.21157776497652972
2019-11-29,3140.98,12.62,1.78,1.61,,-0.0040193171713462,0.0119914576747302,0.0665118152809608,0.0658360805580463,0.0574092882878846,0.8699999999999992,-0.5100000000000016,0.0687907117121153,0.1699999999999999,0.01,0.01,0.24806426398058534
2019-12-02,3113.87,14.91,1.83,1.61,,-0.0086685275462029,0.0011503561588359,0.1032261249664581,0.0731205454156377,0.0604671998225823,2.290000000000001,2.5700000000000003,0.0886328001774176,0.2199999999999999,0.06,0.0,0.21243501945638588
2019-12-03,3093.2,15.96,1.72,1.53,,-0.0066601718383736,-0.0129891144063457,0.088412691582303,0.0797061792067595,0.0648144689383294,1.0500000000000007,4.090000000000002,0.0947855310616705,0.1899999999999999,-0.04,-0.08,0.18507840340141446
2019-12-04,3112.76,14.8,1.77,1.58,,0.0063036386858473,-0.0088785988661027,0.1055922818602104,0.087641082510809,0.0679999939535132,-1.16,3.2600000000000016,0.0800000060464868,0.1899999999999999,0.03,0.0,0.16237524821715327
2019-12-05,3117.43,14.52,1.8,1.58,,0.0014991519920369,-0.0115452258780384,0.0975284852075128,0.0856736301719551,0.0680721314219139,-0.2800000000000011,2.77,0.077127868578086,0.2199999999999999,0.03,-0.0499999999999998,0.21017168361855865
2019-12-06,3145.91,13.62,1.84,1.61,,0.0090942520403683,0.0015683433336758,0.1239071327076165,0.0953618590818076,0.0741243330402238,-0.9000000000000004,1.0,0.0620756669597761,0.2299999999999999,0.06,0.0,0.15274717151402484
2019-12-09,3135.96,15.86,1.83,1.63,,-0.0031678491662223,0.0070690217136565,0.1032110648923279,0.0978180841814324,0.0752798602888869,2.24,0.9499999999999992,0.083320139711113,0.2000000000000001,0.0,0.0199999999999997,0.18326588176183592
2019-12-10,3132.52,15.68,1.85,1.65,,-0.0010975548602935,0.0126316386917369,0.0809510303907135,0.090689551491318,0.0749368277241291,-0.1799999999999997,-0.2800000000000011,0.0818631722758709,0.2000000000000001,0.1300000000000001,0.1199999999999998,0.18251338154580887
2019-12-11,3141.63,14.99,1.79,1.61,,0.0029039810658439,0.0092319810717333,0.0742801381903955,0.0912472233582889,0.0752844389884783,-0.6899999999999995,0.1899999999999995,0.0746155610115216,0.1799999999999999,0.02,0.03,0.17672888289227262
2019-12-12,3168.57,13.94,1.9,1.66,,0.0085386084998546,0.0162714375795508,0.0877898750959312,0.0990927696016479,0.0801345531433938,-1.0500000000000007,-0.5800000000000001,0.0592654468566061,0.24,0.0999999999999998,0.0799999999999998,0.13360016110501372
2019-12-13,3168.8,12.63,1.82,1.61,,7.258531539142115e-05,0.007249770854574,0.0719074333124994,0.095979191724198,0.0802251056298681,-1.3099999999999987,-0.9899999999999984,0.0460748943701318,0.2099999999999999,-0.02,0.0,0.15485178461163507
2019-12-16,3191.45,12.14,1.89,1.65,,0.0071223916512376,0.017540011672034,0.0672322878931826,0.0839667837104472,0.0796608934684896,-0.4900000000000002,-3.719999999999999,0.0417391065315103,0.24,0.0599999999999998,0.02,0.10669763470057725
2019-12-17,3192.52,12.29,1.89,1.63,,0.0003352146109771,0.0189727811433045,0.0615808952881793,0.068632999959157,0.0796804866933493,0.1499999999999985,-3.390000000000001,0.0432195133066506,0.26,0.0399999999999998,-0.02,0.1066100028425859
2019-12-18,3191.14,12.58,1.92,1.63,,-0.000432353860167,0.0156364462172937,0.0687575016869296,0.0683245235386299,0.0796368812724354,0.2900000000000009,-2.41,0.0461631187275645,0.29,0.1299999999999999,0.0199999999999997,0.1338351829050982
2019-12-19,3205.37,12.5,1.92,1.62,,0.0044493085995832,0.0115471463170225,0.0527466563128016,0.0687342100413508,0.0782757152707103,-0.08,-1.4399999999999995,0.0467242847292896,0.2999999999999998,0.02,-0.0399999999999998,0.11368142859895439
2019-12-20,3221.22,12.51,1.92,1.63,,0.0049326414590377,0.016407202460669,0.0510185800740917,0.0607431143465879,0.0782496333836491,0.0099999999999997,-0.120000000000001,0.0468503666163508,0.29,0.0999999999999998,0.0199999999999997,0.12354084141811873
2019-12-23,3224.01,12.61,1.93,1.64,,0.0008657565903054,0.0101505673997367,0.0393429495477082,0.0533835292966812,0.0783180485541446,0.0999999999999996,0.4699999999999988,0.0477819514458553,0.29,0.04,-0.01,0.13135506992284882
2019-12-24,3223.38,12.67,1.9,1.62,,-0.0001954279179653,0.0096199248707942,0.0409314298501248,0.051720131102915,0.0756224432287308,0.0600000000000005,0.3800000000000008,0.0510775567712691,0.2799999999999998,0.01,-0.0099999999999997,0.18651764180169544
2019-12-26,3239.91,12.65,1.9,1.64,,0.0051150531820716,0.0151673319130329,0.0397411598103672,0.0529500403993265,0.0767260740182484,-0.0199999999999995,0.0700000000000002,0.0497739259817515,0.26,-0.02,0.01,0.2021013080639607
2019-12-27,3240.02,13.43,1.88,1.59,,3.395098404170214e-05,0.0107519742974913,0.0421217807763588,0.0450206749974498,0.0762637781475845,0.7799999999999994,0.9299999999999996,0.0580362218524154,0.2899999999999998,-0.04,-0.03,0.2097135085857729
2019-12-30,3221.29,14.82,1.9,1.58,,-0.0057976021775765,2.17306608769034e-05,0.0617703725468926,0.0600367356422515,0.0781623086418989,1.3900000000000006,2.3100000000000005,0.070037691358101,0.3199999999999998,-0.02,-0.0499999999999998,0.19363692663599785
2019-12-31,3230.78,13.78,1.92,1.58,,0.0029416937024937,0.0020976677730651,0.0652540876231038,0.052554790637919,0.0689152747028612,-1.040000000000001,1.17,0.0688847252971387,0.3399999999999998,-0.01,-0.0599999999999998,0.20332606551690574
2020-01-02,3257.85,12.47,1.88,1.58,,0.0083438744546931,0.0106369701457235,0.0852735538658723,0.0630818781491921,0.0648198978278303,-1.3099999999999987,-0.1999999999999993,0.0598801021721696,0.2999999999999998,-0.02,-0.04,0.18677572025363948
2020-01-03,3234.85,14.02,1.8,1.53,,-0.0070849095780836,-0.0015629926144316,0.1008982336901411,0.0775262164267816,0.0717105573590341,1.549999999999999,1.3699999999999992,0.0684894426409658,0.27,-0.0999999999999998,-0.1099999999999998,0.15587191119346483
2020-01-06,3246.28,13.85,1.81,1.54,,0.0035271663583225,0.0019302227598492,0.1046326638582127,0.076630500318944,0.0719123792449617,-0.1699999999999999,0.4199999999999999,0.0665876207550382,0.27,-0.0699999999999998,-0.05,0.18259351213329875
2020-01-07,3237.18,13.79,1.83,1.54,,-0.0028071449428897,0.004920679994536,0.0952298791608504,0.0761154297348931,0.0687338576027566,-0.0600000000000005,-1.0300000000000011,0.0691661423972433,0.29,-0.0699999999999998,-0.04,0.1786995692352677
2020-01-08,3253.05,13.45,1.87,1.58,,0.0048904373587368,0.0068694236507791,0.0986954460213009,0.0792810355298813,0.0675257157346214,-0.3399999999999998,-0.33,0.0669742842653784,0.29,-0.0499999999999998,0.0,0.163665294113725
2020-01-09,3274.7,12.54,1.85,1.58,,0.0066332440375756,0.0051587932336617,0.0915749242913034,0.0839222163891112,0.0686427023831234,-0.91,0.0699999999999985,0.0567572976168765,0.27,-0.0299999999999998,0.0,0.18218579122036543
2020-01-10,3265.35,12.56,1.83,1.56,,-0.0028593073050462,0.0093843955066989,0.07045828907266,0.0840630702188338,0.0708920408189757,0.0200000000000013,-1.459999999999999,0.0547079591810242,0.27,0.03,0.03,0.18675065792330675
2020-01-13,3288.13,12.32,1.85,1.58,,0.0069520595923161,0.0128092887406925,0.0791689105960088,0.0893466194938504,0.0691326631702792,-0.2400000000000002,-1.5299999999999994,0.0540673368297208,0.27,0.04,0.04,0.15643962216238672
2020-01-14,3283.15,12.39,1.82,1.58,,-0.0015156867317727,0.0141007469518095,0.0740142729294209,0.0818610376650662,0.0699004694408336,0.0700000000000002,-1.3999999999999986,0.0539995305591663,0.24,-0.01,0.04,0.15464633265603225
2020-01-15,3289.29,12.42,1.79,1.56,,0.0018684086233433,0.011078718216416,0.0717640812532078,0.0816564587800606,0.0669946620470418,0.0299999999999993,-1.0299999999999994,0.0572053379529581,0.2299999999999999,-0.08,-0.02,0.15285106640163082
2020-01-16,3316.81,12.32,1.81,1.58,,0.0083317416322013,0.0127772158110416,0.0789992047917919,0.0816292306056786,0.071026963674771,-0.0999999999999996,-0.2199999999999988,0.0521730363252289,0.2299999999999999,-0.04,0.0,0.16328376382177345
2020-01-17,3329.62,12.1,1.84,1.58,,0.0038547057177216,0.0194912288338094,0.0627065486245483,0.0651153323567138,0.0707818590059666,-0.2200000000000006,-0.4600000000000008,0.0502181409940333,0.26,0.01,0.02,0.2937192431019799
2020-01-21,3320.79,12.85,1.78,1.53,,-0.0026554769371424,0.0098836923043508,0.0699104994877909,0.070582077564567,0.0721654853726637,0.75,0.5299999999999994,0.0563345146273362,0.25,-0.07,-0.05,0.33122634227619063
2020-01-22,3321.75,12.91,1.77,1.53,,0.0002890460596951,0.0116884250958188,0.0652492843455849,0.0659031048815834,0.0713430566435674,0.0600000000000005,0.5199999999999996,0.0577569433564325,0.24,-0.05,-0.05,0.3314805560328779
2020-01-23,3325.54,12.98,1.74,1.51,,0.0011403144471457,0.0109603309196213,0.0657817494925242,0.0649013275755061,0.0713154677361131,0.0700000000000002,0.5600000000000005,0.0584845322638868,0.2299999999999999,-0.05,-0.05,0.3346933469122176
2020-01-24,3295.47,14.56,1.7,1.49,,-0.0090832687899366,-0.0064546795025165,0.0783609883787891,0.0808605751504862,0.0805778762728686,1.58,2.24,0.0650221237271313,0.2099999999999999,-0.1100000000000001,-0.09,0.41430826708541574
2020-01-27,3243.63,18.23,1.61,1.44,,-0.0158557251183836,-0.0261651103386218,0.1137612616592037,0.1154817813942072,0.0990138750713471,3.67,6.130000000000001,0.0832861249286529,0.1700000000000001,-0.2299999999999999,-0.1400000000000001,0.348517821737513
2020-01-28,3276.24,16.28,1.65,1.45,,0.0100033503525893,-0.0135062830488901,0.158522031477576,0.1219533341873376,0.1051182814675441,-1.9499999999999995,3.430000000000001,0.0576817185324558,0.1999999999999999,-0.1300000000000001,-0.08,0.38982526289415137
2020-01-29,3273.4,16.39,1.6,1.42,,-0.0008672232910484,-0.0146625523996336,0.1573561570984106,0.1218249848095857,0.1025924341184031,0.1099999999999994,3.4800000000000004,0.0613075658815968,0.1800000000000001,-0.1699999999999999,-0.1100000000000001,0.4281546360318663
2020-01-30,3283.66,15.49,1.57,1.41,,0.0031294538629889,-0.0126734129837903,0.161186708878055,0.1226146319814075,0.1026465140489335,-0.9000000000000004,2.51,0.0522534859510664,0.1600000000000001,-0.1699999999999999,-0.1,0.42851638851672813
2020-01-31,3225.52,18.84,1.51,1.33,,-0.0178644763926437,-0.0214546205864975,0.1926474647198799,0.1409034011537966,0.1181293852587021,3.35,4.279999999999999,0.0702706147412979,0.1799999999999999,-0.1899999999999999,-0.1599999999999999,0.3325561935421894
2020-02-03,3248.92,17.97,1.54,1.36,,0.0072284558629105,0.0016295603947965,0.1741628810394278,0.1462742617743599,0.1184705582066857,-0.870000000000001,-0.2600000000000015,0.0612294417933143,0.1799999999999999,-0.07,-0.0799999999999998,0.3329478599431447
2020-02-04,3297.59,16.05,1.61,1.41,,0.0148692652180662,0.0064954752602735,0.1935441158806638,0.1701097715779655,0.1290429643736177,-1.9199999999999984,-0.2300000000000004,0.0314570356263823,0.2000000000000001,-0.0399999999999998,-0.04,0.23633783698545857
2020-02-05,3334.69,15.15,1.66,1.44,,0.0111878228829336,0.0185505214342556,0.2036987060239027,0.1803745549135809,0.1333668355320455,-0.9000000000000004,-1.2400000000000002,0.0181331644679544,0.2199999999999999,0.0599999999999998,0.02,0.18646930826393485
2020-02-06,3345.78,14.96,1.65,1.44,,0.003320128729662,0.0187411963009289,0.2036689595350796,0.1809598231149834,0.1329506801920869,-0.1899999999999995,-0.5299999999999994,0.016649319807913,0.2099999999999999,0.0799999999999998,0.03,0.18073167743949278
2020-02-07,3327.71,15.47,1.59,1.41,,-0.0054154705145391,0.0311902021790334,0.1240595167450237,0.1763382062985096,0.1335446182864863,0.5099999999999998,-3.369999999999999,0.0211553817135136,0.1800000000000001,0.08,0.0799999999999998,0.1616426217146282
2020-02-10,3352.09,15.04,1.56,1.37,,0.007299652162371,0.0312613984784941,0.124096349347221,0.1509441423853909,0.1347132097371827,-0.4300000000000015,-2.93,0.0156867902628172,0.1899999999999999,0.02,0.01,0.12188294058805427
2020-02-11,3357.75,15.18,1.59,1.41,,0.0016870749056512,0.0180792081660789,0.0992244194845463,0.1462876349034192,0.1330754193791552,0.1400000000000005,-0.870000000000001,0.0187245806208447,0.1800000000000001,-0.02,0.0,0.14033013104481246
2020-02-12,3379.45,13.74,1.62,1.44,,0.006441867553745,0.0133332528368902,0.0803288726289065,0.146237821420119,0.1340367918159368,-1.4399999999999995,-1.41,0.0033632081840631,0.1800000000000001,-0.0399999999999998,0.0,0.1136569026380254
2020-02-13,3373.94,14.15,1.61,1.44,,-0.0016317734419649,0.0083813506652634,0.085328026558978,0.1482311611033388,0.134465461032248,0.4100000000000001,-0.8100000000000005,0.0070345389677519,0.1700000000000001,-0.0399999999999998,0.0,0.20105197628854724
2020-02-14,3380.16,13.68,1.59,1.42,,0.0018418447338326,0.015638665913635,0.0587412045080818,0.0951372098425738,0.1318940396178874,-0.4700000000000006,-1.790000000000001,0.0049059603821125,0.1700000000000001,0.0,0.01,0.5765325023230911
2020-02-18,3370.29,14.83,1.55,1.41,,-0.0029242515783095,0.0054147621729544,0.0578310921502286,0.1010017499803377,0.1321060627890602,1.1500000000000004,-0.209999999999999,0.0161939372109397,0.1400000000000001,-0.01,0.0399999999999998,0.7539790498196944
2020-02-19,3386.15,14.38,1.56,1.42,,0.004694788714441,0.008422475981744,0.0634768961025126,0.0801728476139124,0.1322748487423528,-0.4499999999999993,-0.7999999999999989,0.0115251512576471,0.1400000000000001,-0.03,0.01,0.7526895524307998
2020-02-20,3373.23,15.56,1.52,1.39,,-0.0038228404778309,-0.0018422320498318,0.0564509589011308,0.070206992973746,0.1333583178573632,1.1799999999999995,1.8200000000000005,0.0222416821426367,0.1300000000000001,-0.1,-0.05,1.0377765282516265
2020-02-21,3337.75,17.08,1.46,1.34,,-0.0105738150228934,-0.0107842736307603,0.092952069717783,0.090024892003648,0.1392768040831576,1.5199999999999978,2.929999999999998,0.0315231959168423,0.1199999999999998,-0.1500000000000001,-0.0999999999999998,1.0324971400339804
2020-02-24,3225.89,25.03,1.38,1.26,,-0.0340880461205214,-0.0467141644851143,0.2357998000382918,0.1926951422961386,0.1828178681688532,7.950000000000003,11.35,0.0674821318311467,0.1199999999999998,-0.2100000000000002,-0.1599999999999999,1.133037547564387
2020-02-25,3128.21,27.85,1.33,1.2,,-0.0307479251880992,-0.0745378380949041,0.2685458929358073,0.2267975769578656,0.2050825190565928,2.8200000000000003,13.02,0.0734174809434071,0.1300000000000001,-0.2199999999999999,-0.2099999999999999,1.1181962140725226
2020-02-26,3116.39,27.56,1.33,1.16,,-0.003785675340731,-0.083018302150076,0.234084825622925,0.222612710158694,0.2003321940272557,-0.2900000000000027,13.179999999999998,0.0752678059727442,0.1700000000000001,-0.2299999999999999,-0.26,1.295122442525935
2020-02-27,2978.76,39.16,1.3,1.11,,-0.0451681741006528,-0.1243636357728979,0.2727076740285457,0.2765892267265034,0.2508813230661134,11.599999999999998,23.599999999999994,0.1407186769338865,0.1899999999999999,-0.2199999999999999,-0.2799999999999998,1.2096901882244504
2020-02-28,2954.22,40.11,1.13,0.86,,-0.0082724499142758,-0.1220622706642804,0.2806825471170506,0.2711574967110242,0.2494124858969257,0.9500000000000028,23.03,0.1516875141030743,0.2699999999999999,-0.33,-0.4800000000000001,1.2331526661639003
2020-03-02,3090.23,33.42,1.1,0.84,,0.0450108651727778,-0.0429633593709809,0.5456059089831562,0.3963029062675059,0.3017276636702698,-6.689999999999998,8.39,0.0324723363297301,0.2600000000000001,-0.2799999999999998,-0.42,1.6072538550917659
2020-03-03,3003.37,36.82,1.02,0.71,,-0.0285105302619053,-0.0407259644447871,0.5400854382632989,0.4060714807765079,0.3134476443661483,3.3999999999999986,8.969999999999999,0.0547523556338516,0.31,-0.31,-0.49,1.7216996125435267
2020-03-04,3130.12,31.99,1.02,0.67,,0.0413363509406416,0.0043960618365856,0.6473731812113716,0.4816765852889536,0.3468052132202119,-4.830000000000002,4.43,-0.0269052132202119,0.35,-0.31,-0.4899999999999999,1.7793969060011436
2020-03-05,3023.94,39.62,0.92,0.59,,-0.0345107256246965,0.015053510312542,0.6024801448141109,0.498801134406501,0.3603693350545663,7.629999999999999,0.4600000000000008,0.0358306649454336,0.33,-0.38,-0.5200000000000001,2.3202036812283353
2020-03-06,2972.37,41.94,0.74,0.49,,-0.01720100245462,0.0061249577721979,0.6161928952524719,0.499776732054252,0.3615279049226527,2.3200000000000003,1.8299999999999983,0.0578720950773473,0.25,-0.3899999999999999,-0.37,2.7011644977357
2020-03-09,2746.56,54.46,0.54,0.38,,-0.0790103948482666,-0.1178963022488468,0.6860627222193671,0.5976777377985234,0.4449354991838247,12.520000000000003,21.04,0.0996645008161752,0.16,-0.56,-0.4599999999999999,3.1352035275339873
2020-03-10,2882.23,47.3,0.76,0.5,,0.0482150805358002,-0.041170691451141,0.8483543265891992,0.670455430648606,0.4872362714089235,-7.160000000000004,10.479999999999997,-0.0142362714089235,0.26,-0.26,-0.2099999999999999,3.177740390542103
2020-03-11,2741.38,53.9,0.82,0.5,,-0.0501028568374107,-0.1326098992291936,0.7549751529451432,0.7015330854736449,0.508432546209358,6.600000000000001,21.91,0.030567453790642,0.3199999999999999,-0.2,-0.17,3.190495076583091
2020-03-12,2480.64,75.47,0.88,0.5,,-0.0999448518460074,-0.1980440254505045,0.9228467840257748,0.816691166461385,0.5952444525352596,21.57,35.85,0.1594555474647404,0.38,-0.04,-0.0899999999999999,2.7690425685095827
2020-03-13,2711.02,57.83,0.94,0.49,,0.0888083564407466,-0.0920346665551379,1.3104753431000546,0.9792835870450868,0.7003932438715652,-17.64,15.89,-0.1220932438715651,0.4499999999999999,0.1999999999999999,0.0,2.4850063447260293
2020-03-16,2386.13,82.69,0.73,0.36,,-0.1276521411564732,-0.1406764128633445,1.485941836092703,1.0917823307151655,0.8111338470746415,24.86,28.23,0.0157661529253584,0.37,0.1899999999999999,-0.02,1.513822124896717
2020-03-17,2529.19,75.91,1.02,0.47,,0.0582262866907417,-0.1306652067084031,1.519665655578353,1.169909238309087,0.8535547996980601,-6.780000000000001,28.61,-0.0944547996980601,0.55,0.26,-0.03,1.8612240614136482
2020-03-18,2398.1,76.45,1.18,0.54,,-0.0532223362214245,-0.1337846860924169,1.522923371772648,1.1331944567143335,0.8611355599812918,0.5400000000000063,22.550000000000004,-0.0966355599812917,0.6399999999999999,0.36,0.04,1.668377374257031
2020-03-19,2409.39,72.0,1.12,0.44,,0.0046968462774209,-0.0291429879689886,1.3806512352266067,1.1426222572140636,0.8634255599615589,-4.450000000000003,-3.469999999999999,-0.1434255599615589,0.6800000000000002,0.2400000000000001,-0.06,1.9239656341374929
2020-03-20,2304.92,66.04,0.92,0.37,,-0.0443276347431585,-0.1622789791528935,1.100908646613492,1.1470602682628404,0.8684826843670836,-5.959999999999994,8.210000000000008,-0.2080826843670835,0.55,-0.0199999999999999,-0.12,1.871469560121088
2020-03-23,2237.4,61.59,0.76,0.28,,-0.0297314912572599,-0.0643583292536803,0.7216129330868504,1.1086412904952372,0.8675836322114644,-4.450000000000003,-21.099999999999994,-0.2516836322114644,0.48,0.03,-0.0799999999999999,1.8850764016514812
2020-03-24,2447.33,61.67,0.84,0.38,,0.0896831569482164,-0.0329014589962056,0.9232546647837128,1.1966614128203508,0.9463954629374092,0.0799999999999983,-14.239999999999997,-0.329695462937409,0.4599999999999999,-0.18,-0.0899999999999999,1.2618736147752225
2020-03-25,2475.56,63.95,0.88,0.34,,0.011468998674479,0.0317898758996979,0.8265211754642156,1.1879294674028549,0.9497530847243212,2.280000000000001,-12.5,-0.3102530847243212,0.54,-0.2999999999999999,-0.2,1.4397227484956951
2020-03-26,2630.07,61.0,0.83,0.3,,0.0605438287516677,0.0876368583739447,0.910296754701604,1.1196734583058612,0.9738864993337152,-2.950000000000003,-11.0,-0.3638864993337153,0.53,-0.2900000000000001,-0.14,1.1302576622934726
2020-03-27,2541.47,65.54,0.72,0.25,,-0.0342678080226294,0.0976966850944738,0.8691013093457531,1.0313178654087358,0.9789695755957784,4.540000000000006,-0.5,-0.3235695755957783,0.47,-0.2,-0.12,1.0198974884640108
2020-03-30,2626.65,57.08,0.7,0.23,,0.0329666162214555,0.1603947925731892,0.7511487818734125,0.7897081604589936,0.9713005216016516,-8.460000000000008,-4.510000000000005,-0.4005005216016516,0.47,-0.06,-0.05,1.3894161714512911
2020-03-31,2584.59,53.54,0.7,0.23,,-0.0161423819730624,0.0545692536519102,0.6004672609897054,0.7486765207614272,0.968847057200111,-3.539999999999999,-8.130000000000003,-0.433447057200111,0.47,-0.14,-0.15,1.3658186696407142
2020-04-01,2470.5,57.06,0.62,0.23,,-0.0451463287271522,-0.002046073749721,0.7198247351056064,0.7328779171152817,0.959609338391678,3.520000000000003,-6.890000000000001,-0.389009338391678,0.39,-0.26,-0.11,1.2784614349593706
2020-04-02,2526.9,50.91,0.63,0.23,,0.0225726957036229,-0.0400172067977656,0.5469856009170618,0.7395179990196347,0.963103210881172,-6.150000000000006,-10.090000000000003,-0.4540032108811721,0.4,-0.1999999999999999,-0.0699999999999999,1.24827782703916
2020-04-03,2488.65,46.8,0.62,0.23,,-0.0152528602319536,-0.0210022590070899,0.5044699457975166,0.6987577802878019,0.9629074169885716,-4.109999999999999,-18.74000000000001,-0.4949074169885716,0.39,-0.0999999999999999,-0.0199999999999999,1.2351364831439358
2020-04-06,2663.68,45.24,0.67,0.27,,0.067968230567686,0.0139993553391407,0.6929285329698203,0.7239992866123534,0.9622703270111158,-1.5599999999999952,-11.839999999999996,-0.5098703270111158,0.4,-0.0299999999999999,0.04,0.768073675542569
2020-04-07,2659.41,46.7,0.75,0.28,,-0.0016043316629523,0.028537405649251,0.6753546677248861,0.6040360910975807,0.9441901184370504,1.4600000000000009,-6.839999999999996,-0.4771901184370502,0.47,0.05,0.05,0.8451890118343132
2020-04-08,2749.98,43.35,0.77,0.27,,0.0334893452446899,0.1071730796210932,0.5137036507819299,0.6172306170535449,0.9366761928745432,-3.3500000000000014,-13.71,-0.5031761928745432,0.5,0.15,0.04,0.6634713255430271
2020-04-09,2789.82,41.67,0.73,0.23,,0.0143834386982263,0.0989838226156964,0.5158460423520234,0.5525755815340287,0.8593473243913271,-1.6799999999999995,-9.239999999999997,-0.4426473243913271,0.5,0.0999999999999999,0.0,0.7511581285638934
2020-04-13,2761.63,41.17,0.76,0.25,,-0.0101559925073492,0.1040806903403007,0.4948710718123484,0.5155172127741809,0.802597668015397,-0.5,-5.629999999999996,-0.390897668015397,0.51,0.14,0.0199999999999999,0.7875804018367716
2020-04-14,2846.06,37.76,0.76,0.23,,0.0301144965504564,0.0662269563230712,0.3036783989572888,0.5118833080196437,0.6478353025269827,-3.410000000000004,-7.480000000000004,-0.2702353025269827,0.53,0.0899999999999999,-0.04,0.7977159937823158
2020-04-15,2783.36,40.84,0.63,0.2,,-0.0222767506790123,0.0455545373070109,0.3904336006016168,0.5208397898892118,0.6291491349407399,3.0800000000000054,-5.859999999999999,-0.2207491349407398,0.43,-0.12,-0.08,0.8005122379055567
2020-04-16,2799.55,40.11,0.61,0.2,,0.0057998589924373,0.0178650510547584,0.3256180789432202,0.432135212970153,0.5906766266069615,-0.730000000000004,-3.240000000000002,-0.1895766266069615,0.41,-0.16,-0.07,0.7952460876107673
2020-04-17,2874.56,38.15,0.65,0.2,,0.0264409290791854,0.0299225414357175,0.3602472992315883,0.4350851040789786,0.5942234269356661,-1.9600000000000009,-3.520000000000003,-0.2127234269356661,0.45,-0.0799999999999999,-0.03,0.7101987078290368
2020-04-20,2823.16,43.83,0.63,0.2,,-0.0180427940997903,0.0220357398432765,0.3859436384704282,0.4403319582998806,0.5698646171484124,5.68,2.6599999999999966,-0.1315646171484124,0.43,-0.13,-0.0499999999999999,0.6900089929535164
2020-04-21,2736.56,45.41,0.58,0.2,,-0.0311551677797954,-0.0392339244869754,0.3737546136408785,0.3663523893817465,0.5712066030341635,1.5799999999999983,7.649999999999999,-0.1171066030341635,0.3799999999999999,-0.18,-0.03,0.48833595614213854
2020-04-22,2799.31,41.98,0.63,0.22,,0.0226713010621011,0.005714127254138,0.3997418604620467,0.3784363610703868,0.4912623480816903,-3.43,1.1399999999999937,-0.0714623480816903,0.41,0.0,0.0199999999999999,0.5314267648233484
2020-04-23,2797.8,41.38,0.61,0.22,,-0.0005395641810268,-0.0006252959193261,0.3976168487730703,0.3440156438494546,0.4915714922562288,-0.5999999999999943,1.2700000000000031,-0.0777714922562288,0.39,0.0,0.0199999999999999,0.5512954303938056
2020-04-24,2836.74,35.93,0.6,0.22,,0.0138221114617196,-0.0132441135367919,0.3519736193296013,0.343448339280164,0.4491044468899309,-5.450000000000003,-2.219999999999999,-0.0898044468899309,0.38,-0.05,0.0199999999999999,0.6781577010079266
2020-04-27,2878.48,33.29,0.67,0.24,,0.0146068715244491,0.0194055520874475,0.3380580599486835,0.3420716797294812,0.4271560348466729,-2.640000000000001,-10.54,-0.0942560348466729,0.43,0.04,0.0399999999999999,0.6408299799075362
2020-04-28,2863.39,33.57,0.62,0.2,,-0.0052561394601198,0.0453045804071232,0.1837292530910898,0.311607680807167,0.4168429580608789,0.2800000000000011,-11.839999999999996,-0.0811429580608789,0.42,0.04,0.0,0.6512394657654802
2020-04-29,2939.51,31.23,0.63,0.2,,0.0262366632072492,0.0488699425522712,0.201274398274764,0.3069840474241255,0.4164015425795206,-2.34,-10.749999999999996,-0.1041015425795205,0.43,0.0,-0.0199999999999999,0.5128422387503034
2020-04-30,2912.43,34.15,0.64,0.2,,-0.0092551165252656,0.0401543902080324,0.2359358752410048,0.3156944284152949,0.3748517567069593,2.919999999999998,-7.230000000000004,-0.0333517567069593,0.44,0.03,-0.0199999999999999,0.5238278703318108
2020-05-01,2830.71,37.19,0.64,0.2,,-0.0284602206868288,-0.0021279419405159,0.3389947084161081,0.3263136374343183,0.3923144311853068,3.039999999999999,1.259999999999998,-0.0204144311853068,0.44,0.04,-0.0199999999999999,0.37525862001441035
2020-05-04,2842.74,35.97,0.64,0.19,,0.0042408122145938,-0.0124940012503712,0.3173309076339652,0.3136827274003133,0.3845465753600512,-1.2199999999999989,2.68,-0.0248465753600512,0.45,-0.03,-0.0499999999999999,0.3691813616896
2020-05-05,2868.44,33.61,0.66,0.19,,0.008999952189538,0.0017620903992867,0.3255596533880996,0.2596493374644684,0.3094786658092242,-2.3599999999999994,0.0399999999999991,0.0266213341907758,0.47,0.04,-0.01,0.4737787899443791
2020-05-06,2848.42,34.12,0.72,0.17,,-0.0070038733986003,-0.0314784462065628,0.2307954592475883,0.2444493748450995,0.3112949806020464,0.509999999999998,2.889999999999997,0.0299050193979534,0.5499999999999999,0.0899999999999999,-0.03,0.5388085650728526
2020-05-07,2881.19,31.44,0.63,0.13,,0.0114389486640535,-0.0107843810172435,0.2591013184502054,0.248682044614941,0.2923191933614807,-2.679999999999996,-2.7099999999999973,0.0220808066385193,0.5,-0.01,-0.07,0.538915482216528
2020-05-08,2929.8,27.98,0.69,0.16,,0.0167307580625505,0.0344065977321357,0.1424384147035761,0.2526439581956067,0.2937182688701284,-3.460000000000001,-9.209999999999996,-0.0139182688701284,0.5299999999999999,0.0499999999999999,-0.04,0.47303302596044045
2020-05-11,2930.32,27.57,0.73,0.17,,0.0001774707689824,0.0303432562865242,0.1499090828091124,0.2447060195764558,0.2901052070315927,-0.4100000000000001,-8.399999999999999,-0.0144052070315927,0.5599999999999999,0.0899999999999999,-0.0199999999999999,0.6827607087226887
2020-05-12,2870.12,33.04,0.69,0.17,,-0.0207577913383864,0.0005855127585998,0.2368802774671006,0.2684193030624707,0.28307606110899,5.469999999999999,-0.5700000000000003,0.0473239388910099,0.5199999999999999,0.0299999999999999,-0.0199999999999999,0.6209450320672679
2020-05-13,2820.0,35.28,0.64,0.16,,-0.0176169557941065,-0.0100275696369063,0.2670425253089803,0.2380262702569931,0.2785678632055012,2.240000000000002,1.1600000000000037,0.0742321367944987,0.48,-0.0799999999999999,-0.01,0.6132582353890685
2020-05-14,2852.5,32.61,0.63,0.16,,0.0114589178040714,-0.0100076004968884,0.2671058932148107,0.2480885619262875,0.2806707122668986,-2.6700000000000017,1.1699999999999982,0.0454292877331013,0.47,0.0,0.03,0.5986179962220107
2020-05-15,2863.7,31.89,0.64,0.16,,0.0039186922544353,-0.0228196663050035,0.2222133492094921,0.2003319466538277,0.264443688694374,-0.7199999999999989,3.91,0.054456311305626,0.48,-0.0499999999999999,0.0,0.5965455302437102
2020-05-18,2953.91,29.3,0.73,0.18,,0.0310152214733568,0.0080180843993708,0.3401918523542143,0.2506376164953373,0.2775273471013543,-2.59,1.7300000000000004,0.0154726528986456,0.55,0.0,0.0099999999999999,0.3886542373845775
2020-05-19,2922.94,30.53,0.7,0.17,,-0.0105397574194257,0.0182361183183315,0.3036494318611873,0.2584380172800959,0.2531822665264628,1.2300000000000004,-2.509999999999998,0.0521177334735372,0.5299999999999999,0.01,0.0,0.42148558210544806
2020-05-20,2971.61,27.99,0.68,0.16,,0.0165139344178615,0.0523670085302993,0.2438614169558863,0.2627263268341837,0.247818674694161,-2.5400000000000027,-7.290000000000003,0.0320813253058389,0.52,0.04,0.0,0.33173676301457794
2020-05-21,2948.51,29.53,0.68,0.17,,-0.0078039354726231,0.0331041552536047,0.2752775402253599,0.2656920609286157,0.2505164311759981,1.5400000000000027,-3.0799999999999983,0.0447835688240019,0.51,0.05,0.01,0.31703322011274004
2020-05-22,2955.45,28.16,0.66,0.17,,0.0023509655202508,0.0315364285194203,0.2764694535279727,0.2533579085287973,0.2469996640191776,-1.370000000000001,-3.73,0.0346003359808224,0.49,0.02,0.01,0.3203905816557642
2020-05-26,2991.77,28.01,0.69,0.18,,0.0122142619717501,0.0127354690178134,0.1889957875280323,0.2595638243349826,0.2455280040455953,-0.1499999999999985,-1.2899999999999991,0.0345719959544046,0.51,-0.04,0.0,0.28619120716862906
2020-05-27,3036.13,27.62,0.68,0.19,,0.0147184926162966,0.0379937190535359,0.1619386862919206,0.2317914782677537,0.2479990899762425,-0.3900000000000005,-2.91,0.0282009100237574,0.49,-0.0199999999999999,0.0199999999999999,0.27134281918600106
2020-05-28,3029.73,28.59,0.7,0.17,,-0.0021101714760443,0.0193696131596301,0.1509471028805502,0.1990120438405986,0.2325987924544568,0.9699999999999988,0.6000000000000014,0.0533012075455431,0.5299999999999999,0.0199999999999999,0.01,0.2745436248219562
2020-05-29,3044.31,27.51,0.65,0.16,,0.0048007678588045,0.0319743164910576,0.1106608265551894,0.1978007806532926,0.2292971880186004,-1.0799999999999983,-2.02,0.0458028119813995,0.49,-0.03,-0.01,0.48813114672969893
2020-06-01,3055.73,28.23,0.66,0.14,,0.003744242117017,0.0333675930878239,0.1078598081801112,0.197866646322852,0.198597060947263,0.7199999999999989,0.0700000000000002,0.0837029390527369,0.52,0.0,-0.03,0.5204266766667176
2020-06-02,3080.82,26.84,0.68,0.17,,0.0081772787020234,0.0293306098180973,0.0981670254930923,0.1446700220748262,0.1991971526527528,-1.3900000000000006,-1.1700000000000017,0.0692028473472471,0.51,-0.0099999999999998,-0.0099999999999999,0.5190781208749833
2020-06-03,3122.87,25.66,0.77,0.19,,0.0135566554756818,0.0281687726774822,0.0916999807992926,0.1251508616664704,0.2013526759151781,-1.1799999999999995,-1.9600000000000009,0.0552473240848218,0.5800000000000001,0.0899999999999999,0.0,0.4798754446483365
2020-06-04,3112.35,25.81,0.82,0.19,,-0.0033743829350457,0.0269045612184809,0.0986051330391681,0.1208593037210816,0.1990614718564606,0.1499999999999985,-2.780000000000001,0.0590385281435393,0.6299999999999999,0.12,0.0199999999999999,1.075879773707113
2020-06-05,3193.93,24.52,0.91,0.22,,0.0258740656015529,0.0479778589612295,0.1748267134209409,0.1405128898800408,0.2119776015210051,-1.2899999999999991,-2.990000000000002,0.0332223984789949,0.6900000000000001,0.26,0.06,1.0155020401399957
2020-06-08,3232.39,25.81,0.88,0.22,,0.011969668235859,0.0562032850800717,0.1670628170743429,0.1379677525779664,0.2091837601537155,1.2899999999999991,-2.4200000000000017,0.0489162398462844,0.66,0.2199999999999999,0.0799999999999999,1.006184555580874
2020-06-09,3207.18,27.57,0.84,0.2,,-0.007829755338198,0.0401962510398498,0.2167999482524799,0.1596980123151139,0.2134756036724411,1.7600000000000016,0.7300000000000004,0.0622243963275588,0.6399999999999999,0.1599999999999999,0.03,1.0420567159346672
2020-06-10,3190.14,27.57,0.75,0.17,,-0.0053272433765708,0.0213123521875973,0.2276993291852908,0.1640488235620477,0.1955192306741827,0.0,1.91,0.0801807693258172,0.58,-0.02,-0.0199999999999999,1.0401965306545586
2020-06-11,3002.1,40.79,0.66,0.19,,-0.0607527591986928,-0.0360660240760497,0.5224842293319253,0.369801206788466,0.2964428795847856,13.22,14.98,0.1114571204152143,0.47,-0.1599999999999999,0.0,0.3898608823705054
2020-06-12,3041.31,36.09,0.71,0.19,,0.0129762998685664,-0.0489637898090363,0.4770777653643951,0.3755724392375085,0.2970567037957128,-4.699999999999996,11.570000000000004,0.0638432962042872,0.52,-0.2,-0.03,0.3429974735124341
2020-06-15,3066.59,34.4,0.71,0.19,,0.0082778514234303,-0.0526556066214651,0.4670834158082186,0.3775556056044699,0.2975981904386932,-1.6900000000000048,8.59,0.0464018095613067,0.52,-0.17,-0.03,0.33307910652776157
2020-06-16,3124.74,33.67,0.75,0.21,,0.0187848846526729,-0.0260409666305939,0.5127631883468581,0.3873377679698289,0.2854779199555173,-0.7299999999999969,6.100000000000001,0.0512220800444826,0.54,-0.0899999999999999,0.0099999999999999,0.16332034563323145
2020-06-17,3113.49,33.47,0.74,0.19,,-0.0036067962213368,-0.02432051947536,0.5128834770055467,0.3818174706711399,0.2822197334143301,-0.2000000000000028,5.899999999999999,0.0524802665856698,0.55,-0.01,0.0199999999999999,0.44307540534504786
2020-06-18,3115.34,32.94,0.71,0.19,,0.0005940120550401,0.0370262517783731,0.1439582962498482,0.3814425192951868,0.2778508269612403,-0.5300000000000011,-7.850000000000001,0.0515491730387596,0.52,0.0499999999999999,0.0,0.4755693361214008
2020-06-19,3097.74,35.12,0.7,0.19,,-0.0056654822009647,0.0183844697088419,0.1585974739880492,0.3536048125231991,0.2769152431580461,2.18,-0.970000000000006,0.0742847568419538,0.51,-0.01,0.0,0.6079902300563328
2020-06-22,3117.86,31.77,0.71,0.19,,0.0064740556904391,0.0165806739758508,0.1557929605525111,0.3480986054118545,0.2772785240165021,-3.349999999999998,-2.629999999999999,0.0404214759834978,0.52,0.0,0.0,0.6423793031592099
2020-06-23,3131.29,31.37,0.72,0.18,,0.0042981911703125,0.0020939804934903,0.0813211898595347,0.3493016189909091,0.2750814637627695,-0.3999999999999986,-2.3000000000000007,0.0386185362372305,0.54,-0.03,-0.03,0.6833207053472138
2020-06-24,3050.33,33.84,0.69,0.19,,-0.0261952787327544,-0.0204945020179272,0.2092525832148527,0.3693407499542758,0.2885497012143739,2.4700000000000024,0.3700000000000045,0.0498502987856261,0.4999999999999999,-0.05,0.0,0.5480243727836747
2020-06-25,3083.76,32.22,0.68,0.17,,0.0108998501734092,-0.0101886638995581,0.2350182047774291,0.2000020129782604,0.2908347675659306,-1.6200000000000043,-0.7199999999999989,0.0313652324340694,0.51,-0.0299999999999999,-0.0199999999999999,0.524942826033211
2020-06-26,3009.05,34.73,0.64,0.17,,-0.0245252173351294,-0.0290483990337228,0.2859738282292055,0.2320042284303338,0.3039308901851718,2.509999999999998,-0.3900000000000005,0.0433691098148281,0.47,-0.0599999999999999,-0.0199999999999999,0.431922798307594
2020-06-29,3053.24,31.78,0.64,0.16,,0.0145789075390698,-0.0209435471850921,0.3124676414547314,0.241088546857817,0.3083773980363078,-2.949999999999996,0.0100000000000015,0.0094226019636921,0.48,-0.0699999999999999,-0.03,0.40350064220722914
2020-06-30,3100.29,30.43,0.66,0.16,,0.0152923336376814,-0.0099494047177232,0.3398301257182298,0.2338198945704584,0.3119062734259158,-1.3500000000000014,-0.9400000000000012,-0.0076062734259158,0.5,-0.0599999999999999,-0.0199999999999999,0.34525524331329777
2020-07-01,3115.86,28.62,0.69,0.17,,0.0050095420996641,0.0212554161146953,0.2634199880271133,0.2349070590283185,0.3085511269498003,-1.8099999999999987,-5.220000000000002,-0.0223511269498002,0.5199999999999999,0.0,-0.0199999999999999,0.3477772516739202
2020-07-02,3130.01,27.68,0.68,0.16,,0.0045310018326532,0.0148865677739393,0.2570971760051529,0.2359790462642827,0.3087186231259129,-0.9400000000000012,-4.539999999999999,-0.0319186231259129,0.52,0.0,-0.01,0.3782773276533844
2020-07-06,3179.72,27.94,0.69,0.16,,0.0157569431658263,0.055168728274895,0.091050040215007,0.2447257374718362,0.2995479544380837,0.2600000000000015,-6.789999999999996,-0.0201479544380836,0.5299999999999999,0.0499999999999999,-0.01,0.3206633296095312
2020-07-07,3145.32,29.43,0.65,0.16,,-0.0108775088169872,0.0297123119188378,0.1719873292511024,0.2524383925431838,0.2981891037869285,1.4899999999999984,-2.3500000000000014,-0.0038891037869284,0.49,0.01,0.0,0.34307506819664
2020-07-08,3169.94,28.08,0.67,0.16,,0.0077970264812917,0.0222170047624481,0.1535610463987767,0.2543697921264193,0.2988544234911396,-1.3500000000000014,-2.3500000000000014,-0.0180544234911396,0.51,0.01,0.0,0.3506837803835904
2020-07-09,3152.05,29.26,0.62,0.16,,-0.0056596254512879,0.011547837211496,0.1689882011791075,0.2092747220339536,0.2989267122570668,1.1800000000000033,0.6400000000000006,-0.0063267122570667,0.4599999999999999,-0.0699999999999999,-0.01,0.3432794634965594
2020-07-10,3185.04,27.29,0.65,0.16,,0.0104118130009864,0.0174286483798293,0.1787346806620524,0.2087909700858978,0.1990409009869212,-1.9700000000000024,-0.3900000000000005,0.0738590990130787,0.49,-0.03,0.0,0.3042394158872184
2020-07-13,3155.22,32.19,0.64,0.16,,-0.0094066236664834,-0.0077349184524805,0.1579632799083078,0.1607907969777152,0.1999534363592108,4.899999999999999,4.2499999999999964,0.1219465636407891,0.48,-0.0499999999999999,0.0,0.29652199335496116
2020-07-14,3197.52,29.52,0.63,0.14,,0.0133172851894461,0.0164598755539529,0.1612806220956588,0.158741622386125,0.2028846048278168,-2.669999999999998,0.0899999999999998,0.0923153951721832,0.49,-0.02,-0.0199999999999999,0.2096242358932949
2020-07-15,3226.56,27.76,0.64,0.16,,0.0090410448847842,0.0177038939574455,0.1636935777732307,0.1498219711537048,0.1950473310797125,-1.759999999999998,-0.3199999999999967,0.0825526689202874,0.48,-0.03,0.0,0.17781859919448628
2020-07-16,3215.57,28.0,0.62,0.16,,-0.0034119183131618,0.0199516010955717,0.156347564891604,0.1541233267282708,0.1949795039941109,0.2399999999999984,-1.2600000000000016,0.0850204960058891,0.4599999999999999,0.0,0.0,0.25963543301234027
2020-07-17,3224.73,25.68,0.64,0.14,,0.0028445899031588,0.012384377997744,0.1456293515508566,0.1539325905651493,0.1949871613307006,-2.3200000000000003,-1.6099999999999994,0.0618128386692993,0.5,-0.01,-0.0199999999999999,0.27402271673330036
2020-07-20,3251.84,24.46,0.62,0.16,,0.0083717641704647,0.0301627658346925,0.1025570005242928,0.1406628962278414,0.1942952753343476,-1.2199999999999989,-7.729999999999997,0.0503047246656523,0.4599999999999999,-0.02,0.0,0.26665858234134654
2020-07-21,3257.3,24.84,0.61,0.14,,0.0016776413721593,0.0185231220174055,0.0816237946167615,0.1205555693405529,0.193715421987543,0.379999999999999,-4.68,0.0546845780124569,0.47,-0.02,0.0,0.28465129172902737
2020-07-22,3276.02,24.32,0.6,0.14,,0.0057306396229577,0.015212716755579,0.0706320500282699,0.1189277492479424,0.1939889599235868,-0.5199999999999996,-3.4400000000000013,0.0492110400764131,0.4599999999999999,-0.04,-0.0199999999999999,0.33346272581012953
2020-07-23,3235.66,26.08,0.59,0.16,,-0.0123963452872415,0.0062282897814992,0.1279213251943856,0.1366177162898742,0.1720917037817337,1.759999999999998,-1.9200000000000017,0.0887082962182662,0.4299999999999999,-0.03,0.0,0.27573590147508087
2020-07-24,3215.63,25.84,0.59,0.14,,-0.006209630744305,-0.0028259308659647,0.1366436612770945,0.1355432284032206,0.1723240357056903,-0.2399999999999984,0.1600000000000001,0.0860759642943096,0.4499999999999999,-0.05,0.0,0.2846524493565144
2020-07-27,3239.41,24.74,0.62,0.15,,0.0073679195100667,-0.0038297755263627,0.1326344352298361,0.1254138692220992,0.1413936186742826,-1.1000000000000014,0.2799999999999976,0.1060063813257173,0.47,0.0,-0.01,0.2832827187230967
2020-07-28,3218.44,25.44,0.59,0.14,,-0.0064944443446863,-0.0120018612432084,0.1357999506154411,0.117330019714721,0.1396417965038884,0.7000000000000028,0.6000000000000014,0.1147582034961116,0.4499999999999999,-0.02,0.0,0.2699928001026749
2020-07-29,3258.44,24.1,0.58,0.12,,0.0123517831282536,-0.0053807177379126,0.1656337846625956,0.1248914217168895,0.1364604666260678,-1.34,-0.2199999999999988,0.1045395333739322,0.4599999999999999,-0.02,-0.02,0.2116620467423692
2020-07-30,3246.22,24.76,0.55,0.11,,-0.0037573107206831,0.0032583168286459,0.1373819577701745,0.1252432981894745,0.1378527949081701,0.6600000000000001,-1.3199999999999967,0.1097472050918298,0.44,-0.0399999999999999,-0.05,0.22713049879895608
2020-07-31,3271.12,24.46,0.55,0.11,,0.0076411913923716,0.0171091389653223,0.1287184874672981,0.12951808683801,0.1390324467107134,-0.3000000000000007,-1.379999999999999,0.1055675532892865,0.44,-0.0399999999999999,-0.03,0.19229000080158823
2020-08-03,3294.61,24.28,0.56,0.11,,0.0071553658839056,0.0168965853391612,0.1283161828088375,0.1278250592683508,0.1310347063460234,-0.1799999999999997,-0.4599999999999973,0.1117652936539766,0.45,-0.0599999999999999,-0.0399999999999999,0.1611305407085173
2020-08-04,3306.51,23.76,0.52,0.11,,0.0036054526780178,0.0269964823618657,0.0950842850943225,0.1283469844235151,0.1222795517658767,-0.5199999999999996,-1.6799999999999995,0.1153204482341232,0.41,-0.0699999999999999,-0.03,0.19702652170686927
2020-08-05,3327.77,22.99,0.55,0.11,,0.0064091575198012,0.0210538567534132,0.0749337571923227,0.1290167516744302,0.1215792217289499,-0.7700000000000031,-1.110000000000003,0.10832077827105,0.44,-0.0299999999999999,-0.0099999999999999,0.2777644297788834
2020-08-06,3349.16,22.65,0.55,0.11,,0.0064071581324233,0.0312183256065198,0.0248457101903981,0.1041712538894834,0.1184353675748818,-0.3399999999999998,-2.110000000000003,0.1080646324251181,0.44,0.0,0.0,0.2605115816270949
2020-08-07,3351.28,22.21,0.57,0.13,,0.000632794285373,0.0242099284995213,0.0431131193939275,0.091274539994946,0.1154025362315833,-0.4399999999999977,-2.25,0.1066974637684166,0.4399999999999999,0.0199999999999999,0.02,0.26033214686919626
2020-08-10,3360.47,22.13,0.59,0.14,,0.0027384827334759,0.0197930453490915,0.0394275065207831,0.0896224792456012,0.1064248987522106,-0.0800000000000018,-2.150000000000002,0.1148751012477893,0.4499999999999999,0.0299999999999999,0.03,0.26024708566178434
2020-08-11,3333.69,24.03,0.64,0.16,,-0.0080010465432212,0.0081865461278522,0.0941297848262388,0.0945879108564825,0.1063187162208477,1.900000000000002,0.2699999999999996,0.1339812837791522,0.48,0.12,0.05,0.23006575303563784
2020-08-12,3380.35,22.28,0.69,0.16,,0.0138994558279792,0.0156768444360304,0.1272464149752633,0.0988576200361367,0.111792305678289,-1.75,-0.7099999999999973,0.111007694321711,0.5299999999999999,0.1399999999999999,0.05,0.09568321817948698
2020-08-13,3373.43,22.13,0.71,0.16,,-0.0020492235227105,0.0072204627808964,0.1277093144510508,0.0955804072430144,0.1109658945150123,-0.1500000000000021,-0.5199999999999996,0.1103341054849876,0.5499999999999999,0.1599999999999999,0.05,0.10297265379734746
2020-08-14,3372.85,22.05,0.71,0.14,,-0.0001719466139647,0.0064157218815585,0.1281583861239162,0.094934142949466,0.1113203029503405,-0.0799999999999983,-0.1600000000000001,0.1091796970496594,0.57,0.14,0.01,0.11648913084530581
2020-08-17,3381.99,21.35,0.69,0.14,,0.0027062093485908,0.0063834484966734,0.1281355000517876,0.0921498382629731,0.1089768276417252,-0.6999999999999993,-0.7799999999999976,0.1045231723582748,0.5499999999999999,0.0999999999999999,0.0,0.19207247747587078
2020-08-18,3389.78,21.51,0.67,0.14,,0.0023007288895721,0.0166852239294668,0.0986142195147381,0.0919908548244546,0.1089776953842671,0.1600000000000001,-2.52,0.1061223046157328,0.53,0.03,-0.0199999999999999,0.19699107904712562
2020-08-19,3374.85,22.54,0.68,0.14,,-0.004414143638946,-0.0016283755374584,0.0474911498436277,0.095064246016425,0.1103048541464887,1.0299999999999976,0.259999999999998,0.1150951458535112,0.54,-0.0099999999999998,-0.0199999999999999,0.24459465430541552
2020-08-20,3385.51,22.72,0.65,0.13,,0.0031536808202811,0.0035745288055333,0.0498983810321505,0.0916109219225371,0.0974042687292282,0.1799999999999997,0.5899999999999999,0.1297957312707717,0.52,-0.0599999999999999,-0.03,0.24088254442590662
2020-08-21,3397.16,22.54,0.64,0.16,,0.003435228739303,0.007181704158801,0.0523694642039144,0.0923058421327719,0.092151379396628,-0.1799999999999997,0.4899999999999984,0.1332486206033719,0.48,-0.0699999999999999,0.0199999999999999,0.2576756106126587
2020-08-24,3431.28,22.37,0.65,0.14,,0.0099935809549321,0.0144690757651422,0.081148609457357,0.1020145536694075,0.0943433475081935,-0.1699999999999981,1.0199999999999996,0.1293566524918064,0.51,-0.0399999999999999,0.0,0.2060239032123978
2020-08-25,3443.62,22.03,0.69,0.15,,0.0035898742533945,0.0157582211289647,0.0810710798519204,0.0851213462828671,0.0876077427657702,-0.3399999999999998,0.5199999999999996,0.1326922572342298,0.5399999999999999,0.0199999999999999,0.0099999999999999,0.2310010133939382
2020-08-26,3478.73,23.27,0.69,0.16,,0.0101440409896408,0.0303164057575517,0.0581048367796083,0.0732136489951501,0.0849187327778073,1.2399999999999984,0.7300000000000004,0.1477812672221926,0.5299999999999999,0.0099999999999998,0.0199999999999999,0.293305849463839
2020-08-27,3484.55,24.47,0.74,0.16,,0.001671626404583,0.0288343513418536,0.0634839377656,0.0684424435618851,0.0810581254610015,1.1999999999999993,1.75,0.1636418745389985,0.58,0.0899999999999999,0.03,0.6383828068068815
2020-08-28,3508.01,22.96,0.74,0.14,,0.0067100140785116,0.0321091366810623,0.0600718085317293,0.067547044945099,0.0804990783304311,-1.509999999999998,0.4200000000000017,0.1491009216695688,0.6,0.0999999999999999,-0.0199999999999999,0.6426443667566507
2020-08-31,3500.31,26.41,0.72,0.14,,-0.0021973891312895,0.0199181665948406,0.0749174334278793,0.0741912902068877,0.0816967784711582,3.4499999999999997,4.039999999999999,0.1824032215288418,0.58,0.0699999999999999,0.0,0.7819522934179362
2020-09-01,3526.65,26.12,0.68,0.13,,0.007496875851234,0.02382516819268,0.0786646057048379,0.076508871465573,0.083215118502331,-0.2899999999999991,4.09,0.177984881497669,0.55,-0.0099999999999998,-0.0199999999999999,0.835182933924413
2020-09-02,3580.84,26.57,0.66,0.14,,0.0152489979082357,0.0289301251112748,0.1046971030239425,0.079860329785281,0.0930404679499817,0.4499999999999993,3.3000000000000007,0.1726595320500182,0.52,-0.0299999999999999,-0.0199999999999999,0.8474962455159033
2020-09-03,3455.06,33.6,0.63,0.13,,-0.0357575865563134,-0.0084990878496216,0.3177624857952659,0.2248792836946112,0.1673030799703495,7.030000000000001,9.130000000000004,0.1686969200296505,0.5,-0.1099999999999999,-0.03,0.6293750840297647
2020-09-04,3426.96,30.75,0.72,0.14,,-0.0081662523968659,-0.0233753543249991,0.310424249921446,0.2303297811548914,0.1708258027140172,-2.8500000000000014,7.789999999999999,0.1366741972859827,0.58,-0.02,0.0,0.6478468505928694
2020-09-08,3331.84,31.46,0.69,0.14,,-0.0281488668640582,-0.0493268320577678,0.3495780730375086,0.2650158326188216,0.1996830653174935,0.7100000000000009,5.050000000000001,0.1149169346825064,0.5499999999999999,-0.03,0.0,0.4762987173391664
2020-09-09,3398.96,28.81,0.71,0.14,,0.0199447985336713,-0.0368789093753303,0.3965424988889013,0.2880196593028289,0.2099988262479853,-2.650000000000002,2.6899999999999977,0.0781011737520145,0.57,0.0299999999999999,0.01,0.36334203257954156
2020-09-10,3339.19,29.71,0.68,0.14,,-0.0177412398705869,-0.0698691471541532,0.3435885333038276,0.2909835655234034,0.2141530363967657,0.9000000000000021,3.140000000000001,0.0829469636032343,0.54,0.02,0.0,0.2658660463424029
2020-09-11,3340.97,26.87,0.67,0.13,,0.0005329213797655,-0.0335786392180742,0.2912411954917707,0.2904073995693114,0.2141194257139777,-2.84,-6.73,0.0545805742860222,0.54,0.04,0.0,0.32012777917914426
2020-09-14,3383.54,25.85,0.68,0.14,,0.012661314711189,-0.0127510721100193,0.3207456211273104,0.2981066798304201,0.2191535860776798,-1.0199999999999996,-4.899999999999999,0.0393464139223202,0.54,-0.0399999999999999,0.0,0.3101919836024855
2020-09-15,3401.2,25.59,0.68,0.14,,0.0052058118315071,0.0206036065855461,0.2266413656421791,0.301389239014933,0.2197179197491582,-0.2600000000000015,-5.870000000000001,0.0361820802508418,0.54,-0.0099999999999998,0.0,0.34201953079017666
2020-09-16,3385.49,26.04,0.69,0.14,,-0.0046296583637453,-0.0039708503118705,0.1811233992118303,0.2958033606453556,0.2202504211869589,0.4499999999999993,-2.77,0.0401495788130409,0.5499999999999999,-0.02,0.0,0.5067704622486654
2020-09-17,3357.01,26.46,0.69,0.13,,-0.0084479553221299,0.0053224342365863,0.1315836311677133,0.2756697765685195,0.2217674871394687,0.4200000000000017,-3.25,0.0428325128605312,0.5599999999999999,0.0099999999999998,-0.01,0.49099274782951946
2020-09-18,3319.47,25.83,0.7,0.14,,-0.011245565213035,-0.0064560523562141,0.1584148763185255,0.2256360941520046,0.22469419564262,-0.6300000000000026,-1.0400000000000027,0.0336058043573798,0.5599999999999999,0.0299999999999999,0.01,0.5220317598828494
2020-09-21,3281.06,27.78,0.68,0.14,,-0.0116385907112434,-0.0307559577786464,0.110163796425596,0.228089771542569,0.2271189647425776,1.9500000000000028,1.93,0.0506810352574223,0.54,0.0,0.0,0.5502273995684966
2020-09-22,3315.57,26.86,0.68,0.13,,0.0104630136388688,-0.0254987559712848,0.1450930365449579,0.1952872451019705,0.2274464649412723,-0.9200000000000016,1.2699999999999996,0.0411535350587276,0.55,0.0,-0.01,0.5301202311120586
2020-09-23,3236.92,28.58,0.68,0.14,,-0.0240072941610918,-0.0448763917686312,0.1970508933523753,0.1911093918743373,0.2396758683557603,1.7199999999999989,2.539999999999999,0.0461241316442397,0.54,-0.0099999999999998,0.0,0.390914011071584
2020-09-24,3246.59,28.51,0.67,0.14,,0.0029829543473573,-0.0334454820991439,0.2148816096539205,0.1800702968681704,0.2357452086711776,-0.0699999999999967,2.0500000000000007,0.0493547913288223,0.53,-0.0199999999999999,0.01,0.39698109171034734
2020-09-25,3298.46,26.38,0.66,0.12,,0.0158504781385094,-0.0063494387475993,0.2600409888637506,0.2029960706099815,0.2450232261308911,-2.1300000000000026,0.5500000000000007,0.0187767738691088,0.54,-0.0399999999999999,-0.02,0.34291782005130644
2020-09-28,3351.6,26.19,0.67,0.14,,0.0159821508740037,0.0212713028376476,0.2645495169555237,0.2099476916883888,0.2518827954777736,-0.1899999999999977,-1.59,0.0100172045222263,0.53,-0.01,0.0,0.36498046547736945
2020-09-29,3335.47,26.27,0.66,0.11,,-0.004824244783809,0.0059840444149697,0.2642076345136838,0.2077413067855362,0.2520438301722696,0.0799999999999983,-0.5899999999999999,0.0106561698277303,0.55,-0.02,-0.02,0.4211318901594797
2020-09-30,3363.0,26.37,0.69,0.13,,0.0082198337849473,0.0382111723610088,0.1407347166788102,0.2130494339313093,0.2524335606612076,0.1000000000000014,-2.2099999999999973,0.0112664393387923,0.5599999999999999,0.0099999999999998,-0.01,0.48514312871021853
2020-10-01,3380.8,26.7,0.68,0.14,,0.0052789351215227,0.0405071531351741,0.1368358347050148,0.2101351978057181,0.2455890263977046,0.3299999999999983,-1.8100000000000025,0.0214109736022954,0.54,0.01,0.0,0.49433762645323015
2020-10-02,3348.44,27.63,0.7,0.13,,-0.0096178021431822,0.0150388728534824,0.1629369351888183,0.2076875408864378,0.2147611603553297,0.9299999999999996,1.25,0.0615388396446703,0.57,0.0399999999999999,0.01,0.49026822206411325
2020-10-05,3408.63,27.96,0.78,0.14,,0.0178158853011778,0.0168726072806565,0.1723822949197056,0.210632906805059,0.2237859792247557,0.3300000000000018,1.7699999999999996,0.0558140207752442,0.64,0.1099999999999999,0.0,0.47666605921256416
2020-10-06,3360.95,29.48,0.76,0.14,,-0.0140867789301825,0.0076100731342828,0.2088260298481721,0.2245297722249874,0.2053576966802945,1.5199999999999996,3.210000000000001,0.0894423033197054,0.62,0.0999999999999999,0.03,0.4327721514475959
2020-10-07,3419.45,28.06,0.81,0.16,,0.0172560473208794,0.016646286670215,0.2352647831675149,0.1862919545410394,0.2021667117316481,-1.4200000000000017,1.6899999999999975,0.0784332882683518,0.65,0.1200000000000001,0.03,0.35125672273448
2020-10-08,3446.83,26.36,0.78,0.13,,0.0079752486424442,0.0193426001911366,0.2374411639474331,0.1860995710717509,0.1920854186009743,-1.6999999999999993,-0.3399999999999998,0.0715145813990256,0.65,0.0999999999999999,-0.01,0.3285453424555879
2020-10-09,3477.13,25.0,0.79,0.16,,0.0087522728093486,0.0377126751436675,0.2053544118680697,0.1788329047242586,0.1936965684817498,-1.3599999999999994,-2.629999999999999,0.0563034315182501,0.63,0.09,0.03,0.29772949944508814
2020-10-12,3534.22,25.07,0.79,0.16,,0.0162853834849701,0.0361821733274597,0.2007668976721776,0.1793469841774314,0.196746062141332,0.0700000000000002,-2.890000000000001,0.0539539378586678,0.63,0.01,0.0199999999999999,0.3002034748421248
2020-10-13,3511.93,26.07,0.74,0.16,,-0.0063268804537488,0.0439420718038937,0.1499784060105729,0.1818643230711556,0.1986422357854662,1.0,-3.41,0.0620577642145337,0.58,-0.02,0.0199999999999999,0.29264259411102894
2020-10-14,3488.67,26.4,0.73,0.14,,-0.0066451691550408,0.0200408553279733,0.1605761788057474,0.1899787390512223,0.1996073285394785,0.3299999999999983,-1.66,0.0643926714605214,0.59,-0.08,-0.0199999999999999,0.27518970541795973
2020-10-15,3483.34,26.97,0.74,0.14,,-0.0015289711398439,0.010536635545685,0.1599582752959998,0.1914314379805238,0.1965204222813371,0.5700000000000003,0.6099999999999994,0.0731795777186628,0.6,-0.04,0.01,0.2863012948531951
2020-10-16,3483.81,27.41,0.76,0.14,,0.0001349188694695,0.0019192816058062,0.1487087752025356,0.1793272446648467,0.1905249145445539,0.4400000000000013,2.41,0.083575085455446,0.62,-0.03,-0.0199999999999999,0.29145442179735687
2020-10-19,3426.92,29.18,0.78,0.16,,-0.0164646238986326,-0.0308307257777965,0.1027317261696817,0.1875606512104616,0.1959398844948619,1.7699999999999996,4.109999999999999,0.0958601155051381,0.62,-0.01,0.0,0.3245971910930761
2020-10-20,3443.12,29.35,0.81,0.14,,0.0047161384872977,-0.01978770683675,0.1283602347481823,0.1693874266005057,0.1937655402736632,0.1700000000000017,3.280000000000001,0.0997344597263367,0.67,0.07,-0.0199999999999999,0.3194874719832705
2020-10-21,3435.56,28.65,0.83,0.14,,-0.0021980970313859,-0.0153406347130951,0.126361076155431,0.1485313057064312,0.1689899719603712,-0.7000000000000028,2.25,0.1175100280396287,0.69,0.0999999999999999,0.0,0.6527615446454267
2020-10-22,3453.49,28.11,0.87,0.16,,0.0052053738863262,-0.0086062896869248,0.1398529522721857,0.1452264792042232,0.169174888227636,-0.5399999999999991,1.1400000000000006,0.111925111772364,0.71,0.13,0.0199999999999999,0.6743992787796016
2020-10-23,3465.39,27.55,0.85,0.18,,0.0034398664911297,-0.0053013420652648,0.144507116528486,0.1387645042808066,0.1623565816219036,-0.5599999999999987,0.1400000000000005,0.1131434183780964,0.6699999999999999,0.0899999999999999,0.0399999999999999,0.6995447055858982
2020-10-26,3400.97,32.46,0.81,0.16,,-0.0187644953695471,-0.0076012135361793,0.1600400752354696,0.1326083251094869,0.1706354237017194,4.91,3.280000000000001,0.1539645762982806,0.65,0.03,0.0,0.6621209834573597
2020-10-27,3390.68,33.35,0.79,0.16,,-0.0030301938037524,-0.0153475458272296,0.1501671300111571,0.1319102750409043,0.1699783044647775,0.8900000000000006,4.0,0.1635216955352224,0.63,-0.02,0.0199999999999999,0.717307186864087
2020-10-28,3271.03,40.28,0.79,0.16,,-0.0359255712260088,-0.0490750200218525,0.2760056211495379,0.2100959353479649,0.2116208602619995,6.93,11.630000000000004,0.1911791397380004,0.63,-0.0399999999999999,0.0199999999999999,0.5559943529078833
2020-10-29,3310.11,37.59,0.85,0.16,,0.0118765014438055,-0.0424038924643733,0.3017410505605314,0.2288161425537812,0.2156347346221156,-2.6899999999999977,9.480000000000004,0.1602652653778844,0.69,-0.02,0.0,0.6059640063988293
2020-10-30,3269.96,38.02,0.88,0.14,,-0.0122036690467355,-0.0580474280022384,0.2826392571240071,0.2292934061750116,0.2171861826025985,0.4299999999999997,10.470000000000002,0.1630138173974014,0.74,0.03,-0.0399999999999999,0.5741802849198299
2020-11-02,3310.24,37.13,0.87,0.16,,0.0122429418948527,-0.0270399907378385,0.3168413157006929,0.2388693749856917,0.2115470309057255,-0.8900000000000006,4.670000000000002,0.1597529690942745,0.71,0.0599999999999999,0.0,0.5709702537743344
2020-11-03,3369.16,35.55,0.9,0.17,,0.0176427608207586,-0.0063670361133274,0.3579407867315161,0.2592123676203309,0.2163644909599019,-1.5800000000000054,2.199999999999996,0.139135509040098,0.73,0.1099999999999999,0.01,0.49805844768730256
2020-11-04,3443.44,29.57,0.78,0.14,,0.0218075165843359,0.0513660516970173,0.2098515955453101,0.2857922874736328,0.2216828170345834,-5.979999999999997,-10.71,0.0740171829654166,0.64,-0.01,-0.0199999999999999,0.37797086133411517
2020-11-05,3510.45,27.58,0.79,0.14,,0.0192732626700139,0.0587628129232255,0.2197485726036474,0.300973030251546,0.2302975846305386,-1.990000000000002,-10.010000000000003,0.0455024153694613,0.65,-0.0599999999999999,-0.0199999999999999,0.27312843167440276
2020-11-06,3509.44,24.86,0.83,0.16,,-0.0002877537986974,0.0706787281712638,0.1395624195018903,0.3009291428515085,0.2284451355583687,-2.719999999999999,-13.160000000000004,0.0201548644416312,0.6699999999999999,-0.05,0.0199999999999999,0.3473208270405368
2020-11-09,3550.5,25.75,0.96,0.17,,0.0116319580503042,0.0700677443267152,0.1401506291686016,0.2824016565188406,0.2247373389901346,0.8900000000000006,-11.380000000000004,0.0327626610098653,0.7899999999999999,0.0899999999999999,0.01,0.3468891820362272
2020-11-10,3545.53,24.8,0.98,0.19,,-0.0014007834839128,0.0510242000220437,0.1709147304382038,0.2813334138966392,0.2235080769387805,-0.9499999999999992,-10.749999999999996,0.0244919230612194,0.79,0.0799999999999999,0.0199999999999999,0.35447443369232146
2020-11-11,3572.66,23.45,0.98,0.19,,0.0076227612269296,0.0368394446646374,0.1364385209393144,0.1686318840470385,0.2232166339661934,-1.3500000000000014,-6.120000000000001,0.0112833660338065,0.79,0.1999999999999999,0.0499999999999999,0.38092143676797974
2020-11-12,3537.01,25.35,0.88,0.17,,-0.0100286789089453,0.0075375030856781,0.1339176211048086,0.1917808567921137,0.2266028992075726,1.900000000000002,-2.229999999999997,0.0268971007924273,0.71,0.0899999999999999,0.03,0.3516612954153597
2020-11-13,3585.15,23.1,0.89,0.17,,0.0135185767063748,0.0213438335907503,0.15626225678783,0.162247180862686,0.2310460974539684,-2.25,-1.759999999999998,-4.609745396844112e-05,0.72,0.06,0.01,0.29886215332027893
2020-11-16,3626.91,22.45,0.91,0.19,,0.0115807319166565,0.0212926074571025,0.156110536115218,0.1619334381712671,0.2235563853473096,-0.6500000000000021,-3.3000000000000007,0.0009436146526903,0.72,-0.0499999999999999,0.0199999999999999,0.2519554698618004
2020-11-17,3609.53,22.71,0.87,0.18,,-0.0048034761341036,0.0178899148069117,0.1654702782457072,0.1680064912248559,0.2250433827338727,0.2600000000000015,-2.09,0.0020566172661272,0.69,-0.1099999999999999,-0.01,0.349916380761701
2020-11-18,3567.79,23.84,0.88,0.16,,-0.0116312134796013,-0.001364059899619,0.1903991621273145,0.1687367572800706,0.2300136219976562,1.129999999999999,0.3900000000000005,0.0083863780023437,0.72,-0.0999999999999999,-0.03,0.2983005852741447
2020-11-19,3581.87,23.11,0.86,0.18,,0.0039386539225387,0.0126032729318649,0.1700441157964745,0.1445461884065255,0.2298152003963808,-0.7300000000000004,-2.240000000000002,0.0012847996036192,0.6799999999999999,-0.02,0.0099999999999999,0.2941399413383255
2020-11-20,3557.54,23.7,0.83,0.16,,-0.0068157156362698,-0.0077310194107797,0.1468896236688385,0.1510263273935747,0.2317346308659402,0.5899999999999999,0.5999999999999979,0.0052653691340597,0.6699999999999999,-0.06,-0.01,0.28312246599232316
2020-11-23,3577.59,22.66,0.86,0.16,,0.0056200945950578,-0.0136916567323783,0.1162255361396414,0.142344553507276,0.2195602954004996,-1.0399999999999991,0.2100000000000008,0.0070397045995003,0.7,-0.05,-0.03,0.32226624961647565
2020-11-24,3635.41,21.64,0.88,0.16,,0.0160325075572857,0.007144326959011,0.1731105041421729,0.160658514141309,0.2235466012634767,-1.0199999999999996,-1.0700000000000005,-0.0071466012634766,0.72,0.01,-0.0199999999999999,0.19972019016285214
2020-11-25,3629.65,21.25,0.88,0.17,,-0.0015856720266289,0.0171898684119834,0.1360978175278961,0.1590851915534983,0.1700947748950903,-0.3900000000000005,-2.59,0.0424052251049096,0.71,0.0,0.01,0.1983753181786059
2020-11-27,3638.35,20.84,0.84,0.16,,0.0023940572799516,0.0156452717693963,0.1361815597301148,0.1453252554271509,0.1684820702701067,-0.4100000000000001,-2.27,0.0399179297298933,0.6799999999999999,-0.02,-0.0199999999999999,0.23960776923005084
2020-11-30,3621.63,20.57,0.84,0.16,,-0.004606081438497,0.0178549059671691,0.1265809309571504,0.1361755777768967,0.1603162290980802,-0.2699999999999996,-3.129999999999999,0.0453837709019197,0.6799999999999999,0.01,0.0,0.23024206996043645
2020-12-01,3662.45,20.77,0.92,0.17,,0.0112081216360179,0.0234429330081293,0.1379829262965893,0.1353763856940272,0.1597464037978294,0.1999999999999993,-1.8900000000000008,0.0479535962021705,0.75,0.06,0.01,0.1526656382528123
2020-12-02,3669.01,21.17,0.95,0.16,,0.0017895485348597,0.0091999739857033,0.0943693839167031,0.1314862883916456,0.1529455701839976,0.4000000000000021,-0.4699999999999988,0.0587544298160023,0.7899999999999999,0.0699999999999999,0.0,0.19634456445700343
2020-12-03,3666.72,21.28,0.92,0.16,,-0.0006243414287024,0.0101613045836298,0.0923970514627825,0.1102946669903543,0.1388988077148938,0.1099999999999994,0.0300000000000011,0.0739011922851062,0.76,0.04,-0.01,0.19715394285197382
2020-12-04,3699.12,20.79,0.97,0.16,,0.0087974240454147,0.016564671349093,0.1043823630881546,0.1143997286255386,0.1272509875554453,-0.490000000000002,-0.0500000000000007,0.0806490124445546,0.8099999999999999,0.13,0.0,0.14060569790793684
2020-12-07,3691.96,21.3,0.94,0.14,,-0.0019374711787083,0.0192332816088818,0.0926923500872143,0.1046190408396106,0.1278837118175369,0.5100000000000016,0.7300000000000004,0.085116288182463,0.7999999999999999,0.0999999999999999,-0.0199999999999999,0.15373280046864804
2020-12-08,3702.25,20.68,0.92,0.14,,0.0027832605897471,0.0108084205626108,0.0659904738735139,0.1041360334503913,0.1233108272936538,-0.620000000000001,-0.0899999999999998,0.0834891727063461,0.78,0.0,-0.03,0.2514313660275308
2020-12-09,3672.82,22.27,0.95,0.16,,-0.0079809835607026,0.0010378884670484,0.098103130025656,0.0917714757759992,0.1279097155240837,1.59,1.099999999999998,0.0947902844759163,0.7899999999999999,0.0,0.0,0.21899074561505977
2020-12-10,3668.1,22.52,0.92,0.14,,-0.001285942538656,0.0003762873570947,0.0985679219326148,0.0915448977751925,0.1263973393035564,0.25,1.2399999999999984,0.0988026606964435,0.78,0.0,-0.0199999999999999,0.23631818180134692
2020-12-11,3663.46,23.31,0.9,0.11,,-0.0012657607983834,-0.0096868974867033,0.0613201205664141,0.0918874857108582,0.11960883683244,0.7899999999999991,2.52,0.1134911631675599,0.79,-0.0699999999999999,-0.05,0.24199193305987318
2020-12-14,3647.49,24.72,0.9,0.13,,-0.0043687962305264,-0.0121182225385214,0.0637033506541883,0.0915116618355403,0.1129456363064587,1.41,3.419999999999998,0.1342543636935412,0.77,-0.0399999999999999,-0.01,0.2400222479937236
2020-12-15,3694.62,22.89,0.92,0.11,,0.0128384476264467,-0.0020630355018217,0.1255022147236768,0.0969519861564381,0.1146047738753108,-1.8299999999999983,2.210000000000001,0.1142952261246891,0.81,0.0,-0.03,0.13099577089232473
2020-12-16,3701.17,22.5,0.92,0.13,,0.0017712784469306,0.0076892265058115,0.1060390102396937,0.0969472014128,0.1126049700337864,-0.3900000000000005,0.2300000000000004,0.1123950299662135,0.79,-0.0299999999999999,-0.03,0.12848862559841123
2020-12-17,3722.48,21.93,0.94,0.13,,0.005741126947631,0.0147162959920987,0.1059848891546022,0.0994293446589299,0.1026884438139919,-0.5700000000000003,-0.5899999999999999,0.116611556186008,0.8099999999999999,0.0199999999999999,-0.01,0.10650829646144344
2020-12-18,3709.41,21.57,0.95,0.13,,-0.0035172785050231,0.0124647782854589,0.1126159541336087,0.0931758189199247,0.1043364959998721,-0.3599999999999994,-1.7399999999999984,0.1113635040001278,0.82,0.0499999999999999,0.02,0.16502512120170099
2020-12-21,3694.92,25.16,0.95,0.13,,-0.0039139310369781,0.0129196434790072,0.1109031709146325,0.0950019111671484,0.1016509384166101,3.59,0.4400000000000013,0.1499490615833898,0.82,0.0499999999999999,0.0,0.1569265344522056
2020-12-22,3687.26,24.23,0.93,0.13,,-0.0020752684841428,-0.0019940726315823,0.0651142940881867,0.0942589981727145,0.101580310875647,-0.9299999999999996,1.34,0.1407196891243529,0.8,0.01,0.02,0.15489857303773003
2020-12-23,3690.01,23.31,0.96,0.13,,0.0007455332737925,-0.0030198178047204,0.0633437333318304,0.0842725923926787,0.0858718626438919,-0.9200000000000016,0.8099999999999987,0.147228137356108,0.83,0.0399999999999999,0.0,0.18502486574344057
2020-12-24,3703.06,21.53,0.94,0.13,,0.0035303368029281,-0.0052306079494236,0.0499127001255296,0.0849332075276506,0.0859501092645739,-1.7799999999999976,-0.3999999999999986,0.129349890735426,0.8099999999999999,0.0,0.0,0.29457653642741843
2020-12-28,3735.36,21.7,0.94,0.13,,0.0086846946033693,0.0069713651589689,0.0787144428389449,0.0920590038806552,0.0901024888313557,0.1699999999999981,0.129999999999999,0.1268975111686442,0.8099999999999999,-0.01,0.0,0.2834086660612471
2020-12-29,3727.04,23.08,0.94,0.12,,-0.0022298465500115,0.0086554496459354,0.0721978705764335,0.0885101398677795,0.0884100579450412,1.379999999999999,-2.080000000000002,0.1423899420549587,0.82,-0.01,-0.01,0.295358684858235
2020-12-30,3732.04,22.77,0.93,0.12,,0.0013406481091209,0.0120713662391992,0.064516251115379,0.0654848187582089,0.0805291363159296,-0.3099999999999987,-1.4600000000000009,0.1471708636840703,0.81,0.0,-0.01,0.37619415852825994
2020-12-31,3756.07,22.75,0.93,0.13,,0.006418196978792,0.0177440299441989,0.0677601113688665,0.0709304093920512,0.0828194315942936,-0.0199999999999995,-0.5599999999999987,0.1446805684057063,0.8,-0.0299999999999999,0.0,0.37242496080226845
2021-01-04,3700.65,26.97,0.93,0.11,,-0.0148647181233729,-0.0006510249821022,0.147270138354488,0.1039484883963519,0.1004637428719393,4.219999999999999,5.439999999999998,0.1692362571280606,0.8200000000000001,-0.0099999999999998,-0.02,0.3064590361923543
2021-01-05,3726.86,25.34,0.96,0.13,,0.007057576170722,-0.0022781434147493,0.1414734066465698,0.1090355187295901,0.0987235698605117,-1.629999999999999,3.640000000000001,0.1546764301394883,0.83,0.02,0.0,0.2853221575062934
2021-01-06,3748.14,25.07,1.04,0.14,,0.0056936608662176,0.0056453640014797,0.1463134460087701,0.1088877890856869,0.1000613935331048,-0.2699999999999996,1.990000000000002,0.1506386064668951,0.9,0.1,0.02,0.2730227835152316
2021-01-07,3803.79,22.37,1.08,0.14,,0.0147382211783408,0.0190429370706996,0.1755315633411453,0.1252195831792709,0.1116076020419976,-2.6999999999999997,-0.3999999999999986,0.1120923979580023,0.94,0.15,0.02,0.15286216814702625
2021-01-08,3824.68,21.56,1.13,0.14,,0.0054768655361056,0.0181016056280132,0.1747754830221073,0.124968809759628,0.1067999405943214,-0.8100000000000023,-1.1900000000000013,0.1088000594056785,0.99,0.1999999999999998,0.01,0.17008705741196123
2021-01-11,3799.61,24.08,1.15,0.14,,-0.0065763737616643,0.0263899499897219,0.1212611809862957,0.1349887533223579,0.110560541297824,2.52,-2.890000000000001,0.1302394587021759,1.0099999999999998,0.2199999999999998,0.03,0.18595394512314994
2021-01-12,3801.19,23.33,1.15,0.14,,0.000415745716966,0.0197481195359659,0.1242510835099904,0.1308256532385477,0.1101101398176984,-0.75,-2.0100000000000016,0.1231898601823015,1.0099999999999998,0.1899999999999999,0.01,0.2877505898470876
2021-01-13,3809.84,22.21,1.1,0.14,,0.0022730179027713,0.0163274765725195,0.1235976144193414,0.1289321478843979,0.1076348324356821,-1.1199999999999974,-2.8599999999999994,0.1144651675643179,0.96,0.06,0.0,0.2855235338661113
2021-01-14,3795.54,23.25,1.15,0.16,,-0.0037605002910535,-0.0021712448968748,0.0760415043064332,0.1323780808651372,0.1017974316100419,1.0399999999999991,0.879999999999999,0.1307025683899581,0.99,0.0699999999999998,0.0199999999999999,0.2832860660059466
2021-01-15,3768.25,24.34,1.11,0.13,,-0.0072159905065941,-0.0148641009395747,0.0666973681326189,0.1363678955070205,0.1062044783373973,1.09,2.780000000000001,0.1371955216626026,0.98,-0.0199999999999997,-0.01,0.2653526096011811
2021-01-19,3798.91,23.24,1.1,0.14,,0.00810348077151,-0.0001842464064003,0.0929746723458287,0.1111506436645193,0.1079499661676828,-1.1000000000000014,-0.8399999999999999,0.1244500338323171,0.96,-0.0499999999999998,0.0,0.233288445750381
2021-01-20,3851.85,21.58,1.1,0.13,,0.0138393688876857,0.0132393767643193,0.1359836705850435,0.1232824794864453,0.115592969666944,-1.66,-1.75,0.1002070303330559,0.97,-0.0499999999999998,-0.01,0.4203386790551208
2021-01-21,3853.07,21.32,1.12,0.13,,0.0003166807728557,0.0112830396344037,0.1370286616263748,0.1233126764045323,0.1137391216457422,-0.259999999999998,-0.8900000000000006,0.0994608783542577,0.99,0.02,-0.01,0.4476999547276814
2021-01-22,3841.47,21.91,1.1,0.13,,-0.0030151272949282,0.0120284126305291,0.1350546061677001,0.1060237452436212,0.1142440408088354,0.5899999999999999,-1.34,0.1048559591911645,0.97,-0.0499999999999998,-0.03,0.5421912109332532
2021-01-25,3855.36,23.19,1.05,0.13,,0.0036092820235481,0.0228536851606714,0.1049863619486303,0.104207598053845,0.1142630697498756,1.2800000000000011,-1.1499999999999986,0.1176369302501244,0.92,-0.06,0.0,0.5954756735671742
2021-01-26,3849.62,23.02,1.05,0.11,,-0.0014899457394751,0.0132602586496863,0.1067256320712359,0.0970072275678435,0.1148710245740696,-0.1700000000000017,-0.2199999999999988,0.1153289754259303,0.94,-0.05,-0.03,0.6340665697423462
2021-01-27,3750.77,37.21,1.04,0.12,,-0.0260132898920486,-0.026592400130048,0.1877790959998657,0.1683223645256037,0.1488553963539119,14.19,15.630000000000004,0.223244603646088,0.92,-0.06,-0.01,0.4814254026368844
2021-01-28,3787.38,30.21,1.07,0.12,,0.0097133349275994,-0.0171957459753045,0.2153672955725593,0.1767226148605861,0.152261416339444,-7.0,8.89,0.149838583660556,0.95,-0.05,-0.01,0.4871956956233218
2021-01-29,3714.24,33.09,1.11,0.11,,-0.0195004059671278,-0.033681024647504,0.2433089463929862,0.2006676763834025,0.1684016488099834,2.8800000000000026,11.180000000000003,0.1624983511900165,1.0,0.01,-0.02,0.38124236803390493
2021-02-01,3773.86,30.24,1.09,0.11,,0.0159242691407183,-0.0213660375303339,0.2879163493095709,0.2172933284312416,0.1765684484463353,-2.850000000000005,7.049999999999997,0.1258315515536647,0.98,0.04,-0.02,0.3084455721061258
2021-02-02,3826.31,25.56,1.12,0.11,,0.0138025419656492,-0.0060735498252095,0.3162994069263619,0.224885739984533,0.1733433243679121,-4.68,2.539999999999999,0.0822566756320878,1.01,0.07,0.0,0.2178139267382712
2021-02-03,3830.17,22.91,1.15,0.11,,0.0010082963259948,0.0209480363928339,0.2289398822708858,0.2128254842184988,0.1721755236617752,-2.6499999999999986,-14.3,0.0569244763382247,1.0399999999999998,0.1099999999999998,-0.0099999999999999,0.21729413354797444
2021-02-04,3871.74,21.77,1.15,0.11,,0.010794829768938,0.0220295312341724,0.2307057180779591,0.2204052039118604,0.1748076916314876,-1.1400000000000006,-8.440000000000001,0.0428923083685123,1.0399999999999998,0.0799999999999998,-0.0099999999999999,0.1361870295664936
2021-02-05,3886.83,20.87,1.19,0.09,,0.0038898969855535,0.0454198341868539,0.1017011452381581,0.2200617340738891,0.1681256459174382,-0.8999999999999986,-12.220000000000002,0.0405743540825617,1.1,0.0799999999999998,-0.02,0.14247916691521467
2021-02-08,3915.59,21.24,1.19,0.11,,0.0073721051298863,0.036867670176022,0.0815992121588763,0.2220296209648558,0.1689158017728689,0.3699999999999974,-9.0,0.043484198227131,1.0799999999999998,0.0999999999999998,0.0,0.08177008480696235
2021-02-09,3911.23,21.63,1.18,0.11,,-0.0011141179817578,0.0219510102286149,0.0760884771800018,0.2218935077600817,0.1666896051895709,0.3900000000000005,-3.93,0.049610394810429,1.0699999999999998,0.0599999999999998,0.0,0.07999641929569734
2021-02-10,3909.88,21.99,1.15,0.11,,-0.0003452195438772,0.0205974943587427,0.0803651029239397,0.1617581096773871,0.1667739512806679,0.3599999999999994,-0.9200000000000016,0.053126048719332,1.0399999999999998,0.0,0.0,0.10632507247649696
2021-02-11,3916.38,21.25,1.16,0.11,,0.0016610747648429,0.0114637393546478,0.0545973307373761,0.1590378060059571,0.1667460767162945,-0.7399999999999984,-0.5199999999999996,0.0457539232837054,1.0499999999999998,0.01,0.0,0.10713711162913797
2021-02-12,3934.83,19.97,1.2,0.11,,0.004699921149026,0.0122737635181204,0.0563644199641037,0.0953161788424558,0.1659901007215371,-1.2800000000000011,-0.9000000000000021,0.0337098992784628,1.09,0.01,0.02,0.1452517060871164
2021-02-16,3932.59,21.46,1.3,0.13,,-0.0005694370099799,0.0043322213782539,0.0378828206744224,0.0810005177667247,0.1628477259885199,1.490000000000002,0.2200000000000024,0.05175227401148,1.17,0.1100000000000001,0.02,0.14633375288230205
2021-02-17,3931.33,21.5,1.29,0.11,,-0.0003204508720288,0.0051258884879829,0.0356201507838497,0.0626868238767013,0.161492042017547,0.0399999999999991,-0.129999999999999,0.0535079579824529,1.18,0.1100000000000001,0.0,0.23129125306678436
2021-02-18,3913.97,22.49,1.29,0.11,,-0.004425586869627,0.0010455211622334,0.0530328390393638,0.0720474954968382,0.156230553064048,0.9899999999999984,0.5,0.0686694469359519,1.18,0.1400000000000001,0.0,0.4509358209394552
2021-02-19,3906.71,22.05,1.34,0.11,,-0.001856616582049,-0.0024721701846587,0.0528449022304232,0.0557652720922336,0.1565099279937191,-0.4399999999999977,0.8000000000000007,0.0639900720062808,1.23,0.1800000000000001,0.0,0.4562759466886806
2021-02-22,3876.5,23.45,1.37,0.11,,-0.0077629028925333,-0.0149349942262182,0.049639031702248,0.06767561597163,0.1588904211633257,1.3999999999999986,3.4800000000000004,0.0756095788366742,1.26,0.1700000000000001,0.0,0.5764653108769511
2021-02-23,3881.37,23.11,1.37,0.11,,0.0012554994192235,-0.0131100577970148,0.056460466289235,0.05391170107444,0.1584896184337557,-0.3399999999999998,1.6499999999999986,0.0726103815662442,1.26,0.07,-0.02,0.5903427913130904
2021-02-24,3925.43,21.34,1.38,0.12,,0.0112877152777821,-0.0015018916472036,0.1155226791022016,0.0813525321241995,0.1629637554593294,-1.7699999999999996,-0.1600000000000001,0.0504362445406705,1.2599999999999998,0.0899999999999998,0.0099999999999999,0.5999904100738752
2021-02-25,3829.34,28.89,1.54,0.17,,-0.0247834347905641,-0.0218597395681407,0.21169527901054,0.1504551232869737,0.1602990583903938,7.550000000000001,6.400000000000002,0.1286009416096061,1.37,0.25,0.06,0.5011856955838447
2021-02-26,3811.15,27.95,1.44,0.14,,-0.0047614837180722,-0.0247646067041638,0.2105220522700494,0.149432884016554,0.1581271044847435,-0.9400000000000012,5.899999999999999,0.1213728955152564,1.2999999999999998,0.0999999999999998,0.03,0.5825999316334554
2021-03-01,3901.82,23.35,1.45,0.13,,0.0235121300819969,0.0065104262703664,0.2873047240619619,0.1976590174083654,0.1603402072354995,-4.599999999999998,-0.0999999999999978,0.0731597927645004,1.3199999999999998,0.0799999999999998,0.02,0.4553996569435238
2021-03-02,3870.29,24.1,1.42,0.13,,-0.0081136713125529,-0.0028587444614099,0.2949969157858238,0.2009676900011607,0.156225534856748,0.75,0.990000000000002,0.0847744651432519,1.29,0.0499999999999998,0.02,0.4904928520507402
2021-03-03,3819.72,26.67,1.47,0.14,,-0.0131523181319871,-0.0272987778711793,0.2839142648795213,0.2088543554450232,0.1568252514318006,2.5700000000000003,5.330000000000002,0.1098747485681993,1.33,0.09,0.02,0.45398265747613487
2021-03-04,3768.47,28.57,1.54,0.14,,-0.0135080379600822,-0.0160233810406975,0.2440527427438104,0.2156037824916085,0.1637920441497885,1.8999999999999984,-0.3200000000000003,0.1219079558502115,1.4,0.0,-0.03,0.4325167674788798
2021-03-05,3841.94,24.66,1.56,0.14,,0.0193083638155838,0.0080464664929585,0.2898963180772509,0.2450775648919931,0.1742477771262946,-3.91,-3.289999999999999,0.0723522228737054,1.42,0.1200000000000001,0.0,0.3055837970920761
2021-03-08,3821.35,25.47,1.59,0.17,,-0.0053736840305412,-0.0208393476195796,0.2153492603424232,0.2437045316944132,0.1743351718826156,0.8099999999999987,2.119999999999997,0.0803648281173843,1.4200000000000002,0.1400000000000001,0.04,0.3108966317861945
2021-03-09,3875.44,24.03,1.55,0.17,,0.0140554414186134,0.0013297651115865,0.2452009975714682,0.2558274021389184,0.1800364377569353,-1.4399999999999975,-0.0700000000000002,0.0602635622430646,1.38,0.1300000000000001,0.04,0.21793262927724535
2021-03-10,3898.81,22.56,1.53,0.16,,0.0060121736231132,0.0204942568666869,0.2150183243571362,0.250537632461779,0.1814932734823145,-1.4700000000000024,-4.110000000000003,0.0441067265176854,1.37,0.06,0.0199999999999999,0.20116912168437792
2021-03-11,3939.34,21.91,1.54,0.14,,0.0103418182182793,0.0443441130450484,0.1482937759298068,0.2155215499161763,0.1852730573259265,-0.6499999999999986,-6.66,0.0338269426740734,1.4,0.0,0.0,0.26313906704310014
2021-03-12,3943.34,20.69,1.64,0.14,,0.0010148833501624,0.026050632579627,0.1216328799833307,0.2117404886549012,0.1852277731450973,-1.2199999999999989,-3.969999999999999,0.0216722268549026,1.5,0.0799999999999998,0.0,0.26281974224783194
2021-03-15,3968.94,20.03,1.62,0.14,,0.0064709765908568,0.0378952932010251,0.0779096143259975,0.1815717642489903,0.1858858120632038,-0.6600000000000001,-5.439999999999998,0.0144141879367962,1.48,0.03,-0.03,0.2662180675741065
2021-03-16,3962.71,19.79,1.62,0.15,,-0.0015709218841469,0.0222689298982646,0.0750016780936904,0.1744973826550396,0.185991303558115,-0.240000000000002,-4.240000000000002,0.0119086964418849,1.4700000000000002,0.07,-0.02,0.2916107258207765
2021-03-17,3974.12,19.23,1.63,0.13,,0.0028752053049775,0.0191319615801292,0.0741973804162382,0.1516572494002378,0.1861771622482185,-0.5599999999999987,-3.3299999999999983,0.0061228377517814,1.5,0.0999999999999998,-0.03,0.3008780583154139
2021-03-18,3915.46,21.58,1.71,0.16,,-0.0148705206018101,-0.0060803772399602,0.1297871631174981,0.1561399881570327,0.1934236301738538,2.349999999999998,-0.3300000000000018,0.0223763698261461,1.55,0.1699999999999999,0.0199999999999999,0.2041717108030155
2021-03-19,3913.1,20.95,1.74,0.16,,-0.0006029206064693,-0.007698181196592,0.1285373607467367,0.1307958543651186,0.1933135494429632,-0.629999999999999,0.259999999999998,0.0161864505570367,1.58,0.1,0.0199999999999999,0.3318961213918993
2021-03-22,3940.59,18.88,1.69,0.15,,0.007000559550654,-0.0071685982367947,0.1306541847288035,0.1263754127882431,0.1924689860738413,-2.0700000000000003,-1.150000000000002,-0.0036689860738413,1.54,0.0699999999999998,0.0099999999999999,0.313041690424088
2021-03-23,3910.52,20.3,1.63,0.15,,-0.0076601008099493,-0.0132577771625971,0.1380018796855242,0.1204091101675421,0.1947892127554072,1.4200000000000017,0.5100000000000016,0.0082107872445927,1.48,0.0099999999999997,0.0,0.29279570246198466
2021-03-24,3889.14,21.2,1.62,0.14,,-0.0054823039848238,-0.0216152864523986,0.1294021708775847,0.1205732675153283,0.1913935652473362,0.8999999999999986,1.9699999999999989,0.0206064347526638,1.48,-0.0099999999999997,0.01,0.2853949892929631
2021-03-25,3909.52,19.81,1.63,0.14,,0.0052265508159267,-0.0015182150346616,0.1019435096719042,0.1102891367984562,0.1691737790059698,-1.3900000000000006,-1.7699999999999996,0.0289262209940301,1.4899999999999998,-0.08,-0.0199999999999999,0.3307452362798168
2021-03-26,3974.54,18.86,1.67,0.14,,0.0164944138263532,0.0155791193981608,0.1564628580122073,0.1405007318286185,0.1761922139635246,-0.9499999999999992,-2.09,0.0124077860364753,1.5299999999999998,-0.07,-0.0199999999999999,0.3043290598966661
2021-03-29,3971.09,20.74,1.73,0.14,,-0.0008684019308247,0.0077101579166818,0.1541095345643192,0.136975167504883,0.1571139132561924,1.879999999999999,1.8599999999999997,0.0502860867438074,1.59,0.04,-0.0099999999999999,0.3044096093632972
2021-03-30,3958.55,19.61,1.73,0.16,,-0.0031628196118815,0.0122074391147496,0.1398379743357446,0.1377349862362741,0.1543130464432341,-1.129999999999999,-0.6900000000000013,0.0417869535567658,1.57,0.1,0.01,0.3011510704686276
2021-03-31,3972.89,19.4,1.74,0.16,,0.0036159929659948,0.0213057360655684,0.1210082710944086,0.138233092672747,0.1449264949474052,-0.2100000000000008,-1.8000000000000007,0.0490735050525947,1.58,0.1199999999999998,0.0199999999999999,0.3030959739286778
2021-04-01,4019.87,17.33,1.69,0.17,,0.0117557742368885,0.02783495948653,0.1326115086004119,0.1218495012722631,0.1366596574182795,-2.0700000000000003,-2.4800000000000004,0.0366403425817204,1.52,0.06,0.03,0.26822516546383685
2021-04-05,4077.91,17.91,1.73,0.17,,0.0143350384671663,0.0256755841273432,0.121851037578127,0.1332841817344313,0.1298701625526812,0.5800000000000018,-0.9499999999999992,0.0492298374473187,1.56,0.06,0.03,0.14202155322609086
2021-04-06,4073.94,18.12,1.67,0.16,,-0.0009740121110818,0.0255699739470863,0.1221807088526274,0.134474126945244,0.1270243396651016,0.2100000000000008,-2.619999999999997,0.0541756603348984,1.51,-0.06,0.0199999999999999,0.1505235542535208
2021-04-07,4079.95,17.16,1.68,0.16,,0.0014741432833555,0.0302069368423233,0.1057166400823897,0.1206864682515754,0.1204445637770174,-0.9600000000000009,-2.4499999999999997,0.0511554362229825,1.52,-0.05,0.0,0.16228970844589435
2021-04-08,4097.17,16.95,1.64,0.14,,0.0042117580408072,0.0308027019171356,0.1049372724104993,0.1079568734565258,0.1199308303926633,-0.2100000000000008,-2.4499999999999997,0.0495691696073366,1.5,-0.1,-0.0199999999999999,0.22922445399927358
2021-04-09,4128.8,16.69,1.67,0.16,,0.0076903163725556,0.0267372440528027,0.0947559712146575,0.1086730011710004,0.1179793141659534,-0.259999999999998,-0.639999999999997,0.0489206858340465,1.51,-0.02,-0.01,0.20226303818825822
2021-04-12,4127.99,16.91,1.69,0.18,,-0.0001962021566731,0.0122060034289632,0.0562610011186195,0.0922700917286569,0.1182389463322407,0.2199999999999988,-1.0,0.0508610536677592,1.51,-0.04,0.0099999999999999,0.21916752020079805
2021-04-13,4141.59,16.65,1.64,0.16,,0.0032891663811453,0.0164691819211903,0.0474002878319058,0.0886859796508481,0.1172815846053297,-0.2600000000000015,-1.4700000000000024,0.0492184153946702,1.48,-0.03,0.0,0.23884828458660942
2021-04-14,4124.66,16.99,1.64,0.16,,-0.004096179929697,0.0108988587081378,0.0713287798893301,0.0909516469403028,0.1186725072562934,0.3399999999999998,-0.1700000000000017,0.0512274927437065,1.48,-0.04,0.0,0.2728420617461028
2021-04-15,4170.42,16.57,1.56,0.16,,0.0110331580161543,0.017720258683485,0.095809536182029,0.0972272147233348,0.12292484027247,-0.4199999999999981,-0.379999999999999,0.0427751597275299,1.4,-0.0799999999999998,0.0199999999999999,0.255624851572501
2021-04-16,4185.47,16.25,1.59,0.16,,0.0036022533265398,0.0136321956374693,0.0888033839713834,0.0893102247166249,0.1046047147625984,-0.3200000000000003,-0.4400000000000013,0.0578952852374015,1.4300000000000002,-0.0799999999999998,0.0,0.3030617718335522
2021-04-19,4163.26,17.29,1.61,0.16,,-0.0053205822668759,0.0085078155272665,0.1053402848969131,0.0798555318050353,0.1082371916755334,1.0399999999999991,0.379999999999999,0.0646628083244666,1.4500000000000002,-0.0799999999999998,-0.0199999999999999,0.29242380308061705
2021-04-20,4134.94,18.68,1.58,0.15,,-0.006825603130708,-0.0016069539845867,0.1192878399859935,0.0907619112417177,0.1126623506629873,1.3900000000000006,2.030000000000001,0.0741376493370126,1.4300000000000002,-0.0599999999999998,-0.01,0.2716301360624326
2021-04-21,4173.42,17.5,1.57,0.15,,0.0092630254691135,0.0117522514142236,0.1298862712408332,0.0987990698466011,0.1085453362758792,-1.1799999999999995,0.5100000000000016,0.0664546637241207,1.4200000000000002,-0.0699999999999998,-0.01,0.22878095665995918
2021-04-22,4134.98,18.71,1.57,0.16,,-0.0092533518567931,-0.0085342584587237,0.1241705006658938,0.1134124594024804,0.1132921425302745,1.2100000000000009,2.140000000000001,0.0738078574697255,1.41,0.01,0.0,0.20545367529594688
2021-04-23,4180.17,17.33,1.58,0.16,,0.0108694238615419,-0.0012670879237216,0.1514641209592641,0.1196772501201886,0.1164470331451283,-1.3800000000000026,1.0799999999999983,0.0568529668548716,1.4200000000000002,-0.01,0.0,0.1599297642394902
2021-04-26,4187.62,17.64,1.58,0.18,,0.0017806378908788,0.005834132234033,0.144737875850065,0.1194257824323862,0.1056230712735673,0.3100000000000023,0.3500000000000014,0.0707769287264326,1.4,-0.03,0.0199999999999999,0.16332890394818206
2021-04-27,4186.72,17.56,1.63,0.17,,-0.0002149423126992,0.0124447930520419,0.1284302709276978,0.1191970698860754,0.1053627017416813,-0.0800000000000018,-1.120000000000001,0.0702372982583186,1.46,0.0499999999999998,0.02,0.19488319515552513
2021-04-28,4183.18,17.28,1.63,0.17,,-0.0008458882928303,0.002335879290098,0.1140895777388649,0.1163242288864354,0.1039810655480593,-0.2799999999999976,-0.2199999999999988,0.0688189344519406,1.46,0.0599999999999998,0.02,0.1947403165888008
2021-04-29,4211.47,17.61,1.65,0.16,,0.0067400325437081,0.0183292636905994,0.079496434759149,0.1080830626166072,0.1049094557997319,0.3299999999999983,-1.1000000000000014,0.071190544200268,1.49,0.0799999999999998,0.0,0.20770531901614164
2021-04-30,4181.17,18.61,1.65,0.16,,-0.0072206437182024,0.0002391961108548,0.0799603743500756,0.1142109849186558,0.1053258852413275,1.0,1.2800000000000011,0.0807741147586724,1.49,0.0699999999999998,0.0,0.2088127234392869
2021-05-03,4192.66,18.31,1.63,0.16,,0.0027442656970409,0.001202823917017,0.0815527634142449,0.1110255921077459,0.0947820784261034,-0.3000000000000007,0.6699999999999982,0.0883179215738965,1.47,0.0499999999999998,-0.0199999999999999,0.2635103195194376
2021-05-04,4164.66,19.48,1.61,0.16,,-0.0067007377404054,-0.0052829715106892,0.0956200899911967,0.1107900116030388,0.0987704658840947,1.1700000000000017,1.9200000000000017,0.0960295341159052,1.4500000000000002,-0.0199999999999997,-0.01,0.2779357353168457
2021-05-05,4167.59,19.15,1.59,0.16,,0.000703291456874,-0.0037337917609848,0.096463923799293,0.1001195242484337,0.0987697634292327,-0.3300000000000018,1.8699999999999972,0.0927302365707672,1.4300000000000002,-0.0399999999999998,-0.01,0.4422663517030988
2021-05-06,4201.62,18.39,1.58,0.16,,0.0081322341159119,-0.0023415901887809,0.1035195079431228,0.0936372720777091,0.1013736789249738,-0.759999999999998,0.7800000000000011,0.0825263210750262,1.4200000000000002,-0.0699999999999998,0.0,0.46457202090977
2021-05-07,4232.6,16.69,1.6,0.14,,0.0073462962378118,0.0122253497672332,0.0949605325290492,0.0851567752771132,0.1010911547318821,-1.6999999999999993,-1.9199999999999984,0.0658088452681178,1.46,-0.0499999999999998,-0.0199999999999999,0.5074279770228858
2021-05-10,4188.43,19.66,1.63,0.16,,-0.0104904993990263,-0.0010094153288339,0.1317064301393561,0.1033403635805963,0.1093035408768779,2.969999999999999,1.3500000000000014,0.087296459123122,1.47,0.0,0.0,0.4810068320278935
2021-05-11,4152.1,21.84,1.64,0.16,,-0.0087117316932158,-0.0030204092816444,0.1385536720965879,0.1122943998698003,0.1137814689276103,2.18,2.3599999999999994,0.1046185310723896,1.48,0.0299999999999998,0.0,0.4802919396923778
2021-05-12,4063.04,27.59,1.69,0.16,,-0.0216827684526845,-0.025406469191203,0.2019077119254549,0.1535232937747985,0.1371614672887008,5.75,8.440000000000001,0.1387385327112991,1.53,0.0999999999999998,0.0,0.33822207866493426
2021-05-13,4112.5,23.13,1.66,0.16,,0.0120996541922006,-0.0214390491149142,0.2194662093203792,0.1648964618771226,0.1384233409913478,-4.460000000000001,4.739999999999998,0.0928766590086521,1.5,0.0799999999999998,0.0,0.32447036901881315
2021-05-14,4173.85,18.81,1.63,0.16,,0.0148077551664606,-0.0139775901862654,0.2488153689404141,0.1828808150451564,0.1483971352518922,-4.32,2.119999999999997,0.0397028647481077,1.47,0.0299999999999998,0.0199999999999999,0.22400897610697065
2021-05-17,4163.29,19.72,1.64,0.16,,-0.0025332441694025,-0.0060203349566416,0.2395521096937,0.1824402315359541,0.147432994909113,0.91,0.0599999999999987,0.0497670050908869,1.48,0.01,0.0,0.2703232784343861
2021-05-18,4127.83,21.34,1.64,0.16,,-0.0085537819278382,-0.0058623851912638,0.239242670892381,0.1843728826020368,0.1486170799931698,1.620000000000001,-0.5,0.0647829200068301,1.48,0.0,0.0,0.2361720333333614
2021-05-19,4115.68,22.18,1.68,0.16,,-0.0029477755951036,0.0128726076663169,0.162820984119549,0.1844013854762765,0.1446979847210832,0.8399999999999999,-5.41,0.0771020152789167,1.52,-0.01,0.0,0.23339541123581833
2021-05-20,4159.12,20.67,1.63,0.15,,0.0104994438686107,0.0112723973427269,0.157223444897581,0.1881203783087733,0.1461855261608363,-1.509999999999998,-2.4599999999999973,0.0605144738391637,1.48,-0.03,-0.01,0.16442389479005473
2021-05-21,4155.86,20.15,1.63,0.17,,-0.0007841270013964,-0.0043194848251301,0.1109500571643696,0.1823387088792986,0.1407526431295461,-0.5200000000000031,1.34,0.0607473568704538,1.46,0.0,0.01,0.1644054080756497
2021-05-24,4197.05,18.4,1.61,0.15,,0.009862511119055,0.0080762704633275,0.1320864084376563,0.1838887738029211,0.1451845497731063,-1.75,-1.3200000000000005,0.0388154502268937,1.4600000000000002,-0.0299999999999998,-0.01,0.05077836039933667
2021-05-25,4188.13,18.84,1.56,0.15,,-0.0021275639556263,0.0145024884355394,0.1062743994564775,0.1778189971677436,0.1454003331584357,0.4400000000000013,-2.5,0.0429996668415642,1.41,-0.0799999999999998,-0.01,0.044323505948272515
2021-05-26,4195.99,17.36,1.58,0.14,,0.001874973712845,0.0193252377434881,0.0944070857619878,0.1259376922691538,0.1455069385341473,-1.4800000000000004,-4.82,0.0280930614658526,1.44,-0.0999999999999998,-0.0199999999999999,0.0663998501936394
2021-05-27,4200.88,16.74,1.61,0.14,,0.0011647198427041,0.0099905137175815,0.0741700323836007,0.1159132964297133,0.1434912483796617,-0.620000000000001,-3.9300000000000033,0.0239087516203382,1.4700000000000002,-0.0199999999999997,-0.0099999999999999,0.15349625068256526
2021-05-28,4204.11,16.76,1.58,0.14,,0.0007685910772065,0.0115432317961843,0.0712627702755455,0.0918296490908948,0.1410333767661,0.0200000000000031,-3.389999999999997,0.0265666232338999,1.44,-0.0499999999999998,-0.03,0.15353279321353108
2021-06-01,4202.04,17.9,1.62,0.16,,-0.0004924965749694,0.0011882241021599,0.0250363900572378,0.0903635737129633,0.1407490211737375,1.139999999999997,-0.5,0.0382509788262624,1.4600000000000002,0.01,0.01,0.1533587914281651
2021-06-02,4208.12,17.48,1.59,0.13,,0.0014458704850342,0.0047616585428203,0.0143338255430691,0.07332567919639,0.1384714467169704,-0.4199999999999981,-1.3599999999999994,0.0363285532830296,1.46,0.03,-0.0199999999999999,0.15437589945711322
2021-06-03,4192.85,18.04,1.63,0.16,,-0.0036352984992414,-0.0007486136692661,0.0330934087677553,0.0746741557623702,0.1392491084160439,0.5599999999999987,0.6799999999999997,0.041150891583956,1.47,0.0499999999999998,0.0199999999999999,0.16102886475602576
2021-06-04,4229.89,16.42,1.56,0.14,,0.0087952943520972,0.0068819608401269,0.0727565893396482,0.069460116557382,0.139762562110967,-1.6199999999999974,-0.3199999999999967,0.024437437889033,1.42,-0.05,0.0,0.08597189012005525
2021-06-07,4226.52,16.42,1.57,0.16,,-0.0007970285684825,0.0053163411944377,0.0744107502543966,0.0694729985282327,0.1373122820524432,0.0,-0.3399999999999998,0.0268877179475567,1.41,-0.01,0.0199999999999999,0.08977702812564926
2021-06-08,4227.26,17.07,1.53,0.14,,0.0001750696142765,0.005983907383684,0.0736787599489389,0.0524945353218255,0.1316827581602042,0.6499999999999986,-0.8299999999999983,0.0390172418397957,1.39,-0.09,-0.0199999999999999,0.09525783031862575
2021-06-09,4219.55,17.89,1.5,0.16,,-0.0018255417468125,0.0027124951518372,0.0765850732580741,0.0520563205488567,0.1275234210250418,0.8200000000000003,0.4100000000000001,0.0513765789749581,1.34,-0.09,0.03,0.12488231198970773
2021-06-10,4239.18,16.1,1.45,0.14,,0.0046413670230826,0.0109891606741612,0.0704342033524211,0.0554742598526326,0.0963857414038255,-1.7899999999999991,-1.9399999999999975,0.0646142585961744,1.31,-0.1799999999999999,-0.0199999999999999,0.10106819782795522
2021-06-11,4247.44,15.65,1.47,0.16,,0.001946594193743,0.0041404605158071,0.0403953520264275,0.0556682852022381,0.0888923016408904,-0.450000000000001,-0.7700000000000014,0.0676076983591095,1.31,-0.09,0.0199999999999999,0.23074765933869112
2021-06-14,4255.15,16.39,1.51,0.16,,0.001813565540193,0.0067510546244829,0.0379567094086187,0.055740029418715,0.0740385126511254,0.7400000000000002,-0.0300000000000011,0.0898614873488745,1.35,-0.06,0.0,0.31802674920174445
2021-06-15,4246.59,17.02,1.51,0.16,,-0.0020137061101785,0.0045622789000275,0.0447912074056613,0.0575327709590396,0.0737353215150906,0.629999999999999,-0.0500000000000007,0.0964646784849093,1.35,-0.02,0.0199999999999999,0.3266543757821461
2021-06-16,4223.7,18.15,1.57,0.21,,-0.0054047867832929,0.0009830338635471,0.0623435793141972,0.0658983690799378,0.0690260301760929,1.129999999999999,0.259999999999998,0.112473969823907,1.36,0.07,0.0499999999999999,0.3156544923260257
2021-06-17,4221.86,17.75,1.52,0.23,,-0.0004357319180995,-0.004094065077635,0.0483993998455912,0.062313730291896,0.0676105125938501,-0.3999999999999986,1.6499999999999986,0.1098894874061498,1.29,0.07,0.09,0.32871058621935295
2021-06-18,4166.45,20.7,1.45,0.26,,-0.0132114349482558,-0.0192520942196338,0.0929570713360042,0.0780889372279368,0.0765000506605163,2.9499999999999997,5.049999999999999,0.1304999493394837,1.19,-0.02,0.1,0.25855792594367827
2021-06-21,4224.79,17.89,1.5,0.27,,0.0139052011437347,-0.0071604586160923,0.1569688631235163,0.1101497486625835,0.0907259387345835,-2.8099999999999987,1.5,0.0881740612654164,1.23,-0.01,0.11,0.13955031612555813
2021-06-22,4246.44,16.66,1.48,0.25,,0.005111429423335,-3.5323082578575326e-05,0.1633271397629085,0.1131668893294407,0.0858854657567378,-1.2300000000000004,-0.3599999999999994,0.0807145342432621,1.23,-0.03,0.09,0.11362103161945286
2021-06-23,4241.84,16.32,1.5,0.26,,-0.0010838474815418,0.0042856162191725,0.157092398450841,0.1128094912261905,0.0855274243121866,-0.3399999999999998,-1.8299999999999983,0.0776725756878133,1.24,-0.07,0.05,0.11426993450403822
2021-06-24,4266.49,15.97,1.49,0.26,,0.0057943377765723,0.0105156859138445,0.1600604847554879,0.1141277317102455,0.0873910012068952,-0.3499999999999996,-1.7799999999999994,0.0723089987931048,1.23,-0.03,0.03,0.1069209453161212
2021-06-25,4280.7,15.62,1.54,0.28,,0.0033250724723028,0.0270521933344033,0.0865569384748012,0.1147768251842292,0.0878350513101369,-0.3500000000000014,-5.08,0.068364948689863,1.26,0.09,0.02,0.1507174588907413
2021-06-28,4290.61,15.76,1.49,0.25,,0.0023123663514123,0.0154593585420808,0.0430961300394313,0.1149298027740031,0.0879656732331123,0.1400000000000005,-2.130000000000001,0.0696343267668876,1.24,-0.01,-0.02,0.14966824167750825
2021-06-29,4291.8,16.02,1.49,0.27,,0.0002773113863416,0.0106252405050875,0.0424846847181638,0.1139135793282222,0.087832655988748,0.2599999999999998,-0.6400000000000006,0.0723673440112519,1.22,0.01,0.02,0.1587922767357844
2021-06-30,4297.5,15.83,1.45,0.25,,0.0013272329146112,0.0130363209012403,0.0335125220421317,0.1080813114259368,0.087826695292894,-0.1899999999999995,-0.4900000000000002,0.0704733047071059,1.2,-0.05,-0.01,0.2083260762936655
2021-07-01,4319.94,15.48,1.48,0.25,,0.0052080549958111,0.0124500381204792,0.0300828635087539,0.1086235298498472,0.0871758024789213,-0.3499999999999996,-0.4900000000000002,0.0676241975210786,1.23,-0.01,-0.01,0.2612646063404117
2021-07-02,4352.34,15.07,1.44,0.24,,0.0074721182313641,0.0165970838795404,0.0469904444327183,0.0679504857067345,0.0858217854320896,-0.4100000000000001,-0.5499999999999989,0.0648782145679103,1.2,-0.1,-0.04,0.23912445889350706
2021-07-06,4343.54,16.44,1.37,0.22,,-0.0020239476634912,0.0122607698646369,0.0608771880347853,0.0500122809603179,0.086352328425833,1.370000000000001,0.6800000000000015,0.0780476715741669,1.15,-0.1199999999999998,-0.03,0.24346658871315272
2021-07-07,4358.13,16.2,1.33,0.22,,0.0033533824363036,0.0153368409145987,0.0577926578668403,0.0484643950084517,0.0865080269768364,-0.240000000000002,0.1799999999999997,0.0754919730231636,1.11,-0.1599999999999999,-0.05,0.238293519235235
2021-07-08,4320.82,19.0,1.3,0.19,,-0.0085978672165738,0.0054117407834137,0.1023763795673236,0.0729391156311366,0.0930770602961382,2.8000000000000007,3.17,0.0969229397038617,1.11,-0.1499999999999999,-0.06,0.20210326618520838
2021-07-09,4369.55,16.18,1.37,0.23,,0.0112148299185709,0.0114185157061734,0.1241852612825225,0.0852021419636569,0.0990471127123525,-2.8200000000000003,0.6999999999999993,0.0627528872876474,1.14,-0.1099999999999998,-0.0199999999999999,0.15356556425791043
2021-07-12,4384.63,16.17,1.38,0.23,,0.0034452147239393,0.0073916121987486,0.116647820301026,0.0852413105765547,0.0992764073622522,-0.009999999999998,1.1000000000000014,0.0624235926377477,1.15,-0.06,-0.0099999999999999,0.2916804206970318
2021-07-13,4369.21,17.12,1.42,0.26,,-0.0035230289676471,0.0058925308945929,0.1199228867171504,0.0902909468264755,0.1009104365577601,0.9499999999999992,0.6799999999999997,0.0702895634422398,1.16,0.0499999999999998,0.04,0.3728533215312279
2021-07-14,4374.3,16.33,1.37,0.23,,0.0011642922750682,0.0037034407333573,0.1184193200632134,0.089977141457994,0.100144489015332,-0.7900000000000027,0.129999999999999,0.0631555109846679,1.14,0.04,0.01,0.3945324278913906
2021-07-15,4360.03,17.01,1.31,0.23,,-0.0032675689369965,0.0090337390129345,0.0958288380379556,0.0936820584777575,0.0984686255473495,0.6800000000000033,-1.9899999999999984,0.0716313744526504,1.08,0.01,0.04,0.39241308868851116
2021-07-16,4327.16,18.45,1.31,0.25,,-0.0075675003916981,-0.0097485912973343,0.0685430829821958,0.1009792625213917,0.1035367170816607,1.4399999999999975,2.27,0.0809632829183392,1.06,-0.06,0.0199999999999999,0.4064902734159808
2021-07-19,4258.49,22.5,1.19,0.21,,-0.0159968003279633,-0.0291906063492369,0.1026304733821541,0.1203158028692239,0.10901720018334,4.050000000000001,6.329999999999998,0.1159827998166599,0.98,-0.1899999999999999,-0.02,0.3196480487208152
2021-07-20,4323.06,19.73,1.23,0.2,,0.0150488474881451,-0.0106187298934448,0.182576439594184,0.1482238127070299,0.1108599330936228,-2.77,2.6099999999999994,0.0864400669063771,1.03,-0.1899999999999999,-0.06,0.22522822921893798
2021-07-21,4358.69,17.91,1.3,0.22,,0.0082080686588838,-0.003574953509629,0.1968576325108064,0.153637098363294,0.112854662011219,-1.8200000000000005,1.5800000000000018,0.066245337988781,1.08,-0.07,-0.01,0.1837353009522044
2021-07-22,4367.48,17.69,1.27,0.2,,0.0020146302382427,0.0017072456656101,0.1961129342437778,0.1460313778419625,0.1125203908969814,-0.2199999999999988,0.6799999999999997,0.0643796091030185,1.07,-0.04,-0.03,0.1928097661235245
2021-07-23,4411.79,17.2,1.3,0.22,,0.0100943190601663,0.0193690651174747,0.1912630674830757,0.1439461227493921,0.115707644137414,-0.490000000000002,-1.25,0.0562923558625859,1.08,-0.01,-0.03,0.13748713759131925
2021-07-26,4422.3,17.58,1.29,0.22,,0.0023794199422129,0.0377452853876508,0.087134470753066,0.1435301528623006,0.1155773389276594,0.379999999999999,-4.920000000000002,0.0602226610723405,1.07,0.1,0.01,0.135400950094156
2021-07-27,4401.46,19.36,1.25,0.2,,-0.0047236186726493,0.0179728192268564,0.0928001007497475,0.1446776003317919,0.1177030200030116,1.7800000000000011,-0.370000000000001,0.0758969799969884,1.05,0.02,0.0,0.17184717038399472
2021-07-28,4400.64,18.31,1.26,0.2,,-0.0001863191743724,0.0095784313936,0.0853443684122147,0.1447243531134472,0.1177666500244182,-1.0500000000000007,0.3999999999999986,0.0653333499755817,1.06,-0.04,-0.0199999999999999,0.18696434489472805
2021-07-29,4419.15,17.7,1.28,0.2,,0.0041973850116203,0.0117611861669776,0.0868964911689092,0.1439878050217125,0.1182306783873461,-0.6099999999999994,0.009999999999998,0.0587693216126538,1.08,0.01,0.0,0.1988722142625273
2021-07-30,4395.26,18.24,1.24,0.19,,-0.0054206823821932,-0.0037538152753817,0.0674398252061118,0.1406304801356125,0.1196956753167132,0.5399999999999991,1.0399999999999991,0.0627043246832867,1.05,-0.06,-0.03,0.1812498684203029
2021-08-02,4387.16,19.46,1.2,0.17,,-0.0018445946098472,-0.007977829827442,0.0614932324347956,0.104444848174685,0.1174210177194884,1.2200000000000024,1.8800000000000023,0.0771789822805115,1.03,-0.09,-0.0499999999999999,0.17949072107852648
2021-08-03,4423.15,18.04,1.19,0.17,,0.0081700190326528,0.0049158078778601,0.084133117063897,0.086318014141166,0.120174954608805,-1.4200000000000017,-1.3200000000000005,0.060225045391195,1.02,-0.06,-0.03,0.12507680203930965
2021-08-04,4402.66,17.97,1.19,0.17,,-0.0046432082296428,0.0004589188225896,0.0934679780660691,0.0857486426287009,0.1213632710164696,-0.0700000000000002,-0.3399999999999998,0.0583367289835303,1.02,-0.07,-0.03,0.10836248687010847
2021-08-05,4429.1,17.28,1.23,0.21,,0.0059874994315475,0.002249033242517,0.0991151184471566,0.0893055616478601,0.1178403217978713,-0.6899999999999977,-0.4199999999999981,0.0549596782021286,1.02,-0.05,0.0099999999999999,0.0699847136963955
2021-08-06,4436.52,16.15,1.31,0.21,,0.0016738821949274,0.0093435978196378,0.0843377920382325,0.0752527865481518,0.1118400923287175,-1.1300000000000026,-2.09,0.0496599076712824,1.1,0.07,0.0199999999999999,0.069582906277806
2021-08-09,4432.35,16.72,1.33,0.23,,-0.0009403678951865,0.0102478245342986,0.0820426968199015,0.0748483531810751,0.1115267945693563,0.5700000000000003,-2.740000000000002,0.0556732054306436,1.1,0.1300000000000001,0.06,0.0796578774763272
2021-08-10,4436.75,16.79,1.36,0.24,,0.0009922089864754,0.0030700144881213,0.0615816266530378,0.0695769499938918,0.1104912638998213,0.0700000000000002,-1.25,0.0574087361001786,1.12,0.1700000000000001,0.0699999999999999,0.13692968439119843
2021-08-11,4447.7,16.06,1.35,0.23,,0.0024649821979919,0.010178204915756,0.040376965751521,0.0697987226138178,0.1106496441012215,-0.7300000000000004,-1.91,0.0499503558987784,1.12,0.1600000000000001,0.06,0.21598144438407052
2021-08-12,4460.83,15.59,1.36,0.23,,0.0029477387419454,0.0071384442261538,0.0241330059166137,0.068497586721144,0.109791551110482,-0.4699999999999988,-1.6900000000000013,0.0461084488895179,1.13,0.1300000000000001,0.02,0.21179193509615393
2021-08-13,4468.0,15.45,1.29,0.23,,0.0016060338344795,0.0070705958657061,0.0240941757531919,0.0585982239388413,0.104856843977511,-0.1400000000000005,-0.6999999999999993,0.0496431560224889,1.06,-0.02,0.02,0.2465250145633197
2021-08-16,4479.71,16.12,1.26,0.21,,0.0026174309818667,0.0106283947427595,0.0127676700470079,0.0553571432793667,0.0816779098016797,0.6700000000000017,-0.5999999999999979,0.0795220901983202,1.05,-0.07,-0.02,0.27785334724276206
2021-08-17,4448.08,17.91,1.26,0.23,,-0.0070857697907681,0.0025504159655156,0.0678636602663366,0.0610990962526877,0.0741308565308059,1.7899999999999991,1.120000000000001,0.104969143469194,1.03,-0.1,-0.0099999999999999,0.25517237152151523
2021-08-18,4400.27,21.57,1.27,0.23,,-0.0108066397201445,-0.0107212059526207,0.1010628440148445,0.080541902590261,0.0814244701228465,3.66,5.510000000000002,0.1342755298771534,1.04,-0.08,0.0,0.19215320333410543
2021-08-19,4405.8,21.67,1.24,0.22,,0.0012559520255743,-0.0124129926689918,0.0962939139652057,0.0738260705372902,0.0812785713023359,0.1000000000000014,6.080000000000002,0.1354214286976641,1.02,-0.1200000000000001,-0.01,0.21242818650287287
2021-08-20,4441.67,18.56,1.26,0.23,,0.0081085771490773,-0.0059104493543941,0.1214639235146351,0.0853635662363807,0.0784039862119408,-3.110000000000003,3.1099999999999994,0.1071960137880591,1.03,-0.03,0.0,0.21894020376695436
2021-08-23,4479.53,17.15,1.25,0.23,,0.008487698356534,-4.018197972691219e-05,0.1389266004034133,0.094705791052701,0.0833556092155006,-1.41,1.0299999999999976,0.0881443907844993,1.02,-0.01,0.02,0.18556453094187247
2021-08-24,4486.23,17.22,1.29,0.24,,0.0014945751943348,0.0085401630053761,0.1239324878979822,0.0947294709037092,0.0809330716100085,0.0700000000000002,-0.6900000000000013,0.0912669283899914,1.05,0.03,0.0099999999999999,0.1852851795781574
2021-08-25,4496.19,16.79,1.35,0.23,,0.002217666081518,0.0215644688070388,0.0580636015053777,0.0946384428975619,0.0809337625174447,-0.4299999999999997,-4.780000000000001,0.0869662374825552,1.12,0.08,0.0,0.1819772970041895
2021-08-26,4470.0,18.84,1.34,0.25,,-0.0058419628594696,0.0144665539219947,0.0929757533299025,0.0999306909392801,0.0835968612873797,2.0500000000000007,-2.830000000000002,0.1048031387126202,1.09,0.1,0.03,0.1629287331201182
2021-08-27,4509.37,16.39,1.31,0.22,,0.0087690455528976,0.0151270223258149,0.0953964646638629,0.1088162447809555,0.0852628428871535,-2.4499999999999997,-2.169999999999998,0.0786371571128464,1.09,0.05,-0.01,0.0848306223563842
2021-08-30,4528.79,16.19,1.29,0.2,,0.0042973414690568,0.0109366654383377,0.0842701286604705,0.1098709329942494,0.0850632011667533,-0.1999999999999993,-0.9599999999999972,0.0768367988332466,1.09,0.04,-0.03,0.07387695431114305
2021-08-31,4522.68,16.48,1.3,0.2,,-0.0013500571571324,0.0080920330868706,0.0880771755302851,0.1013642838142513,0.0819493494222507,0.2899999999999991,-0.7399999999999984,0.0828506505777492,1.1,0.01,-0.0399999999999999,0.07373744912870904
2021-09-01,4524.09,16.11,1.31,0.2,,0.0003117134648978,0.0061860804702501,0.0882992780393746,0.075005367918787,0.0791739738176881,-0.370000000000001,-0.6799999999999997,0.0819260261823118,1.11,-0.04,-0.03,0.10384006461817392
2021-09-02,4536.95,16.41,1.29,0.2,,0.0028385281677768,0.0148665714974966,0.0620617005333882,0.0745271120508535,0.0775045397076427,0.3000000000000007,-2.43,0.0865954602923572,1.09,-0.05,-0.0499999999999999,0.1545907829025126
2021-09-03,4535.43,16.41,1.33,0.21,,-0.0003350829692366,0.0057624429753623,0.0371573167005528,0.0700273988827465,0.0776705170524714,0.0,0.0199999999999995,0.0864294829475285,1.12,0.02,-0.01,0.1586601319821008
2021-09-07,4520.03,18.14,1.38,0.22,,-0.0034012661634819,-0.0019361646571764,0.0362934849727749,0.064850745186601,0.0790086659274978,1.7300000000000004,1.9499999999999995,0.1023913340725021,1.16,0.0899999999999998,0.0199999999999999,0.17500777258136663
2021-09-08,4514.07,17.96,1.35,0.22,,-0.0013194454045593,-0.0019055529046033,0.0362429384765164,0.0656618790486315,0.0794286927777069,-0.1799999999999997,1.4800000000000004,0.100171307222293,1.13,0.05,0.0199999999999999,0.21939062007401183
2021-09-09,4493.28,18.8,1.3,0.23,,-0.0046162382762889,-0.0068335046457901,0.0459054490730935,0.0698314899213113,0.0814860333277822,0.8399999999999999,2.6900000000000013,0.1065139666722177,1.07,-0.01,0.03,0.2082533070100957
2021-09-10,4458.58,20.95,1.35,0.23,,-0.0077526176231305,-0.0174246504366976,0.0463571478825618,0.0747433975415524,0.08596891520446,2.1499999999999986,4.539999999999999,0.1235310847955399,1.12,0.06,0.03,0.22211237950711615
2021-09-13,4468.73,19.37,1.33,0.21,,0.0022739222394134,-0.0148156452280475,0.0593929056516912,0.058026687442596,0.0861694570712143,-1.5799999999999983,2.960000000000001,0.1075305429287857,1.12,0.0,0.0,0.34916577643213864
2021-09-14,4443.05,19.46,1.28,0.21,,-0.0057631743778016,-0.0171775534423672,0.0627620028634346,0.0546494917212792,0.0879208416256367,0.0899999999999998,1.3200000000000005,0.1066791583743633,1.07,-0.0999999999999998,-0.01,0.33721387769485056
2021-09-15,4480.7,18.18,1.31,0.21,,0.0084382066732456,-0.0074199013645621,0.1064864726021184,0.0755556897834303,0.0895427853455121,-1.2800000000000011,0.2199999999999988,0.0922572146544878,1.1,-0.04,-0.01,0.3440802576749292
2021-09-16,4473.75,18.69,1.34,0.23,,-0.0015523011230354,-0.0043559642113086,0.1029722400703824,0.0752750901141874,0.0797149509948229,0.5100000000000016,-0.1099999999999994,0.1071850490051771,1.11,0.04,0.0,0.3929964530635426
2021-09-17,4432.99,20.81,1.37,0.23,,-0.0091526831464338,-0.0057560297346119,0.1091605039193513,0.0814392426372601,0.0871860633617445,2.119999999999997,-0.1400000000000005,0.1209139366382554,1.14,0.02,0.0,0.36588644115714347
2021-09-20,4357.73,25.71,1.31,0.23,,-0.0171230203737694,-0.0251529723477946,0.1500250560138571,0.1089510690686205,0.1019892272891624,4.900000000000002,6.34,0.1551107727108375,1.08,-0.02,0.02,0.24886722783576065
2021-09-21,4354.19,24.36,1.33,0.22,,-0.0008126796836591,-0.0202024776536521,0.1525966399542815,0.1101159985906081,0.0957202359292333,-1.3500000000000014,4.899999999999999,0.1478797640707666,1.11,0.05,0.01,0.41041533443675726
2021-09-22,4395.64,20.87,1.32,0.25,,0.0094745406640912,-0.0191661436628067,0.1580167982773669,0.1285438358369705,0.1028662608427139,-3.4899999999999984,2.6900000000000013,0.105833739157286,1.07,0.01,0.04,0.38267349747139456
2021-09-23,4448.98,18.63,1.41,0.27,,0.0120617158632502,-0.0055521266765211,0.1955074014869186,0.1473249474695404,0.1124629224345872,-2.240000000000002,-0.0600000000000022,0.0738370775654127,1.14,0.0699999999999998,0.04,0.3820357334259492
2021-09-24,4455.48,17.75,1.47,0.29,,0.0014599428049598,0.0050604992748725,0.1820592017146683,0.1426707967217316,0.1108620517659967,-0.879999999999999,-3.0599999999999987,0.0666379482340032,1.18,0.0999999999999998,0.0599999999999999,0.42227169130858233
2021-09-27,4443.11,18.76,1.48,0.31,,-0.0027802175328761,0.0194033021157658,0.1036338448428843,0.1426022273030579,0.105994024922509,1.0100000000000016,-6.949999999999999,0.081605975077491,1.17,0.1699999999999999,0.0799999999999999,0.46842240255773904
2021-09-28,4352.63,23.25,1.54,0.31,,-0.0205743215874744,-0.0003583397880494,0.2052037249952422,0.1736857687067491,0.1253219442257253,4.489999999999998,-1.1099999999999994,0.1071780557742746,1.23,0.2099999999999999,0.09,0.3746583464516521
2021-09-29,4359.46,22.56,1.55,0.3,,0.0015679363733049,-0.0082649440788357,0.1890742029703074,0.1652836357116188,0.1259441267876222,-0.6900000000000013,1.6899999999999975,0.0996558732123777,1.25,0.2299999999999999,0.0499999999999999,0.3794391950062505
2021-09-30,4307.54,23.14,1.52,0.28,,-0.0119812209738146,-0.0323078809159005,0.152761107192567,0.1713593797735554,0.1306332729985025,0.5800000000000018,4.510000000000002,0.1007667270014974,1.24,0.1100000000000001,0.01,0.3535672490498689
2021-10-01,4357.04,21.15,1.48,0.27,,0.0114259522163595,-0.0223418715045007,0.1956755966360545,0.1839868335520398,0.1385621748278253,-1.990000000000002,3.3999999999999986,0.0729378251721746,1.21,0.01,-0.0199999999999999,0.30501687475572853
2021-10-04,4300.46,22.96,1.49,0.27,,-0.0130709339999375,-0.0326325879715621,0.2035616018634117,0.1754182593439703,0.1437809020164612,1.8100000000000025,4.199999999999999,0.0858190979835387,1.22,0.01,-0.0399999999999999,0.24888224846198434
2021-10-05,4345.72,21.3,1.54,0.28,,0.0104694589772618,-0.0015888074068256,0.1872442598542741,0.1852068154719427,0.1510773666355868,-1.66,-1.9499999999999995,0.0619226333644131,1.26,0.0,-0.0299999999999999,0.18919884910355994
2021-10-06,4363.55,21.0,1.53,0.3,,0.0040944935476352,0.0009377497675047,0.1896903939488116,0.1792143894293432,0.1525994443601129,-0.3000000000000007,-1.5599999999999987,0.057400555639887,1.23,-0.02,0.0,0.1840291277344531
2021-10-07,4399.76,19.54,1.58,0.32,,0.0082640477350165,0.0211830184763357,0.1599955451751301,0.1725116049541334,0.1561380463147387,-1.4600000000000009,-3.6000000000000014,0.0392619536852612,1.26,0.06,0.0399999999999999,0.2979825624237255
2021-10-08,4391.34,18.77,1.61,0.32,,-0.001915574290979,0.0078414919689972,0.149946864315532,0.1719334812582377,0.1541779447917516,-0.7699999999999996,-2.379999999999999,0.0335220552082483,1.29,0.1300000000000001,0.0499999999999999,0.319044968510418
2021-10-11,4361.19,20.0,1.61,0.32,,-0.0068894637904681,0.0140229621784665,0.1140521183486492,0.1740481104877021,0.1552141184102904,1.2300000000000004,-2.960000000000001,0.0447858815897095,1.29,0.1200000000000001,0.0499999999999999,0.30444873727015237
2021-10-12,4350.65,19.85,1.59,0.35,,-0.0024196966754627,0.0011338065257417,0.0945137747015328,0.1399046754908488,0.1543669675787377,-0.1499999999999985,-1.4499999999999993,0.0441330324212623,1.2400000000000002,0.05,0.0699999999999999,0.3238629180628793
2021-10-13,4363.8,18.64,1.56,0.37,,0.0030179781813102,5.7291159416824086e-05,0.0920143391379139,0.1405607309944528,0.1511126032490395,-1.2100000000000009,-2.3599999999999994,0.0352873967509604,1.19,0.03,0.07,0.32551908652576617
2021-10-14,4438.26,16.86,1.52,0.36,,0.016919170336133,0.0087124137605332,0.1457463012999487,0.1457857019432783,0.1643810794978416,-1.7800000000000011,-2.68,0.0042189205021583,1.16,-0.06,0.0399999999999999,0.18994903180569359
2021-10-15,4471.37,16.3,1.59,0.41,,0.0074324416209213,0.0180604296724338,0.1460738377381358,0.1406011163582421,0.1632039247676257,-0.5599999999999987,-2.469999999999999,-0.0002039247676257,1.1800000000000002,-0.02,0.0899999999999999,0.14983348727575702
2021-10-18,4486.46,16.31,1.59,0.44,,0.003369122716967,0.0283190161798692,0.1143130713049151,0.1102783147395637,0.1496147220165469,0.009999999999998,-3.690000000000001,0.013485277983453,1.15,-0.02,0.12,0.15888410125367192
2021-10-19,4519.63,15.7,1.65,0.41,,0.0073661600060432,0.0381048728613751,0.0890327613477416,0.1063973738215932,0.1507822972301712,-0.6099999999999994,-4.150000000000002,0.0062177027698287,1.24,0.0599999999999998,0.06,0.11137130598109957
2021-10-20,4536.19,15.49,1.65,0.4,,0.0036573205869523,0.0387442152670172,0.0870438383417533,0.106400376797093,0.1482814778243964,-0.209999999999999,-3.1500000000000004,0.0066185221756035,1.25,0.0899999999999998,0.03,0.1244835395795731
2021-10-21,4549.78,15.01,1.68,0.45,,0.0029914274720985,0.0248164724029826,0.0355015022094555,0.1035721700967284,0.1431802132558507,-0.4800000000000004,-1.85,0.0069197867441492,1.23,0.1599999999999999,0.09,0.1932643706416702
2021-10-22,4544.9,15.43,1.66,0.48,,-0.0010731549583585,0.0163108758237025,0.0475431975532516,0.1024526028491073,0.143382683459679,0.4199999999999999,-0.870000000000001,0.0109173165403209,1.18,0.0699999999999998,0.07,0.194978510365338
2021-10-25,4566.48,15.24,1.64,0.47,,0.0047369422309476,0.0176786953376832,0.0487142937994624,0.0847317969584764,0.1432413790653714,-0.1899999999999995,-1.0699999999999985,0.0091586209346285,1.17,0.0499999999999998,0.0299999999999999,0.1821459900036514
2021-10-26,4574.79,15.98,1.63,0.47,,0.00181812861651,0.01213066394815,0.0353095461655256,0.0772411855430813,0.1174805149393464,0.7400000000000002,0.2800000000000011,0.0423194850606535,1.16,-0.02,0.06,0.18906347708151625
2021-10-27,4551.68,16.98,1.54,0.5,,-0.0050644004514438,0.0034089429097537,0.0610541945353855,0.0923045869590219,0.1204905291316953,1.0,1.4900000000000002,0.0493094708683046,1.04,-0.1099999999999998,0.0999999999999999,0.19933557311449832
2021-10-28,4596.42,16.53,1.57,0.5,,0.0097813440400895,0.0101988594777449,0.0895944662539565,0.0687464748851127,0.111011195925119,-0.4499999999999993,1.5200000000000014,0.0542888040748809,1.07,-0.1099999999999998,0.0499999999999999,0.14146844385497953
2021-10-29,4605.38,16.26,1.55,0.48,,0.0019474456805769,0.0132194601166803,0.0854532204851768,0.0653973043502876,0.1067646738232942,-0.2699999999999996,0.8300000000000018,0.0558353261767058,1.07,-0.1099999999999998,0.0,0.1501864251495268
2021-11-01,4613.67,16.41,1.58,0.5,,0.0017984504334932,0.0102809683192259,0.0834415467131541,0.0655925139292693,0.0890828956256556,0.1499999999999985,1.17,0.0750171043743443,1.08,-0.0599999999999998,0.03,0.14811917640842448
2021-11-02,4630.65,16.03,1.56,0.46,,0.0036736112761163,0.0121364509788321,0.0841448288237769,0.0608353569679238,0.0852292073349533,-0.379999999999999,0.0500000000000007,0.0750707926650466,1.1,-0.0699999999999998,-0.0099999999999999,0.14708514608755432
2021-11-03,4660.57,15.1,1.6,0.47,,0.0064405112404735,0.0236413626707497,0.0537712833462716,0.0639370373699204,0.085968417536384,-0.9300000000000016,-1.8800000000000008,0.0650315824636159,1.13,0.06,-0.03,0.1684449367066948
2021-11-04,4680.06,15.44,1.53,0.41,,0.0041731721062601,0.0180331907369203,0.0300975240334766,0.0643590720112344,0.084035416297533,0.3399999999999998,-1.0900000000000016,0.0703645837024669,1.12,-0.04,-0.09,0.15511759989414203
2021-11-05,4697.53,16.48,1.45,0.39,,0.0037259083006282,0.0198116533569717,0.0263338243465599,0.0606245361762701,0.0819401138826626,1.040000000000001,0.2199999999999988,0.0828598861173373,1.06,-0.1,-0.0899999999999999,0.183343244521073
2021-11-08,4701.7,17.22,1.51,0.45,,0.0008873067844048,0.0189005097078835,0.0313645315290052,0.0611529720057173,0.0732104287004007,0.7399999999999984,0.8099999999999987,0.0989895712995992,1.06,-0.07,-0.0499999999999999,0.18280145262474998
2021-11-09,4685.25,17.78,1.46,0.41,,-0.0035048693855752,0.0117220290461917,0.0606398787219016,0.0691492077759083,0.0745148385404005,0.5600000000000023,1.75,0.1032851614595995,1.05,-0.1,-0.05,0.1845836247855544
2021-11-10,4646.71,18.73,1.56,0.51,,-0.0082598337573755,-0.0029783159516573,0.0835563137356583,0.0798254607239961,0.0857932527714745,0.9499999999999992,3.630000000000001,0.1015067472285254,1.05,-0.04,0.04,0.13633985269391113
2021-11-11,4649.27,17.66,1.56,0.51,,0.0005507757255752,-0.0066007123323424,0.0739350591243543,0.0673144453948942,0.0689482313941826,-1.0700000000000005,2.2200000000000006,0.1076517686058173,1.05,0.03,0.1,0.1462512342473035
2021-11-12,4682.85,16.29,1.58,0.53,,0.0071966809110384,-0.0031299397219323,0.0909958798096169,0.0739053918133143,0.0687211859607135,-1.370000000000001,-0.1900000000000012,0.0941788140392864,1.05,0.1300000000000001,0.14,0.09397575535906626
2021-11-15,4682.8,16.49,1.63,0.53,,-1.0677315509449458e-05,-0.0040279238218468,0.0902755128729069,0.0743726185172463,0.0690769977084176,0.1999999999999993,-0.7300000000000004,0.0958230022915823,1.1,0.1199999999999998,0.08,0.10684348642053765
2021-11-16,4700.9,16.37,1.63,0.54,,0.0038577581225869,0.0033347036863153,0.0915295771946565,0.0745297730843229,0.0666370854415904,-0.1199999999999974,-1.41,0.0970629145584095,1.09,0.1699999999999999,0.13,0.09141124605314203
2021-11-17,4688.67,17.11,1.6,0.52,,-0.0026050195943357,0.0089895178493552,0.0602404749772528,0.0715321695452864,0.0682181011566837,0.7399999999999984,-1.620000000000001,0.1028818988433163,1.08,0.04,0.01,0.08926867070056196
2021-11-18,4704.54,17.59,1.59,0.52,,0.0033790397745142,0.0118177818982944,0.0598969136965354,0.0705258064520528,0.0683327390688613,0.4800000000000004,-0.0700000000000002,0.1075672609311386,1.07,0.03,0.01,0.3718191091428223
2021-11-19,4697.96,17.91,1.54,0.52,,-0.0013996279870592,0.0032214730001968,0.0455752044028413,0.0686747380148145,0.068516301225697,0.3200000000000003,1.620000000000001,0.1105836987743029,1.02,-0.04,-0.01,0.4255502941152319
2021-11-22,4682.94,19.17,1.63,0.63,,-0.0032022541195681,2.989619613815237e-05,0.0534216378068329,0.0702607043682002,0.069569108379109,1.2600000000000016,2.6800000000000037,0.1221308916208909,1.0,0.0,0.0999999999999999,0.5204412498352893
2021-11-23,4690.7,19.38,1.67,0.6,,0.0016557072327826,-0.002172154693666,0.0450505710339067,0.0686319265971475,0.0695541875679851,0.2099999999999973,3.009999999999998,0.1242458124320148,1.0699999999999998,0.04,0.0599999999999999,0.5529623659570106
2021-11-24,4701.46,18.58,1.64,0.64,,0.0022912737234973,0.002724138624167,0.0435743061733814,0.0506620231996731,0.0654771382163272,-0.8000000000000007,1.4699999999999989,0.1203228617836727,1.0,0.0399999999999998,0.12,0.5954043415526575
2021-11-26,4594.62,28.62,1.48,0.5,,-0.0229870449732837,-0.023641946123631,0.1658906209310267,0.1317049057468194,0.1035454974451811,10.040000000000004,11.03,0.1826545025548188,0.98,-0.1100000000000001,-0.02,0.48937613695863313
2021-11-29,4655.27,22.96,1.52,0.51,,0.0131138573926837,-0.0091284607438881,0.2102934149739999,0.1449310963914034,0.1134697756140948,-5.66,5.050000000000001,0.1161302243859051,1.01,-0.02,-0.01,0.48002933115433766
2021-11-30,4567.0,27.19,1.43,0.52,,-0.0191433769923367,-0.0250695836166566,0.2445319507678958,0.1720705860584428,0.1330468507126881,4.23,8.02,0.1388531492873118,0.91,-0.1999999999999999,-0.1099999999999999,0.4938981692326538
2021-12-01,4513.04,31.12,1.43,0.56,,-0.0118855501134298,-0.0386108409628691,0.2401203903023632,0.1739123103287017,0.1379338814141484,3.93,11.740000000000002,0.1732661185858515,0.8699999999999999,-0.24,-0.0399999999999999,0.4590508803697559
2021-12-02,4577.1,27.95,1.44,0.63,,0.014094625715697,-0.0268074889706694,0.2820845618374768,0.1965985842205755,0.1460573581487972,-3.1700000000000017,9.37,0.1334426418512027,0.8099999999999999,-0.1999999999999999,-0.01,0.41683930799172864
2021-12-03,4538.43,30.67,1.35,0.6,,-0.0084844725376341,-0.0123049165350199,0.2407581205741019,0.1958388210823507,0.1471288215264968,2.7200000000000024,2.0500000000000007,0.1595711784735031,0.7500000000000001,-0.1299999999999999,0.0999999999999999,0.42234547266286165
2021-12-06,4591.67,27.18,1.43,0.65,,0.011662655055923,-0.0137561188717806,0.2349951734212806,0.2103763482662449,0.1534551897879034,-3.490000000000002,4.219999999999999,0.1183448102120965,0.7799999999999999,-0.09,0.14,0.4066049692275338
2021-12-07,4686.75,21.89,1.48,0.7,,0.0204955861717456,0.0258828442923018,0.2292222455865321,0.2391600647171826,0.171602140712182,-5.289999999999999,-5.300000000000001,0.0472978592878179,0.78,0.05,0.1799999999999999,0.2713670415309513
2021-12-08,4701.21,19.9,1.52,0.68,,0.0030805438956169,0.0408489383013485,0.1779244702442184,0.2395293672843287,0.1714913697374438,-1.990000000000002,-11.220000000000002,0.0275086302625561,0.84,0.09,0.12,0.3708314649271998
2021-12-09,4667.45,21.58,1.49,0.7,,-0.0072070383872084,0.0195472741984428,0.1965307697830896,0.2419671760383132,0.1708444802223391,1.6799999999999995,-6.370000000000001,0.0449555197776608,0.79,0.05,0.0699999999999999,0.3792902572043304
2021-12-10,4712.02,18.69,1.48,0.67,,0.0095038068188789,0.037535553554956,0.163833941944808,0.2112983037697327,0.1739992336469522,-2.889999999999997,-11.98,0.0129007663530477,0.8099999999999999,0.1299999999999999,0.07,0.3847698898892235
2021-12-13,4668.97,20.31,1.42,0.66,,-0.0091782002130428,0.01669469828599,0.1944739495904081,0.2096394130392245,0.1755546445054011,1.6199999999999974,-6.870000000000001,0.0275453554945988,0.7599999999999999,-0.01,0.01,0.39984602973358985
2021-12-14,4634.09,21.89,1.44,0.67,,-0.0074986431218743,-0.0112995310076299,0.1296196642288972,0.1862543400050317,0.1774783111055031,1.5800000000000018,0.0,0.0414216888944969,0.7699999999999999,-0.04,-0.0299999999999999,0.4732437739184824
2021-12-15,4709.85,19.29,1.47,0.69,,0.016216212899904,0.0018361379966571,0.185301144547073,0.1832814743431015,0.186705720395888,-2.6000000000000014,-0.6099999999999994,0.0061942796041119,0.78,-0.05,0.0099999999999998,0.42842178776175077
2021-12-16,4668.67,20.57,1.44,0.64,,-0.0087818258427533,0.0002613505411122,0.1896428595302375,0.1849108167085864,0.1891617367130939,1.2800000000000011,-1.009999999999998,0.0165382632869061,0.7999999999999999,-0.05,-0.0599999999999999,0.41690713335989515
2021-12-17,4620.64,21.57,1.41,0.66,,-0.0103410109066452,-0.0195834671844119,0.1793870493809664,0.1880609167964195,0.1919542145140474,1.0,2.879999999999999,0.0237457854859526,0.7499999999999999,-0.07,-0.01,0.4409832610011564
2021-12-20,4568.02,22.87,1.43,0.65,,-0.0114533730102017,-0.0218586399815708,0.1842523543572681,0.1898925011361233,0.1955845481172918,1.3000000000000007,2.5600000000000023,0.0331154518827082,0.7799999999999999,0.01,-0.01,0.40207755383457777
2021-12-21,4649.23,21.01,1.48,0.7,,0.0176217638618087,0.0032617670021124,0.2363384531261353,0.1813442638852115,0.2066953771074179,-1.8599999999999997,-0.879999999999999,0.0034046228925821,0.78,0.04,0.0299999999999999,0.28966918416547327
2021-12-22,4696.56,18.63,1.46,0.68,,0.0101287113522767,-0.0028257345455148,0.2139759306163922,0.1888669505867763,0.2099544627618667,-2.3800000000000026,-0.6600000000000001,-0.0236544627618667,0.7799999999999999,-0.01,-0.0099999999999998,0.2455903532000605
2021-12-23,4725.79,17.96,1.5,0.71,,0.0062044168953242,0.0121605081925629,0.2039353504713562,0.1867214896225077,0.2109624934639009,-0.6699999999999982,-2.6099999999999994,-0.0313624934639008,0.79,0.06,0.0699999999999999,0.22881556599027472
2021-12-27,4791.19,17.68,1.48,0.76,,0.0137440720688972,0.0362455911681053,0.1790625556721002,0.193079695687862,0.1971194886361221,-0.2800000000000011,-3.890000000000001,-0.0203194886361221,0.72,0.07,0.0999999999999999,0.12217805241913685
2021-12-28,4786.35,17.54,1.49,0.74,,-0.0010106980314378,0.0466882661468694,0.1138032642647343,0.1843930422694669,0.1929798794696624,-0.1400000000000005,-5.330000000000002,-0.0175798794696624,0.75,0.06,0.0899999999999999,0.12153195583025987
2021-12-29,4793.06,16.95,1.55,0.75,,0.0014009215802245,0.030467423865285,0.0963376027817693,0.1761309223371943,0.1771163374859846,-0.5899999999999999,-4.060000000000002,-0.0076163374859846,0.8,0.07,0.05,0.33304443863392696
2021-12-30,4778.73,17.33,1.52,0.73,,-0.0029942175300769,0.0173444949829313,0.1062458395324275,0.1628045286078456,0.1702742094005739,0.379999999999999,-1.3000000000000007,0.003025790599426,0.79,0.06,0.0499999999999999,0.32999030388031325
2021-12-31,4766.18,17.22,1.52,0.73,,-0.0026296753415458,0.0085104027460612,0.1103474566001452,0.1547041979600642,0.1659324465578942,-0.1099999999999994,-0.740000000000002,0.0062675534421058,0.79,0.02,0.02,0.33361900601540784
2022-01-03,4796.56,16.6,1.63,0.78,,0.0063538488355527,0.0011201795127166,0.0609594833989018,0.1391280195232447,0.1617763980785319,-0.6199999999999974,-1.0799999999999983,0.004223601921468,0.8499999999999999,0.1499999999999999,0.02,0.31882932752216353
2022-01-04,4793.54,16.91,1.66,0.77,,-0.0006298161854054,0.001501061358749,0.0605319249522783,0.114463313478525,0.1586648085374138,0.3099999999999987,-0.629999999999999,0.0104351914625861,0.8899999999999999,0.1699999999999999,0.03,0.350006375279478
2022-01-05,4700.58,19.73,1.71,0.83,,-0.0195832727758022,-0.0194831329972779,0.1514819605984113,0.1459780566782722,0.16097027866937,2.8200000000000003,2.780000000000001,0.0363297213306299,0.88,0.1599999999999999,0.0799999999999999,0.16690242500149585
2022-01-06,4696.05,19.61,1.73,0.88,,-0.0009641755290858,-0.0174530909962868,0.1529225598421158,0.1371163030480104,0.1606326685509178,-0.120000000000001,2.280000000000001,0.0354673314490822,0.85,0.2099999999999999,0.15,0.2819315955787634
2022-01-07,4677.03,18.76,1.76,0.87,,-0.0040584367372055,-0.0188818523919466,0.1527520981420952,0.1337275492379449,0.1591553178560036,-0.8499999999999979,1.5400000000000027,0.0284446821439964,0.89,0.24,0.14,0.2747799586871794
2022-01-10,4670.29,19.4,1.78,0.92,,-0.0014421248375173,-0.0266778260650166,0.1282401432362863,0.1054720318322492,0.1552750834343701,0.639999999999997,2.799999999999997,0.0387249165656298,0.86,0.1500000000000001,0.14,0.40221690543467886
2022-01-11,4713.07,18.41,1.75,0.9,,0.0091183321129914,-0.0169296777666196,0.1643617334391515,0.1207733485486248,0.1552085372399833,-0.9899999999999984,1.5,0.0288914627600166,0.85,0.09,0.13,0.4058533397919012
2022-01-12,4726.35,17.62,1.74,0.92,,0.0028137340560308,0.0054673290652134,0.0811632281904388,0.1219401766021389,0.1524788753817256,-0.7899999999999991,-2.1099999999999994,0.0237211246182744,0.82,0.03,0.09,0.4401862941958698
2022-01-13,4659.03,20.31,1.7,0.91,,-0.0143459624589062,-0.0079144578646068,0.138138007951959,0.1383082344111335,0.1505701275337854,2.6899999999999977,0.6999999999999993,0.0525298724662144,0.7899999999999999,-0.03,0.03,0.48352268586321406
2022-01-14,4662.85,19.19,1.78,0.99,,0.000819577212714,-0.0030364439146871,0.1369665452921986,0.1393234811921957,0.1474260176158695,-1.1199999999999974,0.4299999999999997,0.0444739823841304,0.79,0.02,0.12,0.48534068744880365
2022-01-18,4577.11,22.79,1.87,1.06,,-0.0185590545844367,-0.0201533736616066,0.187954816466789,0.1520829142117512,0.1575629203156234,3.599999999999998,3.390000000000001,0.0703370796843765,0.81,0.09,0.14,0.4319169166337472
2022-01-19,4532.76,23.85,1.83,1.04,,-0.0097367691046557,-0.0390084748792537,0.1483452167707242,0.152158052964092,0.1560872248851765,1.0600000000000025,5.440000000000001,0.0824127751148235,0.79,0.08,0.14,0.4040133011982379
2022-01-20,4482.73,25.59,1.83,1.08,,-0.0110987896542402,-0.0529209985895248,0.1146866559103394,0.1353488308597651,0.145038838923031,1.7399999999999984,7.969999999999999,0.1108611610769689,0.75,0.09,0.16,0.37353573726874817
2022-01-21,4397.94,28.85,1.75,1.01,,-0.0190959863586353,-0.057671022489254,0.1286142170043765,0.1508799892674644,0.1501069561716379,3.2600000000000016,8.540000000000003,0.138393043828362,0.74,0.05,0.0999999999999999,0.4398457834180582
2022-01-24,4410.13,29.9,1.75,0.99,,0.0027679180076168,-0.0557226816943512,0.1405904630751121,0.1577808644088631,0.1477020389556718,1.0499999999999972,10.709999999999996,0.1512979610443281,0.76,-0.03,0.0,0.5289128265593729
2022-01-25,4356.45,31.16,1.78,1.02,,-0.0122466619621604,-0.049410289072075,0.1260028163362156,0.1585998675682986,0.1358994749653885,1.2600000000000016,8.370000000000001,0.1757005250346114,0.76,-0.09,-0.04,0.5037280131495213
2022-01-26,4349.93,31.96,1.85,1.13,,-0.0014977525030699,-0.0411712724704892,0.1394588059539476,0.1357850120437998,0.1357323360248316,0.8000000000000007,8.11,0.1838676639751683,0.7200000000000002,0.02,0.0899999999999998,0.5247297189064057
2022-01-27,4326.51,30.49,1.81,1.18,,-0.005398540617999,-0.0354710234342479,0.1379456364314157,0.1231086023562734,0.133756882104682,-1.4700000000000024,4.899999999999999,0.1711431178953179,0.6300000000000001,-0.02,0.0999999999999998,0.6493523740101795
2022-01-28,4431.85,27.66,1.78,1.15,,0.024055891707799,0.0076808546321862,0.2182263381133547,0.2011862805956226,0.1692218769711164,-2.8299999999999983,-1.1900000000000013,0.1073781230288835,0.6300000000000001,0.03,0.1399999999999999,0.5315044816138343
2022-01-31,4515.55,24.83,1.79,1.18,,0.0187098915113968,0.0236228281359663,0.2508105173424258,0.2331757243679989,0.1871312128140877,-2.830000000000002,-5.07,0.0611687871859122,0.6100000000000001,0.04,0.1899999999999999,0.44468856759666797
2022-02-01,4546.54,21.96,1.81,1.18,,0.0068395085033043,0.0427089986014311,0.2011276707281341,0.2208977818654991,0.1874505614298523,-2.869999999999997,-9.2,0.0321494385701476,0.6300000000000001,0.03,0.1599999999999999,0.4512179809942353
2022-02-02,4589.38,22.09,1.78,1.16,,0.0093784345745179,0.0535851856790188,0.1807097969405286,0.2197687100799244,0.1922060972978387,0.129999999999999,-9.87,0.0286939027021612,0.6200000000000001,-0.07,0.03,0.4835087860269579
2022-02-03,4477.44,24.35,1.82,1.19,,-0.0246934841681758,0.034290242128842,0.3009971520163545,0.2497003354441723,0.1990774699965382,2.2600000000000016,-6.139999999999997,0.0444225300034618,0.6300000000000001,0.01,0.01,0.40539326996177794
2022-02-04,4500.53,23.22,1.93,1.31,,0.0051437130908578,0.0153780635119011,0.2600856484755744,0.2267064038147753,0.2008473801932814,-1.1300000000000026,-4.440000000000001,0.0313526198067185,0.6199999999999999,0.1499999999999999,0.1600000000000001,0.500106772368742
2022-02-07,4483.87,22.86,1.92,1.3,,-0.0037086548006097,-0.0070404828001055,0.2209353270128088,0.2286597061608009,0.200806585501222,-0.3599999999999994,-1.9699999999999989,0.0277934144987779,0.6199999999999999,0.1299999999999999,0.1200000000000001,0.5003718849730553
2022-02-08,4521.54,21.44,1.96,1.35,,0.0083661309627788,-0.0055138603406309,0.2247584105864426,0.2166604932930867,0.2042275498389735,-1.4199999999999982,-0.5199999999999996,0.0101724501610264,0.6099999999999999,0.1499999999999999,0.1700000000000001,0.5425910978302142
2022-02-09,4587.18,19.96,1.94,1.36,,0.0144128123983563,-0.0004794825167925,0.2417484017680761,0.2206184711261423,0.2087342627271865,-1.4800000000000004,-2.129999999999999,-0.0091342627271865,0.5799999999999998,0.1599999999999999,0.2000000000000001,0.49219190276109626
2022-02-10,4504.08,23.91,2.03,1.61,,-0.0182818035103296,0.0059321981410537,0.2015998996782709,0.2461328734401346,0.2164375734889402,3.9499999999999993,-0.4400000000000013,0.0226624265110597,0.4199999999999997,0.2099999999999997,0.4200000000000001,0.5229146018527183
2022-02-11,4418.64,27.36,1.92,1.5,,-0.0191516962340657,-0.0183632111838698,0.2414081215027368,0.243214408806022,0.2205855675459296,3.4499999999999997,4.140000000000001,0.0530144324540703,0.4199999999999999,-0.01,0.1899999999999999,0.4405043213500535
2022-02-14,4401.67,28.33,1.98,1.58,,-0.0038479420653191,-0.0185024984485792,0.2414114557399731,0.2190074477088973,0.2202341256262795,0.9699999999999988,5.469999999999999,0.0630658743737204,0.3999999999999999,0.06,0.28,0.4652992413303101
2022-02-15,4471.07,25.7,2.05,1.58,,0.0156437392123729,-0.0112248901989853,0.2683536808866449,0.2335575314379504,0.2214038953133754,-2.629999999999999,4.259999999999998,0.0355961046866245,0.4699999999999997,0.0899999999999998,0.2299999999999999,0.4917949935755939
2022-02-16,4475.01,24.29,2.03,1.52,,0.0008808327792157,-0.0247568698181258,0.2298709300578988,0.2260738334737662,0.2191526759864782,-1.41,4.329999999999998,0.0237473240135217,0.5099999999999998,0.0899999999999998,0.1599999999999999,0.5451687634068462
2022-02-17,4380.26,28.11,1.97,1.49,,-0.0214005030040234,-0.0278755693118198,0.2420105853377619,0.2174726785892316,0.2285230938256294,3.82,4.199999999999999,0.0525769061743705,0.48,-0.0599999999999998,-0.1200000000000001,0.5524204726277997
2022-02-18,4348.87,27.75,1.92,1.47,,-0.0071920421176204,-0.0159159151953744,0.2128831327043988,0.2146157720627952,0.2198714834368379,-0.3599999999999994,0.3900000000000005,0.0576285165631621,0.4499999999999999,0.0,-0.03,0.5418863002145734
2022-02-22,4304.76,28.81,1.94,1.56,,-0.0101946540428157,-0.0222626271728709,0.2188172215132973,0.2173062768146361,0.2220720059893746,1.0599999999999987,0.4800000000000004,0.0660279940106253,0.3799999999999999,-0.04,-0.02,0.5733524800764193
2022-02-23,4225.5,31.02,1.99,1.58,,-0.0185837901943339,-0.0564901565795777,0.1423279409239513,0.2162090450962784,0.2273266298423273,2.210000000000001,5.32,0.0828733701576726,0.4099999999999999,-0.0599999999999998,0.0,0.5724331395450531
2022-02-24,4288.7,30.32,1.96,1.54,,0.0148460597115355,-0.042524929647258,0.2269730989912351,0.2174052713630007,0.2346387768359562,-0.6999999999999993,6.030000000000001,0.0685612231640438,0.4199999999999999,-0.0699999999999998,0.02,0.5283298944234452
2022-02-25,4384.65,27.59,1.97,1.55,,0.0221261483647568,0.0010017217215221,0.2761873480444902,0.2495347952946285,0.2473400746785518,-2.7300000000000004,-0.5199999999999996,0.0285599253214481,0.4199999999999999,0.0,0.06,0.41442920258587795
2022-02-28,4373.94,30.15,1.83,1.44,,-0.0024456003393256,0.0057481634998168,0.2701737758488794,0.232158844924438,0.2314836396213562,2.5599999999999987,2.3999999999999986,0.0700163603786437,0.3900000000000001,-0.0899999999999998,-0.03,0.6296650353100545
2022-03-01,4306.26,33.32,1.72,1.31,,-0.0155944267561353,0.0003483907864972,0.286673572662498,0.2433868798917846,0.2253627290489797,3.1700000000000017,4.510000000000002,0.1078372709510203,0.4099999999999999,-0.2199999999999999,-0.25,0.5903201940400387
2022-03-02,4386.54,30.74,1.86,1.5,,0.0184709834489893,0.0374031644298205,0.253559788362357,0.2495242852951375,0.2352348081562721,-2.580000000000002,-0.2800000000000011,0.0721651918437279,0.3600000000000001,-0.1299999999999999,-0.08,0.651724426588136
2022-03-03,4363.49,30.48,1.86,1.53,,-0.005268565551901,0.017288539166384,0.2569378526908349,0.2495088949077021,0.2317299473384673,-0.259999999999998,0.1600000000000001,0.0730700526615326,0.33,-0.0999999999999998,-0.01,0.6499319902030847
2022-03-04,4328.87,31.98,1.74,1.5,,-0.0079656579014163,-0.0128032670997891,0.2021693671622701,0.2293493636371152,0.2176858507048536,1.5,4.390000000000001,0.1021141492951463,0.24,-0.2299999999999999,-0.05,0.6703085728258242
2022-03-07,4201.09,36.45,1.78,1.55,,-0.029962522550535,-0.0403201893109985,0.2804201697104935,0.2708011057423045,0.2378123538643153,4.470000000000002,6.300000000000004,0.1266876461356847,0.2299999999999999,-0.05,0.1100000000000001,0.48688948260392273
2022-03-08,4170.7,35.13,1.86,1.63,,-0.0072601279980952,-0.0319858905529584,0.2724490011407614,0.2691524819453627,0.2381988818636439,-1.3200000000000005,1.8100000000000025,0.1131011181363561,0.2300000000000002,0.1400000000000001,0.3199999999999998,0.5803887523620042
2022-03-09,4277.88,32.45,1.94,1.68,,0.0253736723456352,-0.0250832016563125,0.3134624025074393,0.2884054888705563,0.2564973878423852,-2.68,1.7100000000000044,0.0680026121576147,0.26,0.0799999999999998,0.1799999999999999,0.5459848149670408
2022-03-10,4259.52,30.23,1.98,1.72,,-0.0043010818993905,-0.024115718003802,0.3134886648690289,0.2789602695496076,0.2483423937979784,-2.2200000000000024,-0.25,0.0539576062020215,0.26,0.1199999999999998,0.1899999999999999,0.5756652473601273
2022-03-11,4204.31,30.75,2.0,1.75,,-0.0130462882845121,-0.0291963483868978,0.3187284401115195,0.2531168286897969,0.2449387062774487,0.5199999999999996,-1.2300000000000004,0.0625612937225512,0.25,0.26,0.25,0.5677827129022628
2022-03-14,4173.11,31.77,2.14,1.87,,-0.0074486283971046,-0.0066824542334675,0.2422863731534271,0.2533917394860938,0.2384204295040137,1.0199999999999996,-4.680000000000003,0.0792795704959862,0.27,0.3600000000000001,0.32,0.5553767752985093
2022-03-15,4262.45,29.83,2.15,1.85,,0.0211825511406567,0.0217602249052843,0.2797259067000801,0.275417665971714,0.2531433983190035,-1.9400000000000013,-5.300000000000004,0.0451566016809964,0.2999999999999998,0.2899999999999998,0.2200000000000002,0.47666788917057407
2022-03-16,4357.86,26.67,2.19,1.95,,0.0221369988429547,0.0185235514026039,0.2649556904294216,0.2831881618872413,0.2599694828226912,-3.1599999999999966,-5.780000000000001,0.0067305171773087,0.24,0.25,0.27,0.37702541591012373
2022-03-17,4411.67,25.67,2.2,1.94,,0.0122721914045034,0.035096824706498,0.259474664925343,0.2888220010002819,0.2643346206278643,-1.0,-4.559999999999999,-0.0076346206278642,0.2600000000000002,0.2200000000000002,0.2199999999999999,0.39409365396674584
2022-03-18,4463.12,23.87,2.14,1.97,,0.0115947704463186,0.0597378834373288,0.1887584616017471,0.2883255491667722,0.255897365890685,-1.8000000000000007,-6.879999999999999,-0.0171973658906849,0.1700000000000001,0.1400000000000001,0.2199999999999999,0.3575843227935178
2022-03-21,4461.18,23.53,2.32,2.14,,-0.0004347679998561,0.0667517438345773,0.1448026926296076,0.224740610499973,0.2541686301048135,-0.3399999999999998,-8.239999999999998,-0.0188686301048134,0.1799999999999997,0.1799999999999997,0.27,0.37495642775569804
2022-03-22,4511.61,22.94,2.38,2.18,,0.011240769260246,0.0568099619541666,0.1270361552804421,0.2130458659547822,0.252724173197831,-0.5899999999999999,-6.889999999999997,-0.023324173197831,0.1999999999999997,0.2299999999999999,0.33,0.3822932647979843
2022-03-23,4456.24,23.57,2.32,2.13,,-0.0123487131510434,0.0223242499601684,0.171048391232925,0.2103437139375175,0.246774368441345,0.629999999999999,-3.1000000000000014,-0.011074368441345,0.1899999999999999,0.1299999999999999,0.1799999999999999,0.34316996083933354
2022-03-24,4520.16,21.67,2.34,2.13,,0.0142420303090453,0.0242940888647102,0.1771747649264953,0.2102413463991457,0.2463877167254484,-1.8999999999999984,-4.0,-0.0296877167254484,0.2099999999999999,0.1399999999999996,0.1899999999999999,0.35968320081482436
2022-03-25,4543.06,20.81,2.48,2.3,,0.0050534023741785,0.0177527207925701,0.1673189540163773,0.1822461566830553,0.2356891143887014,-0.860000000000003,-3.0600000000000023,-0.0275891143887014,0.1800000000000001,0.3399999999999998,0.3299999999999998,0.3547640395757804
2022-03-28,4575.52,19.63,2.46,2.35,,0.0071195596488213,0.0253070484412475,0.1645553166830313,0.161750902496931,0.235863073327846,-1.1799999999999995,-3.900000000000002,-0.039563073327846,0.1099999999999998,0.1400000000000001,0.2099999999999999,0.3597890063888121
2022-03-29,4631.6,18.9,2.41,2.35,,0.0121820272852555,0.0262483064662571,0.1669010719375688,0.148889885807024,0.228479141406617,-0.7300000000000004,-4.040000000000003,-0.039479141406617,0.06,0.0300000000000002,0.1699999999999999,0.36367085466155297
2022-03-30,4602.45,19.33,2.35,2.31,,-0.0063136103509489,0.0322834092663516,0.1277084657765398,0.1432819581650276,0.2240382288755449,0.4299999999999997,-4.240000000000002,-0.0307382288755449,0.04,0.0300000000000002,0.1800000000000001,0.38241057035098136
2022-03-31,4530.41,20.56,2.32,2.28,,-0.0157763272793972,0.002265051677909,0.179661786288556,0.1722098322128255,0.2317810988497528,1.2300000000000004,-1.110000000000003,-0.0261810988497528,0.04,-0.02,0.1499999999999999,0.29674331444466495
2022-04-01,4545.86,19.63,2.39,2.44,,0.0034044855260572,0.0006161348297878,0.1773685364015092,0.1650660532065131,0.2288728458727146,-0.9299999999999996,-1.1799999999999995,-0.0325728458727146,-0.0499999999999998,-0.0899999999999998,0.1400000000000001,0.2948075279243515
2022-04-04,4582.64,18.57,2.42,2.43,,0.0080583226226329,0.0015548978035995,0.1798098138842806,0.1672845330901911,0.1947098356119959,-1.0599999999999987,-1.0599999999999987,-0.0090098356119959,-0.0100000000000002,-0.04,0.08,0.3788909696665391
2022-04-05,4525.12,21.03,2.54,2.51,,-0.0126311551370503,-0.0232582846187064,0.1620129016765861,0.1758090305567761,0.1998225474549415,2.460000000000001,2.1300000000000026,0.0104774525450585,0.0300000000000002,0.1299999999999999,0.1599999999999997,0.3260461623043156
2022-04-06,4481.15,22.1,2.61,2.5,,-0.0097643862227005,-0.026709060490458,0.1660450233649796,0.1710167040440786,0.188776928627605,1.0700000000000005,2.770000000000003,0.0322230713723949,0.1099999999999998,0.2599999999999998,0.1899999999999999,0.3367484479863093
2022-04-07,4500.21,21.55,2.66,2.47,,0.0042443524395117,-0.006688380771549,0.1464598742193651,0.1552544651142429,0.1872317448631502,-0.5500000000000007,0.990000000000002,0.0282682551368498,0.1899999999999999,0.3400000000000003,0.1900000000000004,0.38272869221465455
2022-04-08,4488.28,21.16,2.72,2.53,,-0.0026545074879774,-0.0127473737855837,0.140286941110024,0.1524104089986463,0.1790600445821572,-0.3900000000000005,1.5300000000000011,0.0325399554178427,0.1900000000000004,0.33,0.0899999999999998,0.38041574320962496
2022-04-11,4412.53,24.37,2.79,2.5,,-0.0170213337629498,-0.0378270301711665,0.1336429970403508,0.163248846459613,0.1895741867463853,3.210000000000001,5.800000000000001,0.0541258132536147,0.29,0.3700000000000001,0.0699999999999998,0.3683127917327646
2022-04-12,4397.45,24.26,2.72,2.39,,-0.0034233936348681,-0.0286192686689842,0.1275003411567409,0.1377365928134361,0.177656205723285,-0.1099999999999994,3.2300000000000004,0.0649437942767149,0.33,0.1800000000000001,-0.1199999999999996,0.36441382551250706
2022-04-13,4446.59,21.82,2.7,2.37,,0.011112682823133,-0.0077421996231506,0.1661162678735539,0.1597664095509735,0.1645459485410993,-2.4400000000000013,-0.2800000000000011,0.0536540514589006,0.33,0.0900000000000003,-0.1299999999999999,0.39666785722143155
2022-04-14,4392.59,22.7,2.83,2.47,,-0.0122184799515257,-0.0242050320141881,0.1709917539488572,0.1529295015803364,0.1652721769524034,0.879999999999999,1.1499999999999986,0.0617278230475965,0.3599999999999999,0.1699999999999999,0.0,0.5649416198305055
2022-04-18,4391.69,22.17,2.85,2.46,,-0.0002049115017166,-0.0217554360279273,0.1738259677412773,0.1496768483173425,0.159286542773444,-0.5299999999999976,1.0100000000000016,0.0624134572265559,0.3900000000000001,0.1299999999999999,-0.0699999999999998,0.5720868895759065
2022-04-19,4462.21,21.37,2.93,2.61,,0.0159300401614975,0.01119593789652,0.1798170748807633,0.1704048967541626,0.1700235989477239,-0.8000000000000007,-3.0,0.043676401052276,0.3200000000000003,0.1400000000000001,0.1099999999999998,0.684646310928424
2022-04-20,4459.45,20.32,2.85,2.6,,-0.0006187189576933,0.0140006125736949,0.1752984396263643,0.1611480228809738,0.1647652764778943,-1.0500000000000007,-3.940000000000001,0.0384347235221056,0.25,0.1299999999999999,0.2099999999999999,0.6853839014600254
2022-04-21,4393.66,22.68,2.9,2.68,,-0.0148628473164761,-0.0119749175659143,0.1937253835696545,0.1702769102490287,0.1673678814362577,2.3599999999999994,0.8599999999999994,0.0594321185637422,0.2199999999999997,0.1999999999999997,0.31,0.7514491384612321
2022-04-22,4271.78,28.21,2.9,2.72,,-0.0281319905210302,-0.0278884281354188,0.2645560936994046,0.2100937159100463,0.1839368637676424,5.530000000000001,5.510000000000002,0.0981631362323575,0.1799999999999997,0.0699999999999998,0.25,0.842299466743651
2022-04-25,4296.12,27.02,2.81,2.63,,0.0056816875728607,-0.0220018290608413,0.275175286377023,0.216986725414647,0.1843069715762668,-1.1900000000000013,4.849999999999998,0.0858930284237331,0.1800000000000001,-0.04,0.1699999999999999,0.8422614345463548
2022-04-26,4175.2,33.52,2.77,2.54,,-0.0285500284302731,-0.066481897652612,0.2479821053055484,0.242067516407866,0.2015436531394484,6.500000000000004,12.150000000000002,0.1336563468605516,0.2299999999999999,-0.1600000000000001,-0.0699999999999998,0.7140489313410117
2022-04-27,4183.96,31.6,2.82,2.58,,0.0020959051404105,-0.0637672735545081,0.2572991097347433,0.2449796297351895,0.1934361904555504,-1.9200000000000017,11.28,0.1225638095444495,0.2399999999999997,-0.0300000000000002,-0.02,0.8526146195322148
2022-04-28,4287.5,29.99,2.85,2.63,,0.0244456460045813,-0.0244587802334507,0.3655560553446341,0.27660046505069,0.2198501433069012,-1.610000000000003,7.309999999999999,0.0800498566930987,0.2200000000000002,-0.0499999999999998,-0.0500000000000002,0.9531160652168196
2022-04-29,4131.93,33.4,2.89,2.7,,-0.0369592023268587,-0.0332859920392791,0.4042361146249425,0.3222009761803018,0.2467004949639084,3.41,5.189999999999998,0.0872995050360915,0.1899999999999999,-0.0099999999999997,-0.02,0.7565462968400435
2022-05-02,4155.38,32.34,2.99,2.73,,0.0056592700373755,-0.0333084095747643,0.4041930345282788,0.3265297887382384,0.2477986146777044,-1.0599999999999952,5.320000000000004,0.0756013853222955,0.2600000000000002,0.1800000000000001,0.1,0.9118528586158399
2022-05-03,4175.48,29.25,2.97,2.78,,0.0048254415515728,6.706040708176443e-05,0.3570243863153798,0.3104568311621365,0.2458855167780024,-3.0900000000000034,-4.270000000000003,0.0466144832219975,0.1900000000000004,0.2000000000000001,0.2399999999999997,0.9094649472785641
2022-05-04,4300.17,25.42,2.93,2.66,,0.0294252350476066,0.0273963903142778,0.4150672699835994,0.3595316683469756,0.2717436060029153,-3.8299999999999983,-6.18,-0.0175436060029152,0.27,0.1100000000000003,0.08,0.8236361462378322
2022-05-05,4146.87,31.2,3.05,2.71,,-0.0363007239912506,-0.0333499796815541,0.4616205931494193,0.3928374491159268,0.2963036894472352,5.779999999999998,1.2100000000000009,0.0156963105527647,0.3399999999999998,0.1999999999999997,0.08,0.5888371500201744
2022-05-06,4123.34,30.19,3.12,2.72,,-0.0056903182606495,-0.002081095615345,0.3782010110149069,0.3727241685709188,0.2947870952578048,-1.009999999999998,-3.2099999999999973,0.0071129047421952,0.3999999999999999,0.2299999999999999,0.02,0.6919511188381303
2022-05-09,3991.24,34.75,3.05,2.61,,-0.0325615549868777,-0.0403019206395983,0.4329011715972139,0.3950153648053066,0.3111365063604132,4.559999999999999,2.4099999999999966,0.0363634936395868,0.4399999999999999,0.0599999999999996,-0.1200000000000001,0.46427620678175424
2022-05-10,4001.05,32.99,2.99,2.62,,0.0024548671098168,-0.0426724950813543,0.428763052795599,0.3787770885758969,0.3095535761803773,-1.759999999999998,3.740000000000002,0.0203464238196227,0.3700000000000001,0.02,-0.1599999999999997,0.5608212614266788
2022-05-11,3935.18,32.56,2.91,2.66,,-0.0166002025205236,-0.0886979326494846,0.2654540493533527,0.381609113228905,0.3122449512893344,-0.4299999999999997,7.140000000000001,0.0133550487106656,0.25,-0.02,0.0,0.8206911877825792
2022-05-12,3930.08,31.77,2.84,2.56,,-0.0012968422441889,-0.0536940509024228,0.2244010994220842,0.3438713436509209,0.3065144949899971,-0.7900000000000027,0.5700000000000003,0.0111855050100028,0.2799999999999998,-0.2099999999999999,-0.1499999999999999,0.8256736116383928
2022-05-13,4023.89,28.87,2.93,2.61,,0.0235893145316264,-0.0244144181101467,0.3349457921641308,0.3388654176455389,0.3230563139364789,-2.8999999999999986,-1.3200000000000005,-0.0343563139364788,0.3200000000000003,-0.1899999999999999,-0.1100000000000003,0.7358773276913351
2022-05-16,4008.01,27.47,2.88,2.58,,-0.0039542376502765,0.0041928992264543,0.2316604971860375,0.3356868123677655,0.322687032941175,-1.400000000000002,-7.280000000000001,-0.047987032941175,0.2999999999999998,-0.1699999999999999,-0.0299999999999998,0.7891472967033613
2022-05-17,4088.85,26.1,2.98,2.71,,0.0199688981344408,0.0217069302510782,0.2696166120130517,0.3544275813663137,0.3263875810500564,-1.3699999999999974,-6.890000000000001,-0.0653875810500564,0.27,-0.0100000000000002,0.0899999999999998,0.7341807687713524
2022-05-18,3923.68,30.96,2.89,2.68,,-0.0412337679854393,-0.0029266352138374,0.4102140721448899,0.3559580154554362,0.351102742615753,4.859999999999999,-1.6000000000000014,-0.041502742615753,0.2099999999999999,-0.02,0.02,0.3645024432373518
2022-05-19,3900.79,29.35,2.84,2.63,,-0.0058508922136055,-0.007480685183254,0.4119819462534493,0.3221729908249843,0.3496760179027023,-1.6099999999999994,-2.419999999999998,-0.0561760179027022,0.2099999999999999,0.0,0.0699999999999998,0.4710799132182769
2022-05-20,3901.36,29.43,2.78,2.6,,0.0001461135715191,-0.0309238861433614,0.3511832107341133,0.3237181779721728,0.3401606729398762,0.0799999999999983,0.5599999999999987,-0.0458606729398762,0.1799999999999997,-0.1500000000000003,-0.0099999999999997,0.6102847090880601
2022-05-23,3973.75,28.48,2.86,2.65,,0.018385022946529,-0.0085846255465558,0.3933952172393521,0.3051083255945705,0.3481169925538799,-0.9499999999999992,1.0100000000000016,-0.0633169925538799,0.2099999999999999,-0.02,0.0699999999999998,0.5452083581426203
2022-05-24,3941.48,29.45,2.76,2.5,,-0.0081539459482493,-0.036707469629246,0.343187452266966,0.3069331235020795,0.336289490521834,0.9699999999999988,3.349999999999998,-0.041789490521834,0.2599999999999998,-0.2200000000000002,-0.2099999999999999,0.5428754865964234
2022-05-25,3978.73,28.37,2.75,2.48,,0.0094063856025386,0.0139326839587319,0.1754126557138824,0.2987647722956446,0.338716682226213,-1.0799999999999983,-2.59,-0.0550166822262129,0.27,-0.1400000000000001,-0.2000000000000001,0.5970515859069715
2022-05-26,4057.84,27.5,2.75,2.46,,0.0196881394393449,0.0394717156116825,0.1893358533386725,0.3123144536612175,0.334083516741012,-0.870000000000001,-1.8500000000000012,-0.0590835167410119,0.29,-0.0899999999999998,-0.1699999999999999,0.5720584179672472
2022-05-27,4158.24,25.72,2.74,2.47,,0.0244410954912931,0.0637666975314563,0.2046407606988776,0.3138968126644345,0.3215598402619543,-1.7800000000000011,-3.710000000000001,-0.0643598402619543,0.27,-0.0399999999999995,-0.1299999999999999,0.4233048631802958
2022-05-31,4132.15,26.19,2.85,2.53,,-0.0062940551963996,0.0390876193885276,0.2346534239680244,0.3156226134911846,0.3217254186057375,0.4700000000000024,-2.289999999999999,-0.0598254186057374,0.3200000000000003,-0.0099999999999997,-0.1200000000000001,0.43799927607499095
2022-06-01,4101.23,25.69,2.94,2.66,,-0.007510923912143,0.0397306414246338,0.2319246596415844,0.3043216277549592,0.3221086659958664,-0.5,-3.759999999999998,-0.0652086659958663,0.2799999999999998,0.1800000000000001,0.1600000000000001,0.4553100633855358
2022-06-02,4176.82,24.72,2.92,2.65,,0.0182632627382027,0.048587518560298,0.2436641897457074,0.2083883871630929,0.3103961939385423,-0.9700000000000024,-3.650000000000002,-0.0631961939385423,0.27,0.1699999999999999,0.1699999999999999,0.5190889069920591
2022-06-03,4108.54,24.79,2.96,2.66,,-0.0164824572024004,0.0124169219185523,0.2826128819120996,0.2312569192827614,0.2880557970357745,0.0700000000000002,-2.710000000000001,-0.0401557970357745,0.2999999999999998,0.2099999999999999,0.2000000000000001,0.6487883593109155
2022-06-06,4121.43,25.07,3.04,2.73,,0.0031324562641237,-0.0088917173086169,0.2092858394054626,0.2299155869943177,0.2876349587840082,0.2800000000000011,-0.6499999999999986,-0.0369349587840082,0.31,0.2999999999999998,0.2599999999999998,0.9013494529558417
2022-06-07,4160.68,24.02,2.98,2.75,,0.0094783319340661,0.0068806698218489,0.2176334346645037,0.2200620651303694,0.2621390629717438,-1.0500000000000007,-2.1700000000000017,-0.0219390629717438,0.2299999999999999,0.1299999999999999,0.2200000000000002,0.8907265291608536
2022-06-08,4115.77,23.96,3.03,2.78,,-0.0108525855374208,0.0035390081965712,0.2273081691436582,0.2248060968907388,0.2661117434052837,-0.0599999999999987,-1.7300000000000004,-0.0265117434052837,0.25,0.0899999999999998,0.1199999999999996,0.9036603278508722
2022-06-09,4017.82,26.09,3.04,2.83,,-0.0240864699337348,-0.0388107244753663,0.2199642969400677,0.2632099140929264,0.2740416479891421,2.129999999999999,1.370000000000001,-0.013141647989142,0.2099999999999999,0.1200000000000001,0.1800000000000001,0.9724707146313397
2022-06-10,3900.86,27.75,3.15,3.06,,-0.0295424253353611,-0.0518706926083269,0.267077549643034,0.2806640633686045,0.2947906162307534,1.66,2.960000000000001,-0.0172906162307533,0.0899999999999998,0.1899999999999999,0.3999999999999999,0.8526329783519302
2022-06-13,3749.63,34.02,3.43,3.4,,-0.0395398731989581,-0.0945430220714088,0.3008057230236394,0.2832371330231227,0.3114306660476466,6.270000000000003,8.950000000000003,0.0287693339523534,0.0300000000000002,0.3900000000000001,0.6699999999999999,0.693089873332236
2022-06-14,3735.48,32.69,3.49,3.45,,-0.0037808440639954,-0.1078021980694703,0.2278593473817985,0.28452127688931,0.3114281384904719,-1.3300000000000054,8.669999999999998,0.015471861509528,0.04,0.5100000000000002,0.7000000000000002,0.6907957216505304
2022-06-15,3789.99,29.62,3.33,3.2,,0.0144870561846448,-0.0824625563474045,0.3441940945470911,0.3103654289423692,0.3065132873640283,-3.0699999999999967,5.66,-0.0103132873640282,0.1299999999999999,0.3000000000000002,0.4200000000000004,0.6685740896880523
2022-06-16,3666.77,32.95,3.28,3.14,,-0.0330522150170839,-0.0914283014307537,0.362076967635664,0.2958424968871172,0.2943953338823301,3.330000000000002,6.860000000000003,0.0351046661176698,0.1399999999999996,0.2399999999999997,0.31,0.6325288243551184
2022-06-17,3674.84,31.13,3.25,3.17,,0.0021984287507105,-0.0596874473446818,0.3699420193418383,0.3044648898729822,0.2948875597678896,-1.820000000000004,3.379999999999999,0.0164124402321103,0.08,0.1,0.1099999999999998,0.633331609592719
2022-06-21,3764.79,30.19,3.31,3.21,,0.0241824885017845,0.0040349143560608,0.3462488388461099,0.347430748701846,0.310215576404417,-0.9399999999999976,-3.830000000000002,-0.008315576404417,0.1,-0.1200000000000001,-0.1899999999999999,0.5984030957221287
2022-06-22,3759.89,28.95,3.16,3.06,,-0.0013023811491289,0.0065133772709274,0.3446231837977605,0.3353364750165765,0.3009745090728237,-1.240000000000002,-3.7399999999999984,-0.0114745090728237,0.1,-0.33,-0.3900000000000001,0.5981526357318657
2022-06-23,3795.73,29.05,3.09,3.01,,0.0094870490606574,0.0015133701469398,0.3342438790862325,0.3493586948048155,0.3032912037433025,0.1000000000000014,-0.5700000000000003,-0.0127912037433025,0.08,-0.2400000000000002,-0.1900000000000004,0.5954920083455317
2022-06-24,3911.74,27.23,3.13,3.04,,0.0301055370808076,0.0646711222448313,0.2175442882488607,0.3840934708546255,0.3218436112729331,-1.8200000000000005,-5.720000000000002,-0.0495436112729331,0.0899999999999998,-0.1499999999999999,-0.1,0.3924118436258798
2022-06-27,3900.11,26.95,3.2,3.08,,-0.0029775299301252,0.0594951635639954,0.2359604487721276,0.3540387599247786,0.3125838237745773,-0.2800000000000011,-4.18,-0.0430838237745772,0.1200000000000001,-0.0499999999999998,-0.0899999999999998,0.3903643497761266
2022-06-28,3821.55,28.36,3.2,3.1,,-0.0203486583832487,0.014964016678962,0.294448894756522,0.3035646848691933,0.302641630073068,1.41,-1.8300000000000016,-0.019041630073068,0.1,-0.1099999999999998,-0.1099999999999998,0.22637376243250978
2022-06-29,3818.83,28.16,3.1,3.06,,-0.0007120065009618,0.0155543913271291,0.2939357266135251,0.3023451388964912,0.3027832893688879,-0.1999999999999993,-0.7899999999999991,-0.0211832893688879,0.04,-0.06,0.0,0.32667536588465196
2022-06-30,3785.38,28.71,2.98,2.92,,-0.0087978148306084,-0.0027304725641366,0.2975882120439473,0.2984338221226497,0.303018801444781,0.5500000000000007,-0.3399999999999998,-0.015918801444781,0.06,-0.1099999999999998,-0.0899999999999998,0.2956102852265143
2022-07-01,3825.33,26.7,2.88,2.84,,0.0104984599156418,-0.0223375497293023,0.1794708626569005,0.2377949766634556,0.2966361857087229,-2.0100000000000016,-0.5300000000000011,-0.0296361857087228,0.04,-0.25,-0.2000000000000001,0.30575669003760175
2022-07-05,3831.39,27.54,2.82,2.82,,0.0015829235665797,-0.0177770962325972,0.1847002016734174,0.2379624726040261,0.2937905066239058,0.8399999999999999,0.5899999999999999,-0.0183905066239058,0.0,-0.3800000000000003,-0.2600000000000002,0.33851122106724707
2022-07-06,3845.08,26.73,2.93,2.97,,0.0035667473495814,0.006138309500233,0.111069872832839,0.2103197511196591,0.2939244001003845,-0.8099999999999987,-1.629999999999999,-0.0266244001003845,-0.04,-0.27,-0.1299999999999999,0.34119216698598837
2022-07-07,3902.62,26.08,3.01,3.03,,0.014853713471199,0.0217040294723938,0.1440270147843898,0.2184595015387164,0.2976608108805822,-0.6500000000000021,-2.080000000000002,-0.0368608108805822,-0.02,-0.0900000000000003,-0.0300000000000002,0.2511679082653161
2022-07-08,3899.38,24.64,3.09,3.12,,-0.0008305563153684,0.0296712879876338,0.1036991080688622,0.2169756317182722,0.2963671693615938,-1.4399999999999975,-4.07,-0.0499671693615937,-0.0300000000000002,0.1099999999999998,0.2000000000000001,0.39251453455332913
2022-07-11,3854.43,26.17,2.99,3.07,,-0.0115944299781058,0.0075783980938861,0.1504930021398118,0.1639731780520099,0.2875988416676535,1.5300000000000011,-0.5299999999999976,-0.0258988416676534,-0.0799999999999996,0.1100000000000003,0.2299999999999999,0.3714392243577618
2022-07-12,3818.8,27.29,2.96,3.03,,-0.0092868990190167,-0.0032914244917103,0.1688518874925119,0.1685850697599528,0.2704159195196838,1.1199999999999974,-0.25,0.0024840804803161,-0.0699999999999998,0.1400000000000001,0.2099999999999999,0.5508244730325005
2022-07-13,3801.78,26.82,2.91,3.13,,-0.0044668590316626,-0.0113250308729545,0.1657920203667979,0.1362103123644431,0.2298412748312975,-0.4699999999999988,0.0899999999999998,0.0383587251687024,-0.2199999999999997,-0.02,0.1599999999999997,0.5541550343844946
2022-07-14,3790.38,26.4,2.96,3.15,,-0.0030031001895847,-0.0291818445337384,0.0710029640273145,0.1367857149471142,0.2296571009736648,-0.4200000000000017,0.3200000000000003,0.0343428990263352,-0.1899999999999999,-0.0499999999999998,0.1200000000000001,0.5736564413162905
2022-07-15,3863.16,24.23,2.93,3.13,,0.0190192234925153,-0.0093320647258546,0.1934414984306778,0.1602179986055217,0.2337844133522234,-2.169999999999998,-0.4100000000000001,0.0085155866477766,-0.1999999999999997,-0.1599999999999997,0.0099999999999997,0.5099803659643836
2022-07-18,3830.85,25.3,2.96,3.15,,-0.0083987907288606,-0.0061364254766094,0.1844378277516218,0.1603474882565012,0.2001826350743734,1.0700000000000005,-0.870000000000001,0.0528173649256265,-0.1899999999999999,-0.0300000000000002,0.08,0.49268574310775176
2022-07-19,3936.69,24.5,3.01,3.23,,0.0272535580198029,0.03040403156221,0.2533858625079772,0.2106796123747989,0.2190645377459148,-0.8000000000000007,-2.789999999999999,0.0259354622540851,-0.2200000000000002,0.0499999999999998,0.2000000000000001,0.29922262543949213
2022-07-20,3959.9,23.88,3.04,3.25,,0.005878503718335,0.0407493943122078,0.2363249563833493,0.2112612677385217,0.2052808240909946,-0.620000000000001,-2.9400000000000013,0.0335191759090053,-0.2099999999999999,0.1299999999999999,0.1200000000000001,0.49882638128569773
2022-07-21,3998.95,23.11,2.91,3.1,,0.0098130542384489,0.0535655487402414,0.2147502065579772,0.2047176896305757,0.2063203348993516,-0.7699999999999996,-3.289999999999999,0.0247796651006484,-0.1899999999999999,-0.0499999999999998,-0.0499999999999998,0.5110921184463841
2022-07-22,3961.63,23.03,2.77,2.98,,-0.0093762699234227,0.0251700553243033,0.2388252377491396,0.2128709615551256,0.209395806970174,-0.0799999999999983,-1.1999999999999993,0.020904193029826,-0.2099999999999999,-0.1600000000000001,-0.1499999999999999,0.5377879895426291
2022-07-25,3966.84,23.36,2.81,3.0,,0.0013142512363463,0.0348830972895102,0.2129618425009295,0.1999671601141623,0.1814728264844315,0.3299999999999983,-1.9400000000000013,0.0521271735155684,-0.1899999999999999,-0.1499999999999999,-0.1499999999999999,0.539253812467266
2022-07-26,3921.05,24.69,2.81,3.02,,-0.0116103328957499,-0.0039807936260426,0.1489425266613692,0.2042186884989413,0.1863153343233096,1.3300000000000018,0.1900000000000012,0.0605846656766904,-0.2099999999999999,-0.1999999999999997,-0.2099999999999999,0.5177700257064256
2022-07-27,4023.61,23.24,2.78,2.96,,0.0258200345335637,0.015960737189186,0.2428932914022245,0.2297030396027425,0.1905841432295765,-1.4500000000000028,-0.6400000000000006,0.0418158567704234,-0.1800000000000001,-0.2600000000000002,-0.29,0.40095309642560334
2022-07-28,4072.43,22.33,2.68,2.85,,0.0120603632756901,0.0182080462264274,0.2472376857347375,0.2261956756276429,0.1930382076808597,-0.91,-0.7800000000000011,0.0302617923191401,-0.1699999999999999,-0.2299999999999999,-0.25,0.35250784879427755
2022-07-29,4130.29,21.33,2.67,2.89,,0.0141077495382919,0.0416920656881419,0.2245045730561793,0.220262017218671,0.1912476567380439,-1.0,-1.7000000000000028,0.022052343261956,-0.2200000000000002,-0.1,-0.0899999999999998,0.2734478196934953
2022-08-01,4118.63,22.84,2.6,2.9,,-0.0028270386343186,0.037550775817477,0.2343755595886465,0.211165530961294,0.1914242869826868,1.5100000000000016,-0.5199999999999996,0.0369757130173131,-0.2999999999999998,-0.2099999999999999,-0.1,0.2704554136596477
2022-08-02,4091.19,23.93,2.75,3.06,,-0.0066847025099674,0.0424764062032595,0.2104470523013099,0.1886430468032797,0.1948523734117403,1.09,-0.7600000000000016,0.0444476265882596,-0.31,-0.06,0.04,0.25778650682583476
2022-08-03,4155.17,21.95,2.73,3.1,,0.0155174607500355,0.0321738324197316,0.1647661590767382,0.1975416516011205,0.1996440452328703,-1.9800000000000004,-1.2899999999999991,0.0198559547671296,-0.3700000000000001,-0.0499999999999998,0.1400000000000001,0.3429552549571421
2022-08-04,4151.94,21.44,2.68,3.03,,-0.0007776471390832,0.0193358220049581,0.1623411017165383,0.1971903979933099,0.1959219316237159,-0.509999999999998,-0.889999999999997,0.018478068376284,-0.3499999999999996,0.0,0.1799999999999997,0.3429160288123196
2022-08-05,4145.19,21.15,2.83,3.24,,-0.0016270689959386,0.0036010034707275,0.1361250912808882,0.1862772087576629,0.196153938448908,-0.2900000000000027,-0.1799999999999997,0.015346061551092,-0.4100000000000001,0.1600000000000001,0.3500000000000001,0.4373229645837336
2022-08-08,4140.06,21.29,2.77,3.21,,-0.0012383454103545,0.0051896966946917,0.1339670761866097,0.1879440684163767,0.1892166615513505,0.1400000000000005,-1.5500000000000007,0.0236833384486494,-0.4399999999999999,0.1699999999999999,0.31,0.44138412913615926
2022-08-09,4122.47,21.77,2.8,3.28,,-0.0042577821983481,0.0076166170063109,0.126025825953035,0.173623169879094,0.1854882264272516,0.4800000000000004,-2.16,0.0322117735727483,-0.48,0.0499999999999998,0.2199999999999997,0.43719151614345186
2022-08-10,4210.24,19.74,2.78,3.23,,0.0210671549078569,0.0131663111641325,0.1649858923660702,0.1586671327748143,0.1923644559450339,-2.030000000000001,-2.210000000000001,0.005035544054966,-0.4500000000000002,0.0499999999999998,0.1299999999999999,0.30428565703764543
2022-08-11,4207.27,20.2,2.87,3.23,,-0.0007056718966173,0.0132382864065982,0.1648929126558082,0.1546013361664363,0.1912501349371043,0.4600000000000008,-1.240000000000002,0.0107498650628956,-0.3599999999999999,0.1899999999999999,0.2000000000000001,0.30620141869304185
2022-08-12,4280.15,19.53,2.84,3.25,,0.017174074409836,0.0320394298123731,0.1867582074448992,0.1612503316914195,0.1895889782752058,-0.6699999999999982,-1.6199999999999974,0.0057110217247941,-0.4100000000000001,0.0099999999999997,0.0099999999999997,0.24882640724728688
2022-08-15,4297.14,19.95,2.79,3.2,,0.0039616294239327,0.0372394046466605,0.176724769930553,0.1572684606677051,0.1828519475054671,0.4199999999999981,-1.34,0.0166480524945328,-0.4100000000000001,0.02,-0.0099999999999997,0.41938761448818507
2022-08-16,4305.2,19.69,2.82,3.25,,0.0018739092755182,0.0433710961205267,0.155186502362106,0.1460885132238829,0.1645278312223826,-0.259999999999998,-2.0799999999999983,0.0323721687776173,-0.4300000000000001,0.02,-0.0299999999999998,0.4198402651794464
2022-08-17,4274.04,19.9,2.89,3.28,,-0.0072640786404786,0.0150398625721912,0.1424687762132795,0.1453575073217345,0.1695764937767424,0.2099999999999973,0.1600000000000001,0.0294235062232575,-0.3899999999999997,0.1100000000000003,0.0499999999999998,0.4063315940620073
2022-08-18,4283.74,19.56,2.88,3.22,,0.0022669440331611,0.0180124785019695,0.1391106214202608,0.1440447969982131,0.1681471174628077,-0.3399999999999998,-0.6400000000000006,0.0274528825371922,-0.3400000000000003,0.0099999999999997,-0.0099999999999997,0.4616865709547273
2022-08-19,4228.48,20.6,2.98,3.25,,-0.0129838693813596,-0.0121454652892259,0.1167047124778693,0.1643818578526522,0.1722320628729618,1.0400000000000027,1.0700000000000005,0.0337679371270381,-0.27,0.1400000000000001,0.0,0.6830840045567105
2022-08-22,4137.99,23.8,3.03,3.32,,-0.0216324277252874,-0.0377395224384461,0.1613247383931254,0.2029503545398555,0.1936036654631633,3.1999999999999997,3.8500000000000014,0.0443963345368366,-0.29,0.2399999999999997,0.1199999999999996,0.5999596525520848
2022-08-23,4128.73,24.11,3.05,3.29,,-0.0022403090640503,-0.0418537407780147,0.148305742609181,0.2020297696433839,0.1875577384615211,0.3099999999999987,4.419999999999998,0.0535422615384788,-0.2400000000000002,0.2299999999999999,0.04,0.6242405531572546
2022-08-24,4140.77,22.82,3.11,3.36,,0.0029119072513373,-0.0316777548861986,0.1692113800395959,0.1669062527965804,0.1663377501818332,-1.2899999999999991,2.9200000000000017,0.0618622498181667,-0.25,0.2199999999999997,0.08,0.6348696864582739
2022-08-25,4199.12,21.78,3.03,3.35,,0.01399321864529,-0.0199514802740697,0.2197112803872148,0.1846374987395545,0.1681073845283871,-1.0399999999999991,2.2200000000000024,0.0496926154716128,-0.3200000000000003,0.1499999999999999,0.1299999999999999,0.5966329406629003
2022-08-26,4057.66,25.56,3.04,3.37,,-0.0342685267489854,-0.0412361376416955,0.3085865507770676,0.2252673796061693,0.2039836919444265,3.7799999999999976,4.959999999999997,0.0516163080555734,-0.33,0.06,0.1200000000000001,0.2990029034686653
2022-08-29,4030.61,26.21,3.12,3.42,,-0.0066887235092639,-0.026292433425672,0.2850922943083847,0.2192196395570095,0.2049291824061103,0.6500000000000021,2.41,0.0571708175938896,-0.2999999999999998,0.0900000000000003,0.1,0.28700478916112426
2022-08-30,3986.16,26.21,3.11,3.46,,-0.0110893677916536,-0.0351414921532753,0.286110151375235,0.2151355686123953,0.2071117031018107,0.0,2.1000000000000014,0.0549882968981892,-0.3500000000000001,0.06,0.1699999999999999,0.3669111684656734
2022-08-31,3955.0,25.87,3.15,3.45,,-0.0078477602570987,-0.0459011596617115,0.2724293161931265,0.2151224421267824,0.1983694506608176,-0.3399999999999998,3.0500000000000007,0.0603305493391823,-0.3000000000000002,0.04,0.0900000000000003,0.3606166942259268
2022-09-01,3966.85,25.56,3.26,3.51,,0.0029917276491103,-0.0569026506578913,0.2195336640635126,0.2160967139868068,0.1992449250760258,-0.3100000000000023,3.7799999999999976,0.0563550749239742,-0.25,0.2299999999999999,0.1599999999999997,0.4308992524119779
2022-09-02,3924.26,25.47,3.2,3.4,,-0.0107945304411661,-0.033428654350072,0.0909422890178197,0.2148696628842563,0.2014910761032528,-0.0899999999999998,-0.0899999999999998,0.0532089238967471,-0.1999999999999997,0.1600000000000001,0.0299999999999998,0.429238184516378
2022-09-06,3908.19,26.91,3.33,3.5,,-0.0041034472098145,-0.0308433780506227,0.0927705838815747,0.2000160853739479,0.2014648082125814,1.4400000000000013,0.6999999999999993,0.0676351917874186,-0.1699999999999999,0.2099999999999999,0.08,0.8199387960387257
2022-09-07,3979.87,24.64,3.27,3.45,,0.0181748042285588,-0.0015792060304103,0.1833699221545411,0.233409547062305,0.2147320820819871,-2.27,-1.5700000000000005,0.0316679179180128,-0.1800000000000001,0.1600000000000001,-0.0099999999999997,0.7693758643391247
2022-09-08,4006.18,23.61,3.29,3.48,,0.0065890133889801,0.0128575676156684,0.1744365365160543,0.2370158383738132,0.1999604034168969,-1.0300000000000011,-2.2600000000000016,0.036139596583103,-0.1899999999999999,0.1400000000000001,0.0299999999999998,0.7833561690822762
2022-09-09,4067.36,22.79,3.33,3.56,,0.0151559715070184,0.0250218114735766,0.1962900766967573,0.2394512375213244,0.2095291942388969,-0.8200000000000003,-2.77,0.018370805761103,-0.2299999999999999,0.0700000000000002,0.0500000000000002,0.7542244376236094
2022-09-12,4110.41,23.87,3.37,3.58,,0.0105286398814687,0.0463449817962116,0.1378345105799729,0.1730266521407341,0.2028137294482798,1.0800000000000018,-1.599999999999998,0.0358862705517201,-0.2099999999999999,0.1699999999999999,0.1800000000000001,0.7434299917889305
2022-09-13,3932.69,27.27,3.42,3.75,,-0.044199110119582,0.006249318886444,0.4093688154731616,0.2866334692109902,0.2504250434472866,3.3999999999999986,0.3599999999999994,0.0222749565527133,-0.33,0.0899999999999998,0.25,0.3045892998617784
2022-09-14,3946.01,26.16,3.41,3.78,,0.0033812717048818,-0.008544213637233,0.3834904952730164,0.283623466903078,0.250984947262853,-1.1099999999999994,1.5199999999999996,0.010615052737147,-0.3699999999999996,0.1400000000000001,0.3299999999999996,0.4062104186219367
2022-09-15,3901.35,26.27,3.45,3.87,,-0.0113822947247386,-0.0265155217509517,0.3802012670269243,0.2865485196596887,0.2520413162350727,0.1099999999999994,2.66,0.0106586837649272,-0.4199999999999999,0.1600000000000001,0.3900000000000001,0.3878257196001372
2022-09-16,3873.33,26.3,3.45,3.85,,-0.0072080449142468,-0.0488795381722169,0.3348277004712355,0.2867800263718471,0.2508778018281661,0.0300000000000011,3.5100000000000016,0.0121221981718338,-0.3999999999999999,0.1200000000000001,0.29,0.4620182734314439
2022-09-19,3899.89,25.76,3.49,3.95,,0.0068337454395362,-0.0525744326141494,0.3214727733690782,0.285959526873877,0.2524081068796914,-0.5399999999999991,1.8900000000000008,0.0051918931203085,-0.4599999999999999,0.1200000000000001,0.3700000000000001,0.47845513833256204
2022-09-20,3855.93,27.16,3.57,3.96,,-0.0113361245530725,-0.01971144704764,0.1352702553195002,0.2906902327402241,0.2454424934373596,1.3999999999999986,-0.1099999999999994,0.0261575065626403,-0.3900000000000001,0.1499999999999999,0.2099999999999999,0.44460179293563684
2022-09-21,3789.93,27.99,3.51,4.02,,-0.0172646737897742,-0.0403573925422959,0.1439786962568064,0.2782252632977176,0.2501445206611589,0.8299999999999983,1.8299999999999983,0.029755479338841,-0.5099999999999998,0.0999999999999996,0.2399999999999997,0.46711364006019135
2022-09-22,3757.99,27.35,3.7,4.11,,-0.0084633092689318,-0.0374384070864892,0.1412147467464128,0.2710032861785729,0.2490626908225544,-0.639999999999997,1.0800000000000018,0.0244373091774456,-0.4100000000000001,0.25,0.2400000000000002,0.5612861501218708
2022-09-23,3693.23,29.92,3.69,4.2,,-0.0173828260775679,-0.0476131882498104,0.1574827720267029,0.2466851483467791,0.242391081056687,2.5700000000000003,3.620000000000001,0.056808918943313,-0.5100000000000002,0.2399999999999997,0.3500000000000001,0.5449557538262533
2022-09-26,3655.04,32.26,3.88,4.27,,-0.0103943768659704,-0.064841310555317,0.0652261133451733,0.2196433376935248,0.2197680614753,2.3399999999999963,6.4999999999999964,0.1028319385246999,-0.3899999999999997,0.3899999999999997,0.3199999999999994,0.659026373697435
2022-09-27,3647.29,32.6,3.97,4.3,,-0.0021226109775338,-0.0556277969797784,0.1021156008180014,0.1279800996979084,0.2199622927050583,0.3400000000000034,5.440000000000001,0.1060377072949416,-0.3299999999999996,0.4000000000000003,0.3399999999999998,0.8135597665941755
2022-09-28,3719.04,30.18,3.72,4.07,,0.0194811443877764,-0.0188819788022276,0.2237331473577962,0.1809750192618605,0.2349853303046741,-2.4200000000000017,2.1900000000000013,0.0668146696953258,-0.3500000000000001,0.2100000000000004,0.0500000000000007,0.7531732812303645
2022-09-29,3640.47,31.84,3.76,4.16,,-0.021352776272162,-0.0317714458054579,0.2569859597248216,0.1957160178879966,0.2430742894383005,1.66,4.489999999999998,0.0753257105616994,-0.4000000000000003,0.0599999999999996,0.0499999999999998,0.692168137957148
2022-09-30,3585.62,31.62,3.83,4.22,,-0.015181392276394,-0.0295700120042839,0.2514496663786293,0.2000874945551,0.2445543248512395,-0.2199999999999988,1.6999999999999993,0.0716456751487605,-0.3899999999999997,0.1400000000000001,0.0199999999999995,0.7901364249888234
2022-10-03,3678.43,30.1,3.67,4.12,,0.0255546287974076,0.0063789936590941,0.3287342797000399,0.2532248560961829,0.2663038766599303,-1.5199999999999996,-2.1599999999999966,0.0346961233400696,-0.4500000000000002,-0.2099999999999999,-0.1499999999999994,0.6884787285782006
2022-10-04,3790.93,29.07,3.62,4.1,,0.0301253408653039,0.0386269455019317,0.3829754011398086,0.3077276426643586,0.2913608547130368,-1.0300000000000011,-3.530000000000001,-0.0006608547130368,-0.4799999999999995,-0.3500000000000001,-0.2000000000000001,0.5060476040957875
2022-10-05,3783.28,28.55,3.76,4.15,,-0.0020200133350643,0.0171257877790909,0.3716476974783285,0.295406955134302,0.2819179605053667,-0.5199999999999996,-1.629999999999999,0.0035820394946332,-0.3900000000000005,0.0399999999999995,0.08,0.507734023928089
2022-10-06,3744.52,30.52,3.83,4.23,,-0.0102979203835742,0.0281806436676788,0.3313124046333855,0.2969874573202428,0.2810422039241785,1.9699999999999989,-1.3200000000000005,0.0241577960758214,-0.4000000000000003,0.0700000000000002,0.0700000000000002,0.6298122037252315
2022-10-07,3639.66,31.36,3.89,4.3,,-0.0284031671674905,0.0149588687765822,0.3914836124406557,0.319011060233318,0.2854426341935096,0.8399999999999999,-0.2600000000000015,0.0281573658064903,-0.4099999999999997,0.06,0.08,0.5812732166119927
2022-10-10,3612.39,32.45,3.89,4.3,,-0.0075206675446196,-0.018116427565445,0.3381794754042836,0.3170781508284079,0.2790728398924374,1.0900000000000034,2.3500000000000014,0.0454271601075625,-0.4099999999999997,0.2200000000000002,0.1799999999999997,0.7041010508689155
2022-10-11,3588.84,33.63,3.93,4.3,,-0.0065405726393698,-0.0547823410701187,0.1618861413136575,0.3182218918235016,0.24093360921764,1.1799999999999995,4.560000000000002,0.09536639078236,-0.3699999999999996,0.31,0.2000000000000001,0.7193846421871942
2022-10-12,3577.03,33.57,3.91,4.28,,-0.0032961833504644,-0.0560585110855189,0.157645950734472,0.2956850343079697,0.2391685278342948,-0.0600000000000022,5.02,0.0965314721657051,-0.3700000000000001,0.1500000000000003,0.1299999999999999,0.7253067139213608
2022-10-13,3669.91,31.94,3.97,4.47,,0.0256342914468971,-0.0201262992550474,0.3066952839168586,0.3116489044980636,0.2609786361419274,-1.629999999999999,1.4200000000000017,0.0584213638580726,-0.4999999999999995,0.1400000000000001,0.2399999999999993,0.6136242883751639
2022-10-14,3583.07,32.02,4.0,4.48,,-0.0239471637719518,-0.0156702958595087,0.2852640971386427,0.326969480058328,0.2710778060438134,0.0800000000000018,0.6600000000000037,0.0491221939561866,-0.4800000000000004,0.1099999999999998,0.1800000000000006,0.6087447911467309
2022-10-17,3677.95,31.37,4.02,4.45,,0.0261355569119064,0.0179859285970173,0.3462131608593417,0.3282547825468399,0.2892584932539199,-0.6500000000000021,-1.0800000000000018,0.02444150674608,-0.4300000000000006,0.1299999999999994,0.1500000000000003,0.4833183642593713
2022-10-18,3719.98,30.5,4.01,4.43,,0.0113627601815439,0.035889261417931,0.3363766837655818,0.291471999773095,0.2917204116642332,-0.870000000000001,-3.1300000000000026,0.0132795883357668,-0.4199999999999999,0.0799999999999996,0.1299999999999999,0.5164027433698937
2022-10-19,3695.16,30.76,4.14,4.55,,-0.0066944367047117,0.0324910080636838,0.343825639957119,0.2924735321181078,0.2866548047972974,0.2600000000000015,-2.8099999999999987,0.0209451952027026,-0.4100000000000001,0.2299999999999995,0.2699999999999996,0.5188779512960078
2022-10-20,3665.78,29.98,4.24,4.62,,-0.007982718516093,-0.0011260018993064,0.3067861087622599,0.2909403030740556,0.286499801370735,-0.7800000000000011,-1.9600000000000009,0.013300198629265,-0.3799999999999999,0.27,0.1500000000000003,0.5124026314816268
2022-10-21,3752.75,29.69,4.21,4.49,,0.0234477678524365,0.046268929725082,0.2562582692860314,0.2758531428856185,0.2925856202733697,-0.2899999999999991,-2.330000000000002,0.0043143797266302,-0.2800000000000002,0.2099999999999999,0.0099999999999997,0.5226417797229091
2022-10-24,3797.34,29.85,4.25,4.5,,0.0118119170597982,0.0319452898729739,0.2134030010091901,0.2721372491352359,0.2919348531093349,0.1600000000000001,-1.5199999999999996,0.006565146890665,-0.25,0.2300000000000004,0.0499999999999998,0.5020988350959339
2022-10-25,3859.11,28.46,4.1,4.42,,0.0161357653252692,0.0367182950166993,0.2228905788933854,0.2690178131316611,0.2957591002941077,-1.3900000000000006,-2.039999999999999,-0.0111591002941077,-0.3200000000000003,0.0899999999999998,-0.0099999999999997,0.4367470197382428
2022-10-26,3830.6,27.28,4.04,4.39,,-0.0074151380567922,0.0359975936646188,0.225790090658967,0.2742867124662235,0.2910381833199202,-1.1799999999999995,-3.4800000000000004,-0.0182381833199202,-0.3499999999999996,-0.0999999999999996,-0.1600000000000001,0.5817621603739431
2022-10-27,3807.3,27.39,3.96,4.3,,-0.0061011723843323,0.0378791397963794,0.2180831627332395,0.2592834649508223,0.2799956968902186,0.1099999999999994,-2.59,-0.0060956968902185,-0.3399999999999998,-0.2800000000000002,-0.3200000000000003,0.5980037013844612
2022-10-28,3901.06,25.75,4.02,4.41,,0.0243280345757693,0.0387594065197122,0.2221705052355136,0.2264541253404453,0.2825020795782872,-1.6400000000000006,-3.940000000000001,-0.0250020795782872,-0.3900000000000005,-0.1900000000000004,-0.08,0.5045501021139771
2022-10-31,3871.98,25.88,4.1,4.51,,-0.0074823069661265,0.0194651824937875,0.2413540016226518,0.2157919155567643,0.2736043745332192,0.129999999999999,-3.9700000000000015,-0.0148043745332192,-0.4100000000000001,-0.1500000000000003,0.0099999999999997,0.5133543158507409
2022-11-01,3856.1,25.81,4.07,4.54,,-0.0041096940897468,-0.0007802769212284,0.2183559445685651,0.2172742546914456,0.2541609018507068,-0.0700000000000002,-2.650000000000002,0.0039390981492932,-0.4699999999999997,-0.0299999999999993,0.1200000000000001,0.5168454598324494
2022-11-02,3759.69,25.86,4.1,4.61,,-0.0253198028276198,-0.0186849416920561,0.2832186470391605,0.2582265146990059,0.2705795199840266,0.0500000000000007,-1.4200000000000017,-0.0119795199840265,-0.5100000000000007,0.0599999999999996,0.2200000000000006,0.4654801915631552
2022-11-03,3719.89,25.3,4.14,4.71,,-0.0106424092389834,-0.0232261785467072,0.2874108019139983,0.2613542104606376,0.2707508387162528,-0.5599999999999987,-2.09,-0.0177508387162527,-0.5700000000000003,0.1799999999999997,0.4100000000000001,0.9600364541878521
2022-11-04,3770.55,24.55,4.17,4.66,,0.0135267814579937,-0.034027431664483,0.2214804471149217,0.2420195050650049,0.2534442775314508,-0.75,-1.1999999999999993,-0.0079442775314508,-0.4900000000000002,0.1500000000000003,0.25,0.9470386810901131
2022-11-07,3806.8,24.35,4.22,4.72,,0.0095680618026735,-0.0169770628956828,0.2495026713827735,0.2393230933698653,0.2523957532202024,-0.1999999999999993,-1.5299999999999976,-0.0088957532202023,-0.5,0.1200000000000001,0.2099999999999999,0.9455767054214642
2022-11-08,3828.11,25.54,4.14,4.67,,0.00558226759398,-0.0072851012119559,0.2571256333420151,0.2251512875142672,0.2502183800253517,1.1899999999999975,-0.2699999999999996,0.0051816199746482,-0.5300000000000002,0.0699999999999994,0.1299999999999999,0.9514350420442521
2022-11-09,3748.57,26.09,4.12,4.61,,-0.0209967748870899,-0.002962073271426,0.2325024759455175,0.245698656874305,0.2638557307181162,0.5500000000000007,0.2300000000000004,-0.0029557307181161,-0.4900000000000002,0.0200000000000004,0.0,0.900796192140446
2022-11-10,3956.37,23.53,3.82,4.34,,0.0539525042809639,0.0616328402485213,0.4272646137687273,0.371499456307296,0.3118022569444947,-2.5599999999999987,-1.7699999999999996,-0.0765022569444947,-0.52,-0.3199999999999998,-0.3700000000000001,0.2833838040734655
2022-11-11,3992.93,22.52,3.82,4.34,,0.0091983590448269,0.0573044178353546,0.4276034757187665,0.3555589110864933,0.2944557137288226,-1.0100000000000016,-2.030000000000001,-0.0692557137288226,-0.52,-0.3500000000000001,-0.3200000000000003,0.2542911100080069
2022-11-14,3957.25,23.73,3.88,4.4,,-0.0089759576650217,0.0387603983676592,0.4523261915813862,0.3567897317422442,0.2879917249083975,1.2100000000000009,-0.620000000000001,-0.0506917249083975,-0.5200000000000005,-0.3399999999999998,-0.3199999999999994,0.21949156324732869
2022-11-15,3991.73,24.54,3.8,4.37,,0.0086753813075978,0.0418535120812769,0.4519242549818099,0.3562527969203902,0.2871952434155408,0.8099999999999987,-1.0,-0.0417952434155408,-0.5700000000000003,-0.3399999999999998,-0.2999999999999998,0.2739703230561272
2022-11-16,3958.79,24.11,3.67,4.35,,-0.008286297872085,0.0545639890962818,0.4066268076834495,0.3267693875994636,0.2880010038037343,-0.4299999999999997,-1.9800000000000004,-0.0469010038037343,-0.6799999999999997,-0.4500000000000002,-0.2600000000000007,0.25791621182427715
2022-11-17,3946.56,23.93,3.77,4.43,,-0.0030941096237371,-0.0024826248084191,0.1414175941527494,0.3186443375228096,0.2859435171858629,-0.1799999999999997,0.3999999999999986,-0.0466435171858629,-0.6599999999999997,-0.0499999999999998,0.0899999999999998,0.2532359472061918
2022-11-18,3965.34,23.12,3.82,4.51,,0.0047472883302355,-0.0069336955230106,0.1247406624715597,0.3158073513534749,0.2763497018369809,-0.8099999999999987,0.6000000000000014,-0.0451497018369808,-0.69,0.0,0.1699999999999999,0.3456852711638765
2022-11-21,3949.94,22.36,3.83,4.48,,-0.0038912128014762,-0.0018489506594651,0.1095493586953912,0.317622764871268,0.2751428757640294,-0.7600000000000016,-1.370000000000001,-0.0515428757640294,-0.6500000000000004,-0.0499999999999998,0.08,0.34106043797267926
2022-11-22,4003.58,21.29,3.76,4.47,,0.0134885719219573,0.0029642399548943,0.1365804591647067,0.321398139821472,0.2734907176046589,-1.0700000000000005,-3.25,-0.0605907176046588,-0.71,-0.04,0.0999999999999996,0.551875810251839
2022-11-23,4027.26,20.35,3.71,4.46,,0.0058972831306427,0.0171478209576221,0.1136890111627077,0.2883596216968001,0.2715929498119256,-0.9399999999999976,-3.759999999999998,-0.0680929498119256,-0.75,0.04,0.1100000000000003,0.5440521389811581
2022-11-25,4026.12,20.5,3.68,4.42,,-0.000283110944129,0.0199588196372302,0.1049421020126346,0.1232604772418809,0.269928332161567,0.1499999999999985,-3.43,-0.0649283321615669,-0.7399999999999998,-0.0899999999999998,-0.0099999999999997,0.5443644021565002
2022-11-28,3963.94,22.21,3.69,4.46,,-0.015564652905563,-0.0003531215985683,0.1728380904767029,0.142526493908994,0.2648131125484571,1.7100000000000009,-0.91,-0.042713112548457,-0.77,-0.1299999999999999,-0.0499999999999998,0.5634206986010377
2022-11-29,3957.63,21.89,3.75,4.48,,-0.001593118872794,0.0019449723301138,0.1703904070912791,0.1351947304770305,0.2631904482685375,-0.3200000000000003,-0.4699999999999988,-0.0442904482685374,-0.7300000000000004,-0.08,0.0,0.6081237041787964
2022-11-30,4080.11,20.58,3.68,4.38,,0.0304785875825892,0.0189349879907458,0.2676269829083751,0.2020839561514268,0.2820795174466457,-1.3100000000000025,-0.7100000000000009,-0.0762795174466457,-0.6999999999999997,-0.0799999999999996,-0.0899999999999998,0.36958913470717797
2022-12-01,4076.57,19.84,3.53,4.25,,-0.0008680002702717,0.0121697045898314,0.268574200062044,0.1946089144313333,0.2623893095207628,-0.7399999999999984,-0.5100000000000016,-0.0639893095207628,-0.7200000000000002,-0.1800000000000001,-0.2099999999999999,0.3880169191069615
2022-12-02,4071.7,19.06,3.51,4.28,,-0.0011953459028422,0.0112574696311181,0.2692328819820453,0.1931909642634452,0.257471970461247,-0.7800000000000011,-1.4400000000000013,-0.0668719704612469,-0.7700000000000005,-0.1700000000000003,-0.1399999999999996,0.40485771382994357
2022-12-05,3998.84,20.75,3.6,4.41,,-0.0180562836020754,0.0087658389346057,0.2799866742488924,0.2198882772441828,0.2670450596152021,1.6900000000000013,-1.4600000000000009,-0.0595450596152021,-0.81,-0.0899999999999998,-0.0499999999999998,0.3638793698650022
2022-12-06,3941.26,22.17,3.51,4.34,,-0.0145038499217487,-0.0041448921143489,0.3037056803057482,0.2323825157958371,0.2727295651039921,1.4200000000000017,0.2800000000000011,-0.0510295651039921,-0.8300000000000001,-0.2400000000000002,-0.1400000000000005,0.3044524780222896
2022-12-07,3933.92,22.68,3.42,4.26,,-0.0018640849162627,-0.0364875646132009,0.131810918530027,0.21944351239577,0.2726174014816615,0.509999999999998,2.1000000000000014,-0.0458174014816615,-0.8399999999999999,-0.2600000000000002,-0.1200000000000001,0.3179687350607073
2022-12-08,3963.51,22.29,3.48,4.31,,0.0074936120907241,-0.028125952252205,0.1663484613188221,0.2211419587024408,0.2600946193261653,-0.3900000000000005,2.4499999999999997,-0.0371946193261653,-0.8299999999999996,-0.0499999999999998,0.0599999999999996,0.49745298084456463
2022-12-09,3934.38,22.83,3.57,4.33,,-0.0073766872148234,-0.0343072935641863,0.1617014631241549,0.2228237351018143,0.1783382021904386,0.5399999999999991,3.77,0.0499617978095613,-0.7600000000000002,0.06,0.0499999999999998,0.5151302266661433
2022-12-12,3990.56,25.0,3.61,4.39,,0.0141782628310539,-0.002072747131057,0.181790857352358,0.2232890958631858,0.1826715362742769,2.1700000000000017,4.25,0.067328463725723,-0.7799999999999998,0.0099999999999997,-0.0200000000000004,0.48511122069265744
2022-12-13,4019.65,22.55,3.51,4.22,,0.0072632622332616,0.0196943650239533,0.135224594179092,0.225194419963023,0.1812123315103025,-2.4499999999999997,0.379999999999999,0.0442876684896974,-0.71,0.0,-0.1200000000000001,0.471497086627536
2022-12-14,3995.32,21.14,3.49,4.23,,-0.0060711580284131,0.0154872919118029,0.1491772129496781,0.1586704328476962,0.1802508063355369,-1.41,-1.5399999999999991,0.0311491936644631,-0.7400000000000002,0.0700000000000002,-0.0299999999999993,0.517600912397856
2022-12-15,3895.75,22.83,3.44,4.23,,-0.0252374607919639,-0.0172437809708849,0.2410773370983291,0.1961135152596578,0.1996422346728555,1.6899999999999975,0.5399999999999991,0.0286577653271444,-0.7900000000000005,-0.04,-0.0799999999999991,0.40100600211229737
2022-12-16,3852.36,22.62,3.48,4.17,,-0.011200267830704,-0.0210673615867654,0.246470044185926,0.1977644046050017,0.2029228879304512,-0.2099999999999973,-0.2099999999999973,0.0232771120695487,-0.69,-0.0899999999999998,-0.1600000000000001,0.37124138301860143
2022-12-19,3817.66,22.42,3.57,4.25,,-0.0090482780342915,-0.0442939024521109,0.1846961198849976,0.1866560902293471,0.2034611006798083,-0.1999999999999993,-2.5799999999999983,0.0207388993201916,-0.6800000000000002,-0.04,-0.1399999999999996,0.34833605661088235
2022-12-20,3821.62,21.48,3.69,4.25,,0.0010367470114196,-0.0505204176739531,0.1530301829378316,0.1798315961974368,0.2035726262270469,-0.9400000000000012,-1.0700000000000005,0.011227373772953,-0.56,0.1800000000000001,0.0300000000000002,0.39739478009719353
2022-12-21,3878.44,20.07,3.68,4.21,,0.0147585944409617,-0.029690665204578,0.2363690495075783,0.2010890014413954,0.2048711419087214,-1.41,-1.0700000000000005,-0.0041711419087214,-0.5299999999999998,0.1899999999999999,-0.0200000000000004,0.42254780654205976
2022-12-22,3822.39,21.97,3.67,4.24,,-0.0145571295023748,-0.0190103339149889,0.1888065258630506,0.2041631669245761,0.2078041239473484,1.8999999999999984,-0.8599999999999994,0.0118958760526514,-0.5700000000000003,0.2299999999999999,0.0099999999999997,0.35605647139916224
2022-12-23,3844.82,20.87,3.75,4.31,,0.0058509063889847,-0.0019591596953003,0.185490372935699,0.2081179563226839,0.2098459977747898,-1.099999999999998,-1.75,-0.0011459977747898,-0.5599999999999996,0.27,0.1399999999999996,0.34956932375488176
2022-12-27,3829.25,21.65,3.84,4.32,,-0.0040578262550561,0.003031292083935,0.173835336063786,0.1867158592366632,0.2040980587169875,0.7799999999999976,-0.7700000000000031,0.0124019412830124,-0.4800000000000004,0.27,0.0700000000000002,0.36368209804766927
2022-12-28,3783.22,22.14,3.88,4.31,,-0.0120934626990492,-0.0100989176265337,0.1954369521944572,0.1787703610400414,0.207382633828091,0.490000000000002,0.6600000000000001,0.014017366171909,-0.4299999999999997,0.1899999999999999,0.0599999999999996,0.36053781082375197
2022-12-29,3849.28,21.44,3.83,4.34,,0.0173106189600936,-0.0075468931074018,0.2095686562898616,0.2138312243213335,0.1837364920617373,-0.6999999999999993,1.370000000000001,0.0306635079382626,-0.5099999999999998,0.1499999999999999,0.1299999999999999,0.42778656607139726
2022-12-30,3839.5,21.67,3.88,4.41,,-0.0025439680351095,0.0044662683598633,0.1773209337267353,0.17709114806755,0.1835854691017452,0.2300000000000004,-0.2999999999999971,0.0331145308982548,-0.5300000000000002,0.2099999999999999,0.1699999999999999,0.4260505459682531
2023-01-03,3824.14,22.9,3.79,4.4,,-0.004008544390807,-0.0053931824199284,0.1737330975325886,0.1695276581251613,0.1834911263457103,1.2299999999999969,2.0299999999999976,0.0455088736542896,-0.6100000000000003,0.04,0.0900000000000007,0.4354952825174817
2023-01-04,3852.97,22.01,3.69,4.36,,0.0075106740753847,0.0061753179105124,0.1805150181114059,0.1671548459603698,0.1782878844953442,-0.889999999999997,0.360000000000003,0.0418121155046557,-0.6700000000000004,-0.1499999999999999,0.04,0.4653163768127972
2023-01-05,3808.1,22.46,3.71,4.45,,-0.0117139023845192,0.0065548782250424,0.1787610171674126,0.1787591821595145,0.1759226082365305,0.4499999999999993,0.3200000000000003,0.0486773917634694,-0.7400000000000002,-0.1699999999999999,0.1400000000000005,0.42996689360737217
2023-01-06,3895.08,21.13,3.55,4.24,,0.0225838411760265,0.0118281004409753,0.2097320829803192,0.2003014702258117,0.1959218901503464,-1.3300000000000018,-0.3100000000000023,0.0153781098496535,-0.6900000000000004,-0.2800000000000002,-0.0999999999999996,0.24566960192362178
2023-01-09,3892.09,21.97,3.53,4.19,,-0.0007679298504944,0.0136041386255903,0.2074797636503001,0.1825944140583625,0.1936348170750942,0.8399999999999999,0.2999999999999971,0.0260651829249057,-0.6600000000000006,-0.3500000000000001,-0.2199999999999997,0.247479287491551
2023-01-10,3919.25,20.58,3.61,4.24,,0.0069540205524518,0.0245667035688492,0.1995235485558671,0.1833608253906845,0.193967864051561,-1.3900000000000006,-2.3200000000000003,0.0118321359484389,-0.6300000000000003,-0.1800000000000001,-0.1600000000000001,0.33325146405911177
2023-01-11,3969.61,21.09,3.54,4.2,,0.0127675441312289,0.0298235736246935,0.2071782295062131,0.1874171847148929,0.1926417180148681,0.5100000000000016,-0.9200000000000016,0.0182582819851319,-0.6600000000000001,-0.1499999999999999,-0.1600000000000001,0.29119383194443027
2023-01-12,3983.17,18.83,3.43,4.12,,0.0034101315868827,0.0449476075960955,0.1440911544789449,0.1660039792959781,0.1911246332245145,-2.2600000000000016,-3.6300000000000026,-0.0028246332245145,-0.69,-0.2799999999999998,-0.33,0.41276918988857964
2023-01-13,3999.09,18.35,3.49,4.22,,0.0039888505532251,0.0263526169732942,0.0796127315096632,0.151517936755323,0.1905395447877453,-0.4799999999999969,-2.7799999999999976,-0.0070395447877452,-0.7299999999999995,-0.0599999999999996,-0.0200000000000004,0.44891506409746795
2023-01-17,3990.97,19.36,3.53,4.18,,-0.0020325261125498,0.0250880207112386,0.0859124482593584,0.150937282400002,0.1659105095736896,1.009999999999998,-2.6099999999999994,0.0276894904263103,-0.6499999999999999,0.0,-0.0100000000000006,0.4478965670050172
2023-01-18,3928.86,20.34,3.37,4.06,,-0.0156850016602764,0.0024489984985104,0.1663988127795693,0.1771128032909091,0.1710432070126818,0.9800000000000004,-0.2399999999999984,0.0323567929873181,-0.6899999999999995,-0.2399999999999997,-0.1800000000000006,0.3723208306220969
2023-01-19,3898.85,20.52,3.39,4.09,,-0.0076676696075208,-0.0179862152402392,0.1308522537574402,0.1818980414481081,0.1700365228017319,0.1799999999999997,-0.5700000000000003,0.035163477198268,-0.6999999999999997,-0.1499999999999999,-0.1100000000000003,0.39244077302971875
2023-01-20,3972.61,19.85,3.48,4.14,,0.0187416715591724,-0.0026546752679495,0.2061693600914386,0.1856444906480723,0.1812589673343818,-0.6699999999999982,1.0200000000000031,0.0172410326656181,-0.6599999999999997,0.0499999999999998,0.0199999999999995,0.25895802649976357
2023-01-23,4019.81,19.81,3.52,4.21,,0.0118113284157092,0.0051678025945345,0.2237066958750737,0.1622210972269714,0.1787789212891435,-0.0400000000000027,1.4599999999999973,0.0193210787108564,-0.69,0.0299999999999998,-0.0099999999999997,0.27357452620135725
2023-01-24,4016.95,19.2,3.46,4.12,,-0.000711729632521,0.0064885990745632,0.2227607450103035,0.1621833129384984,0.168444241508519,-0.6099999999999994,-0.1600000000000001,0.0235557584914809,-0.6600000000000001,-0.0699999999999998,-0.0599999999999996,0.3577203844144323
2023-01-25,4016.22,19.08,3.46,4.11,,-0.0001817464343489,0.0219918543004906,0.169002412315772,0.161460688719853,0.1682051224063142,-0.120000000000001,-1.2600000000000016,0.0225948775936857,-0.6500000000000004,0.0899999999999998,0.0500000000000007,0.39395666956675807
2023-01-26,4060.43,18.73,3.49,4.17,,0.010947717569977,0.0406072414779884,0.1331378778648296,0.1584327741177501,0.1692538257511888,-0.3499999999999978,-1.7899999999999991,0.0180461742488111,-0.6799999999999997,0.1,0.08,0.42268151457833975
2023-01-27,4070.56,18.51,3.52,4.19,,0.0024917027916841,0.0243572727105003,0.0963821976565341,0.158313470567782,0.1597322603814483,-0.2199999999999988,-1.34,0.0253677396185516,-0.6700000000000004,0.04,0.0500000000000007,0.45210258466844244
2023-01-30,4017.77,19.94,3.55,4.25,,-0.013053559781991,-0.0005076154871999,0.1367753949388967,0.1750620458562162,0.1616684932553271,1.4299999999999995,0.1300000000000025,0.0377315067446729,-0.7000000000000002,0.0299999999999998,0.04,0.41354272028657874
2023-01-31,4076.6,19.4,3.52,4.21,,0.0145362853223181,0.0147403994676393,0.1710358097385947,0.1877404575492014,0.1664014493519169,-0.5400000000000027,0.1999999999999993,0.027598550648083,-0.69,0.06,0.0899999999999998,0.39874144374161086
2023-02-01,4119.21,17.87,3.39,4.09,,0.0103980897352104,0.0253202356371986,0.175278132639872,0.1624178853327324,0.1662159529732045,-1.5299999999999976,-1.2099999999999973,0.0124840470267954,-0.6999999999999997,-0.0699999999999998,-0.0200000000000004,0.4037769082405709
2023-02-02,4179.76,18.73,3.4,4.09,,0.0145924312176421,0.0289649492848638,0.1846453770729693,0.1530047646201945,0.1702128568758966,0.8599999999999994,0.0,0.0170871431241033,-0.69,-0.0900000000000003,-0.08,0.35944047107510624
2023-02-03,4136.48,18.33,3.53,4.3,,-0.010408643989373,0.0160646025038066,0.2187406831171228,0.1599586825323441,0.1686634805882459,-0.4000000000000021,-0.1800000000000032,0.014636519411754,-0.77,0.0099999999999997,0.1099999999999994,0.32110370117752546
2023-02-06,4111.08,19.43,3.63,4.44,,-0.006159416919169,0.0229587453666285,0.1900339051761674,0.1609549493285407,0.1574527491836946,1.1000000000000014,-0.5100000000000016,0.0368472508163053,-0.8100000000000005,0.08,0.1900000000000004,0.35525003090716273
2023-02-07,4164.0,18.66,3.67,4.47,,0.0127903830409191,0.0212128430852296,0.1846046515425027,0.1681217131859168,0.1608131291741261,-0.7699999999999996,-0.7399999999999984,0.0257868708258738,-0.7999999999999998,0.1499999999999999,0.2599999999999998,0.29154199978825207
2023-02-08,4117.86,19.63,3.63,4.45,,-0.0111425398110028,-0.0003277864609837,0.2018851012658763,0.1833324732481775,0.1681363765707584,0.9699999999999988,1.759999999999998,0.0281636234292415,-0.8200000000000003,0.2399999999999997,0.3600000000000003,0.2358854606367196
2023-02-09,4081.5,20.71,3.67,4.48,,-0.0088690430324459,-0.0237892607110717,0.1586463318340983,0.1847466925450972,0.1681047982106175,1.0800000000000018,1.9800000000000004,0.0389952017893824,-0.8100000000000005,0.27,0.3900000000000005,0.29051859191995594
2023-02-10,4090.46,20.53,3.74,4.5,,0.0021928652588764,-0.0111877514628222,0.1555628743122034,0.1846633529596441,0.1679662422779359,-0.1799999999999997,2.200000000000003,0.0373337577220641,-0.7599999999999998,0.2100000000000004,0.2000000000000001,0.2917612652335321
2023-02-13,4137.29,20.34,3.72,4.52,,0.0113835509599289,0.0063552164162757,0.176186683779152,0.1749811403822477,0.1715324831799947,-0.1900000000000012,0.91,0.0318675168200052,-0.7999999999999994,0.0900000000000003,0.0799999999999991,0.39465387860373236
2023-02-14,4136.13,18.91,3.77,4.6,,-0.0002804160812822,-0.0067155827059256,0.1438086797329165,0.1628548019021674,0.1711392905292013,-1.4299999999999995,0.25,0.0179607094707986,-0.8299999999999996,0.1,0.1299999999999999,0.39541979687693335
2023-02-15,4147.6,18.23,3.81,4.62,,0.0027692856551893,0.0071962427602666,0.1151433244728282,0.1554523559491783,0.1581995246746812,-0.6799999999999997,-1.3999999999999986,0.0241004753253187,-0.81,0.1800000000000001,0.1699999999999999,0.4019250917389913
2023-02-16,4090.41,20.17,3.86,4.62,,-0.0138846441726422,0.0021806416200702,0.1450529129992294,0.149752316820716,0.1650010485748956,1.9400000000000013,-0.5399999999999991,0.0366989514251043,-0.7600000000000002,0.1899999999999999,0.1399999999999996,0.37582197174772947
2023-02-17,4079.09,20.02,3.82,4.6,,-0.0027712852059047,-0.002783508844711,0.1455456463172724,0.1427170007443418,0.1540459309475393,-0.1500000000000021,-0.5100000000000016,0.0461540690524606,-0.7799999999999998,0.0799999999999996,0.0999999999999996,0.3764030308129386
2023-02-21,3997.34,22.87,3.95,4.67,,-0.0202447844141239,-0.0344118442187638,0.1549752099217284,0.1706580318104018,0.1666100014368668,2.8500000000000014,2.530000000000001,0.0620899985631331,-0.7199999999999998,0.2299999999999999,0.1500000000000003,0.20180811197682041
2023-02-22,3991.05,22.29,3.93,4.66,,-0.0015747857327715,-0.035706213870253,0.1517400382489795,0.1475742415867031,0.1666677997784747,-0.5800000000000018,3.379999999999999,0.0562322002215252,-0.73,0.1600000000000001,0.0600000000000005,0.2139040717913138
2023-02-23,4012.32,21.14,3.88,4.66,,0.0053152734602749,-0.0331602260651674,0.162883324420943,0.1491448563187098,0.1678676618749268,-1.1499999999999986,2.91,0.0435323381250731,-0.7800000000000002,0.0699999999999998,0.04,0.2302466632113869
2023-02-24,3970.04,21.67,3.95,4.78,,-0.0105934574217271,-0.0298690393142523,0.1551429302020515,0.1514095597504241,0.1665618841224518,0.5300000000000011,1.5,0.0501381158775481,-0.8300000000000001,0.0900000000000003,0.1600000000000001,0.29899405102494275
2023-02-27,3982.24,20.95,3.92,4.78,,0.0030683048311681,-0.0240294492771794,0.1677628938441967,0.1522741396553656,0.1667404510430771,-0.7200000000000024,0.9299999999999996,0.0427595489569228,-0.8600000000000003,0.1,0.1800000000000006,0.29520145601741193
2023-02-28,3970.15,20.7,3.92,4.81,,-0.0030405976856194,-0.006825262548675,0.0979523735460138,0.1306503492353982,0.1609032285912247,-0.25,-2.1700000000000017,0.0460967714087752,-0.8899999999999997,-0.0300000000000002,0.1399999999999996,0.3807009042631812
2023-03-01,3951.39,20.58,4.01,4.89,,-0.0047364616152703,-0.0099869384311739,0.1009060322674179,0.1288830609836425,0.1511083838997832,-0.120000000000001,-1.7100000000000009,0.0546916161002167,-0.8799999999999999,0.0799999999999996,0.2299999999999995,0.37387633451114566
2023-03-02,3981.35,19.59,4.08,4.89,,0.0075535420169248,-0.0077486698745239,0.1117893274476967,0.1383972356663821,0.148436550004581,-0.9899999999999984,-1.5500000000000007,0.0474634499954189,-0.8099999999999996,0.2000000000000001,0.2299999999999995,0.46139610748716764
2023-03-03,4045.64,18.49,3.97,4.86,,0.0160188002574141,0.0188635878046173,0.1336631599649271,0.1590203948942126,0.1505840845228472,-1.1000000000000014,-3.1800000000000037,0.0343159154771527,-0.8900000000000001,0.02,0.08,0.44924507585145285
2023-03-06,4048.42,18.61,3.98,4.89,,0.0006869235239955,0.0164822064974446,0.1355102190161068,0.1589506307791644,0.1471163135885966,0.120000000000001,-2.34,0.0389836864114033,-0.9099999999999996,0.06,0.1099999999999994,0.44975269293889386
2023-03-07,3986.37,19.59,3.97,5.0,,-0.0154456391739597,0.0040771650091044,0.1897994767323068,0.1435538540665585,0.1548611311737955,0.9800000000000004,-1.1099999999999994,0.0410388688262044,-1.0299999999999998,0.0500000000000002,0.1900000000000004,0.4576689920439619
2023-03-08,3992.01,19.11,3.98,5.05,,0.0014138210863556,0.0102274477107303,0.1833791420111876,0.1435800232737505,0.1459043180098223,-0.4800000000000004,-1.4699999999999989,0.0451956819901777,-1.0699999999999998,-0.0299999999999998,0.1600000000000001,0.4704508688179524
2023-03-09,3918.32,22.61,3.93,4.9,,-0.0186318729452824,-0.015957967251477,0.2236356799444323,0.1672447896215241,0.154238242767001,3.5,3.02,0.0718617572329989,-0.9700000000000002,-0.1499999999999999,0.0100000000000006,0.45850011797792384
2023-03-10,3861.59,24.8,3.7,4.6,,-0.0145839747501901,-0.0465607422590814,0.1521174226568621,0.1738092329507182,0.1586473313509483,2.1900000000000013,6.310000000000002,0.0893526686490516,-0.8999999999999995,-0.27,-0.2600000000000007,0.43308694447537166
2023-03-13,3855.76,26.52,3.55,4.03,,-0.001510881613259,-0.048758547396336,0.1435763988422843,0.1709999926766379,0.1576524811890067,1.7199999999999989,7.91,0.1075475188109932,-0.4800000000000004,-0.4300000000000001,-0.8599999999999994,0.45481325304301057
2023-03-14,3919.29,23.73,3.64,4.2,,0.0163423808013715,-0.0169705274210046,0.2207633159691662,0.1972603657801235,0.164469310175566,-2.789999999999999,4.140000000000001,0.0728306898244339,-0.56,-0.33,-0.7999999999999998,0.4260035740081533
2023-03-15,3891.93,26.14,3.51,3.93,,-0.0070053363982352,-0.0253896849055954,0.2172753785817995,0.1986941308960632,0.1648854040558822,2.41,7.030000000000001,0.0965145959441178,-0.4200000000000004,-0.4700000000000002,-1.1199999999999997,0.4884210316091977
2023-03-16,3960.28,22.99,3.56,4.14,,0.0174095512869645,0.0106517393266517,0.2261105906582845,0.2166408173322255,0.1792901906480123,-3.150000000000002,0.379999999999999,0.0506098093519876,-0.5799999999999996,-0.3700000000000001,-0.7600000000000007,0.4054796997336871
2023-03-17,3916.64,25.51,3.39,3.81,,-0.0110805864492273,0.0141551276276145,0.2106334330727507,0.2008101143946657,0.1771529336757032,2.520000000000003,0.7100000000000009,0.0779470663242967,-0.4199999999999999,-0.31,-0.7899999999999996,0.37609023271681363
2023-03-20,3951.57,24.15,3.47,3.92,,0.0088788249095972,0.0245448341504708,0.2100545592319246,0.2093263590766825,0.1814046605129852,-1.360000000000003,-2.370000000000001,0.0600953394870147,-0.4499999999999997,-0.0799999999999996,-0.1100000000000003,0.3496572900226899
2023-03-21,4002.87,21.38,3.59,4.17,,0.0128986355419847,0.0211010888910838,0.1993979344597729,0.2083026645658764,0.1742012693637001,-2.77,-2.3500000000000014,0.0395987306362999,-0.5800000000000001,-0.0500000000000002,-0.0300000000000002,0.28453286775039016
2023-03-22,3936.97,22.26,3.48,3.96,,-0.0166002119224959,0.011506213366823,0.2407708971396022,0.2248510134842805,0.1839725875238437,0.8800000000000026,-3.879999999999999,0.0386274124761562,-0.48,-0.0299999999999998,0.0299999999999998,0.24875383864617792
2023-03-23,3948.72,22.61,3.38,3.76,,0.0029800838470393,-0.0029232540731019,0.2024741329229357,0.2036148221185105,0.183147803722152,0.3499999999999978,-0.379999999999999,0.0429521962778479,-0.3799999999999999,-0.1800000000000001,-0.3799999999999999,0.26043248078749553
2023-03-24,3970.99,21.74,3.38,3.76,,0.0056239581242103,0.0137812905003356,0.181570712922759,0.1853947708368847,0.1806750534773106,-0.870000000000001,-3.770000000000003,0.0367249465226893,-0.3799999999999999,-0.0100000000000002,-0.0500000000000002,0.3341056557568952
2023-03-27,3977.53,20.6,3.53,3.94,,0.0016455897389303,0.006548055329669,0.1732766705478222,0.1840147239425064,0.1804262574292621,-1.139999999999997,-3.549999999999997,0.0255737425707378,-0.4100000000000001,0.0599999999999996,0.02,0.33820013877966315
2023-03-28,3971.27,19.97,3.55,4.02,,-0.0015750808409301,-0.0079256610532458,0.1394570016460848,0.1693331634023067,0.1801798925950805,-0.6300000000000026,-1.41,0.0195201074049194,-0.4699999999999997,-0.04,-0.1500000000000003,0.34967438153127856
2023-03-29,4027.81,19.12,3.57,4.08,,0.0141368611458865,0.0228114120151365,0.0944090860666303,0.1734472546083682,0.1859425216425928,-0.8499999999999979,-3.140000000000001,0.0052574783574071,-0.5100000000000002,0.0899999999999998,0.1200000000000001,0.2710701139853206
2023-03-30,4050.83,19.02,3.55,4.1,,0.0056989944606091,0.0255303226287065,0.0935073385133884,0.1561194910312018,0.1851849956473154,-0.1000000000000014,-3.59,0.0050150043526845,-0.5499999999999998,0.1699999999999999,0.3399999999999998,0.26174617739210093
2023-03-31,4109.31,18.7,3.48,4.06,,0.0143333328094268,0.034239697313923,0.1146078126181144,0.1471804891708648,0.1834441704144805,-0.3200000000000003,-3.039999999999999,0.0035558295855194,-0.5799999999999996,0.1,0.2999999999999998,0.13034176390630797
2023-04-03,4124.51,18.55,3.43,3.97,,0.0036920936495169,0.0362862012245095,0.1095653213220136,0.1454507405221438,0.1837337037397967,-0.1499999999999985,-2.0500000000000007,0.0017662962602032,-0.54,-0.0999999999999996,0.0300000000000002,0.11642274163172972
2023-04-04,4100.6,19.0,3.35,3.84,,-0.0058139203852082,0.0320473616802313,0.1327683040204265,0.1447481888633083,0.1753363503495975,0.4499999999999993,-0.9699999999999988,0.0146636496504024,-0.4899999999999997,-0.1999999999999997,-0.1799999999999997,0.09676069844762962
2023-04-05,4090.38,19.08,3.3,3.79,,-0.0024954291924703,0.0154150713418745,0.1239987254999757,0.104633553883787,0.1758842422850823,0.0799999999999983,-0.0400000000000027,0.0149157577149176,-0.4900000000000002,-0.27,-0.29,0.2270213002457295
2023-04-06,4105.02,18.4,3.3,3.82,,0.0035727397253701,0.0132888166066355,0.1220766070756579,0.1045421839577976,0.1595507011573686,-0.6799999999999997,-0.620000000000001,0.0244492988426313,-0.52,-0.25,-0.2799999999999998,0.22226871931464617
2023-04-10,4109.11,18.97,3.41,4.0,,0.0009958450470119,-4.867115577937085e-05,0.0651706529555045,0.1049635400345894,0.1467166990180979,0.5700000000000003,0.2699999999999996,0.042983300981902,-0.5899999999999999,-0.0699999999999998,-0.0599999999999996,0.2278136279185274
2023-04-11,4108.94,19.1,3.43,4.03,,-4.137234502690973e-05,-0.0037821371503232,0.0566420887531711,0.1060971416883276,0.1461951274894863,0.1300000000000025,0.5500000000000007,0.0448048725105136,-0.6000000000000001,0.0,0.06,0.22821643908203884
2023-04-12,4091.95,19.09,3.41,3.95,,-0.0041434586507983,-0.0021116754159135,0.0477961568584283,0.1100767126437255,0.1396715781200396,-0.0100000000000015,0.0899999999999998,0.0512284218799603,-0.54,0.06,0.1100000000000003,0.21853634147284523
2023-04-13,4146.22,17.8,3.45,3.96,,0.01317544674833,0.0135592005248868,0.1028014275849436,0.1074254599555807,0.1404836315953523,-1.2899999999999991,-1.2799999999999976,0.0375163684046476,-0.5099999999999998,0.1500000000000003,0.1699999999999999,0.1139972726914107
2023-04-14,4137.64,17.07,3.52,4.08,,-0.002071498810492,0.0079149619890244,0.107524408591811,0.108824282038861,0.1309819173490412,-0.7300000000000004,-1.3299999999999983,0.0397180826509587,-0.56,0.2200000000000002,0.2600000000000002,0.11008816838067675
2023-04-17,4151.32,16.95,3.6,4.18,,0.0033007789687629,0.0102198959107755,0.1079756418539365,0.0858169812226981,0.1212415321906188,-0.120000000000001,-2.02,0.0482584678093811,-0.5799999999999996,0.1899999999999999,0.1799999999999997,0.0977569368428334
2023-04-18,4154.87,16.83,3.58,4.19,,0.0008547842551524,0.0111160525109549,0.10706888582427,0.0845127095704881,0.119332419208668,-0.120000000000001,-2.270000000000003,0.0489675807913319,-0.6100000000000003,0.1499999999999999,0.1600000000000001,0.2708845344536404
2023-04-19,4154.52,16.46,3.6,4.24,,-8.424204429116194e-05,0.0151752691174621,0.0950678407610232,0.0766088164366024,0.1130741001099372,-0.3699999999999974,-2.629999999999999,0.0515258998900628,-0.6400000000000001,0.1899999999999999,0.29,0.277685461853403
2023-04-20,4129.79,17.17,3.54,4.14,,-0.0059703399458197,-0.0039705175766874,0.0552286648530731,0.0831445123205379,0.0948917034421046,0.7100000000000009,-0.629999999999999,0.0768082965578953,-0.5999999999999996,0.0899999999999998,0.1799999999999997,0.40341825589447167
2023-04-21,4133.52,16.77,3.57,4.17,,0.0009027859909253,-0.00099623277527,0.054930373743475,0.0818647219449186,0.0950070146834938,-0.4000000000000021,-0.3000000000000007,0.0726929853165061,-0.6000000000000001,0.0499999999999998,0.0899999999999998,0.4237516812504268
2023-04-24,4137.04,16.89,3.52,4.12,,0.0008512120612239,-0.0034457996828091,0.0473233359823986,0.0818529037004203,0.0942913884042071,0.120000000000001,-0.0599999999999987,0.0746086115957928,-0.6000000000000001,-0.08,-0.0599999999999996,0.42358055473785544
2023-04-25,4071.63,18.76,3.4,3.86,,-0.0159371455949679,-0.0202377295329296,0.1148219490070481,0.1170775660656858,0.1139034422120697,1.870000000000001,1.9300000000000035,0.0736965577879302,-0.4599999999999999,-0.1800000000000001,-0.3300000000000005,0.3868324020261083
2023-04-26,4055.99,18.84,3.43,3.9,,-0.0038486098771117,-0.0240020973657501,0.1096286248611776,0.1168588622924501,0.114911361070744,0.0799999999999983,2.379999999999999,0.073488638929256,-0.4699999999999997,-0.1699999999999999,-0.3400000000000003,0.39791408482456836
2023-04-27,4135.35,17.03,3.53,4.07,,0.0193771673800021,0.0013454099600716,0.2016525841265882,0.139669454778078,0.1239718635899004,-1.8099999999999987,-0.1400000000000005,0.0463281364100996,-0.5400000000000005,-0.0100000000000002,-0.0699999999999994,0.27738630048416973
2023-04-28,4169.48,15.78,3.44,4.04,,0.0082193596125703,0.0086619835817166,0.2096329991915882,0.1453746294720529,0.1254671000226103,-1.2500000000000018,-0.9900000000000002,0.0323328999773896,-0.6000000000000001,-0.1299999999999999,-0.1299999999999999,0.37995746161887867
2023-05-01,4167.87,16.08,3.59,4.14,,-0.0003862138497272,0.0074245576707655,0.2101441373790044,0.1447518858337077,0.1159269579905788,0.2999999999999989,-0.8100000000000023,0.044873042009421,-0.5499999999999998,0.0699999999999998,0.0199999999999995,0.37997574688830565
2023-05-02,4119.58,17.78,3.44,3.97,,-0.011653897528004,0.0117078057377294,0.1888986781396272,0.156767413119163,0.1232534215611263,1.7000000000000028,-0.9800000000000004,0.0545465784388737,-0.5300000000000002,0.04,0.1100000000000003,0.3398021781158204
2023-05-03,4090.75,18.34,3.38,3.89,,-0.0070228890905811,0.0085335265242598,0.1966376341934498,0.1596576414264752,0.1240739852722356,0.5599999999999987,-0.5,0.0593260147277643,-0.5100000000000002,-0.0500000000000002,-0.0099999999999997,0.32875612596144094
2023-05-04,4061.22,20.09,3.37,3.75,,-0.0072449062412514,-0.0180885470969935,0.1229354552985605,0.1607707361180143,0.1264033959249556,1.75,3.0599999999999987,0.0744966040750443,-0.3799999999999999,-0.1599999999999997,-0.3200000000000003,0.30916025837045463
2023-05-05,4136.25,17.19,3.44,3.92,,0.0183061591680684,-0.0080017475414956,0.1878434609378817,0.1897138708187741,0.1422992020921446,-2.8999999999999986,1.410000000000002,0.0296007979078553,-0.48,0.0,-0.1200000000000001,0.10846055300051355
2023-05-08,4138.12,16.98,3.52,4.0,,0.0004519981658632,-0.0071635355259049,0.1882785367914325,0.1896781887639179,0.1422810250915781,-0.2100000000000008,0.9000000000000021,0.0275189749084218,-0.48,-0.0699999999999998,-0.1399999999999996,0.11794487238188331
2023-05-09,4119.17,17.71,3.53,4.01,,-0.004589891663841,-9.952966174191836e-05,0.1699007217333984,0.170525030830748,0.1433597046776158,0.7300000000000004,-0.0700000000000002,0.0337402953223842,-0.48,0.0899999999999998,0.0399999999999995,0.1375426851959255
2023-05-10,4137.64,16.94,3.43,3.9,,0.0044738902330266,0.011397249661866,0.1593218177498693,0.1687884494819015,0.1432204790954837,-0.7699999999999996,-1.3999999999999986,0.0261795209045163,-0.4699999999999997,0.0500000000000002,0.0099999999999997,0.2215524612891175
2023-05-11,4130.62,16.93,3.39,3.89,,-0.0016980602174566,0.0169440956856605,0.1423991796623189,0.1384398059616745,0.1353525322559088,-0.0100000000000015,-3.16,0.0339474677440912,-0.5,0.02,0.1400000000000001,0.2657616649613597
2023-05-12,4124.08,17.03,3.46,3.98,,-0.0015845521626198,-0.0029466156450275,0.0532120553815108,0.1304312183379717,0.1352736961481642,0.1000000000000014,-0.1600000000000001,0.0350263038518358,-0.52,0.02,0.06,0.26556382878233165
2023-05-15,4136.28,17.12,3.5,3.99,,0.0029538685652344,-0.0004447452456562,0.0589513016929466,0.1320075063310901,0.1351614007708442,0.0899999999999998,0.1400000000000005,0.0360385992291558,-0.4900000000000002,-0.02,-0.0099999999999997,0.261402791674423
2023-05-16,4109.9,17.99,3.54,4.06,,-0.0063981358619931,-0.0022529894438084,0.0683047615372439,0.1221310975870631,0.1368651009814637,0.8699999999999974,0.2799999999999976,0.0430348990185362,-0.5199999999999996,0.0100000000000002,0.0499999999999998,0.3001848642007668
2023-05-17,4158.77,16.87,3.57,4.12,,0.0118206601644478,0.0050937804876128,0.1092906497379891,0.1292339999813391,0.1437464408267277,-1.1199999999999974,-0.0700000000000002,0.0249535591732723,-0.5500000000000003,0.1399999999999996,0.2200000000000002,0.26171871985125367
2023-05-18,4198.05,16.05,3.65,4.24,,0.0094007742847056,0.0161926149897751,0.1198064514546272,0.1240692816042526,0.1455502330019608,-0.8200000000000003,-0.879999999999999,0.0149497669980391,-0.5900000000000003,0.2599999999999998,0.3500000000000001,0.2557069886623892
2023-05-19,4191.98,16.81,3.7,4.28,,-0.0014469557460591,0.0163302114063361,0.1194609628779663,0.0929599667121159,0.1457712538714952,0.759999999999998,-0.2200000000000024,0.0223287461285047,-0.5800000000000001,0.2400000000000002,0.3000000000000002,0.32743658720790597
2023-05-22,4192.63,17.21,3.72,4.29,,0.000155045971441,0.0135313888125427,0.1215558060543556,0.0930511534182658,0.145782759922952,0.4000000000000021,0.0899999999999998,0.026317240077048,-0.5699999999999998,0.2200000000000002,0.2999999999999998,0.3274274432115659
2023-05-23,4145.58,18.53,3.7,4.26,,-0.0112855155644899,0.0086440091100458,0.1469227011587306,0.1095443317719724,0.1395578902521053,1.3200000000000005,0.5400000000000027,0.0457421097478946,-0.5599999999999996,0.1600000000000001,0.2000000000000001,0.29081704120834434
2023-05-24,4115.24,20.03,3.73,4.31,,-0.0073455507858671,-0.0105222018402693,0.1254158732473552,0.1139393571221224,0.1416720416196224,1.5,3.16,0.0586279583803775,-0.5799999999999996,0.1600000000000001,0.1899999999999995,0.30856152535880105
2023-05-25,4151.28,19.14,3.83,4.5,,0.0087195647855632,-0.0112034113394118,0.1215113535832466,0.1226503813268486,0.127393360348459,-0.8900000000000006,3.09,0.064006639651541,-0.6699999999999999,0.1800000000000001,0.2599999999999998,0.3584990875990205
2023-05-26,4205.45,17.95,3.8,4.54,,0.0129645827353135,0.0032081271419608,0.1633217666314803,0.1366743289049454,0.1323751656766133,-1.1900000000000013,1.1400000000000006,0.0471248343233866,-0.7400000000000002,0.0999999999999996,0.2599999999999998,0.2952608326586322
2023-05-30,4205.52,17.46,3.69,4.46,,1.6644929182328236e-05,0.0030697260997018,0.1633506966348598,0.1368677809874043,0.1323499618789106,-0.4899999999999984,0.25,0.0422500381210893,-0.77,-0.0300000000000002,0.1699999999999999,0.29761028589970406
2023-05-31,4179.83,17.94,3.64,4.4,,-0.0061273722329718,0.00822786943122,0.1424452355768415,0.1364274593399283,0.1269920813932959,0.4800000000000004,-0.5899999999999999,0.052407918606704,-0.7600000000000002,-0.06,0.1400000000000005,0.2877264512291435
2023-06-01,4221.02,15.65,3.61,4.33,,0.0098062291496653,0.0253796493667525,0.1252459921434569,0.1325578116344703,0.1274219318992905,-2.290000000000001,-4.380000000000001,0.0290780681007094,-0.7200000000000002,-0.1200000000000001,0.0200000000000004,0.26104706771831765
2023-06-02,4282.37,14.6,3.69,4.5,,0.0144297896521436,0.031089874233333,0.1412497342521144,0.1429614479571533,0.1307252301974238,-1.0500000000000007,-4.540000000000001,0.0152747698025761,-0.81,-0.1400000000000001,0.0,0.12651574588132922
2023-06-05,4273.79,14.73,3.69,4.46,,-0.0020055732655681,0.0161197182324514,0.1360907375441407,0.1433642697826609,0.1176969867379162,0.1300000000000007,-3.219999999999999,0.0296030132620837,-0.77,-0.1099999999999998,-0.08,0.19153233852537233
2023-06-06,4283.85,13.96,3.7,4.51,,0.00235111657749,0.0184541898807592,0.1336111926597924,0.1430252437202745,0.1176367291310186,-0.7699999999999996,-3.5,0.0219632708689813,-0.8099999999999996,0.0100000000000002,0.0499999999999998,0.21753049402564942
2023-06-07,4267.52,13.94,3.79,4.56,,-0.0038192757067673,0.0207622864069636,0.1235520688616162,0.1274459571648301,0.1171182438103712,-0.0200000000000013,-4.000000000000002,0.0222817561896287,-0.7699999999999996,0.1499999999999999,0.1599999999999992,0.20931480331756724
2023-06-08,4293.93,13.65,3.73,4.52,,0.0061695352470969,0.0171255925043952,0.115503204788389,0.1144198204059949,0.1177903726990276,-0.2899999999999991,-2.0,0.0187096273009723,-0.7899999999999996,0.1200000000000001,0.1899999999999995,0.2667283742173441
2023-06-09,4298.86,13.83,3.75,4.59,,0.0011474737636884,0.00384327661594,0.0617693024254793,0.1124354822668141,0.1170832693068986,0.1799999999999997,-0.7699999999999996,0.0212167306931013,-0.8399999999999999,0.06,0.0899999999999998,0.2724369509377755
2023-06-12,4338.93,15.01,3.73,4.55,,0.0092779026656844,0.0151267525471926,0.0792971895982936,0.1050184000869768,0.1190103581043453,1.1799999999999995,0.2799999999999993,0.0310896418956547,-0.8199999999999998,0.04,0.0899999999999998,0.24126116910171658
2023-06-13,4369.01,14.61,3.84,4.67,,0.0069086648833658,0.0196843008530683,0.0833530775486284,0.1050062841097847,0.1200167971569342,-0.4000000000000003,0.6499999999999986,0.0260832028430658,-0.8300000000000001,0.1399999999999996,0.1600000000000001,0.23054041109461637
2023-06-14,4372.59,13.88,3.83,4.74,,0.0008190720692196,0.0243226486290554,0.0591533781299022,0.0915158657594411,0.1153753035564684,-0.7299999999999986,-0.0599999999999987,0.0234246964435316,-0.91,0.04,0.1800000000000006,0.23756462195702668
2023-06-15,4425.84,14.5,3.72,4.62,,0.0121045800636526,0.0302576934456112,0.0790591768473807,0.095865164182696,0.1156640435059482,0.6199999999999992,0.8499999999999996,0.0293359564940517,-0.8999999999999999,-0.0099999999999997,0.1000000000000005,0.18549745236666518
2023-06-16,4409.59,13.54,3.77,4.7,,-0.0036783763376504,0.0254318433442722,0.1020101073172888,0.0873250017942721,0.1155497920858027,-0.9600000000000009,-0.2900000000000009,0.0198502079141972,-0.9300000000000002,0.02,0.1100000000000003,0.18998828268860082
2023-06-20,4388.71,13.88,3.74,4.68,,-0.0047463803686906,0.011407560309897,0.113631286550231,0.0925857143381926,0.1176039770934063,0.3400000000000016,-1.129999999999999,0.0211960229065936,-0.9399999999999996,0.0100000000000002,0.1299999999999999,0.2512264353819531
2023-06-21,4365.69,13.2,3.72,4.68,,-0.0052590818461865,-0.0007601864196552,0.1152386174690246,0.1007988755890111,0.1204454158855725,-0.6800000000000015,-1.41,0.0115545841144274,-0.9599999999999996,-0.1199999999999996,0.0099999999999997,0.2370158497802312
2023-06-22,4381.89,12.91,3.8,4.77,,0.0037038857650539,0.0021246272761789,0.118542652593938,0.0958142211334626,0.1097573897104275,-0.2899999999999991,-0.9700000000000006,0.0193426102895724,-0.9699999999999998,-0.0300000000000002,0.0299999999999993,0.24029159314693546
2023-06-23,4348.33,13.44,3.74,4.71,,-0.0076882748223071,-0.0176682276097807,0.068330309863608,0.1062278814971532,0.1101823223582833,0.5299999999999994,-1.0600000000000005,0.0242176776417166,-0.9699999999999998,0.02,0.0899999999999998,0.28340336451906045
2023-06-26,4328.82,14.25,3.72,4.65,,-0.004496875789266,-0.0184867270613963,0.0686856791039103,0.1101019360323452,0.1106791296139132,0.8100000000000005,0.7100000000000009,0.0318208703860867,-0.9300000000000002,-0.0499999999999998,-0.0499999999999998,0.2748936415224543
2023-06-27,4378.41,13.74,3.77,4.74,,0.0113906572305121,-0.0023496894621934,0.1253360097797724,0.1151106419150493,0.1087530583075676,-0.5099999999999998,-0.1400000000000005,0.0286469416924323,-0.9700000000000002,0.0299999999999998,0.0600000000000005,0.20940031188139088
2023-06-28,4376.86,13.43,3.71,4.71,,-0.0003540724651995,0.0025553199187936,0.1181602917531135,0.1101736947263394,0.1088513335652846,-0.3100000000000005,0.2300000000000004,0.0254486664347153,-1.0,-0.0100000000000002,0.0300000000000002,0.24445903749362835
2023-06-29,4396.44,13.54,3.85,4.87,,0.0044635502053141,0.0033149843590537,0.1195681793199346,0.1122652350953749,0.10478343613619,0.1099999999999994,0.629999999999999,0.0306165638638099,-1.02,0.0500000000000002,0.1000000000000005,0.23835735786508397
2023-06-30,4450.38,13.59,3.81,4.87,,0.0121943632663627,0.0231976224477235,0.1153209985046942,0.1125247142394102,0.1072968083356412,0.0500000000000007,0.1500000000000003,0.0286031916643587,-1.06,0.0699999999999998,0.1600000000000001,0.14420617860847496
2023-07-03,4455.59,13.57,3.86,4.94,,0.0011700018289601,0.0288645000659499,0.09161779603466,0.1100242739684621,0.0978932161787652,-0.0199999999999995,-0.6799999999999997,0.0378067838212347,-1.0800000000000003,0.1399999999999996,0.29,0.17840678171282426
2023-07-05,4446.82,14.18,3.95,4.94,,-0.0019702536362673,0.0155035891991701,0.0890705930736571,0.1067723333275218,0.0978742097393051,0.6099999999999994,0.4399999999999995,0.0439257902606948,-0.9900000000000002,0.1800000000000001,0.2000000000000001,0.21116337953946906
2023-07-06,4411.59,15.44,4.05,4.99,,-0.0079540652874783,0.0079035963768914,0.1189662688470953,0.1121408504324111,0.1040057598615642,1.2599999999999998,2.01,0.0503942401384357,-0.9400000000000004,0.3399999999999998,0.2800000000000002,0.2158104919504974
2023-07-07,4398.95,14.83,4.06,4.94,,-0.0028692926136023,0.0005707535579748,0.1191614574467972,0.1126320390646222,0.1034180989229596,-0.6099999999999994,1.290000000000001,0.0448819010770403,-0.8800000000000008,0.2099999999999995,0.0700000000000002,0.21157552262225304
2023-07-10,4409.53,15.07,4.01,4.85,,0.0024022317330228,-0.0092213779753649,0.0642450734218755,0.1033819437538388,0.1020252635555672,0.2400000000000002,1.4800000000000004,0.0486747364444327,-0.8399999999999999,0.1999999999999997,-0.0200000000000004,0.216889976337097
2023-07-11,4439.26,14.84,3.99,4.88,,0.0067195880716203,-0.0036717917327048,0.0882460823675768,0.1007757386868234,0.1037961444853678,-0.2300000000000004,1.2699999999999996,0.0446038555146321,-0.8899999999999997,0.1300000000000003,-0.0600000000000005,0.21985844206054916
2023-07-12,4472.16,13.54,3.86,4.72,,0.0073838175010528,0.0056822794046154,0.1036371586078491,0.0925728959351828,0.1021441503201484,-1.3000000000000007,-0.6400000000000006,0.0332558496798515,-0.8599999999999999,-0.0900000000000003,-0.2200000000000006,0.1897266459707485
2023-07-13,4510.04,13.61,3.76,4.59,,0.0084345092667695,0.0220708539588632,0.0742010607647481,0.0964324772921899,0.103349820432255,0.0700000000000002,-1.83,0.0327501795677449,-0.8300000000000001,-0.29,-0.4000000000000003,0.17219772404116454
2023-07-14,4505.42,13.34,3.83,4.74,,-0.0010249061954501,0.0239152403770154,0.0631238666619929,0.0980189446353781,0.1037384371788243,-0.2699999999999996,-1.4900000000000002,0.0296615628211756,-0.91,-0.2299999999999995,-0.2000000000000001,0.1715045707321099
2023-07-17,4522.79,13.48,3.81,4.74,,0.0038479435973795,0.0253609522413721,0.060467131043682,0.0825109017549078,0.0964220979373215,0.1400000000000005,-1.59,0.0383779020626784,-0.9300000000000002,-0.1999999999999997,-0.1099999999999994,0.17253136128591945
2023-07-18,4554.98,13.3,3.8,4.74,,0.0070920798661324,0.0257334440358842,0.0611603290358947,0.0868596943014637,0.0969453428361414,-0.1799999999999997,-1.5399999999999991,0.0360546571638585,-0.9400000000000004,-0.1900000000000004,-0.1399999999999996,0.13814111367604648
2023-07-19,4565.72,13.76,3.75,4.74,,0.0023550834835142,0.0207047100183456,0.0599801536704961,0.0836926175806409,0.0939903447909588,0.4599999999999991,0.2200000000000006,0.0436096552090412,-0.9900000000000002,-0.1099999999999998,0.0200000000000004,0.13300887244626727
2023-07-20,4534.87,13.99,3.85,4.8,,-0.0067798061818515,0.0054903945697246,0.0838641412723341,0.0796406788892186,0.095682931355016,0.2300000000000004,0.3800000000000008,0.0442170686449839,-0.9499999999999996,0.0900000000000003,0.2099999999999999,0.12875153046394947
2023-07-21,4536.34,13.6,3.84,4.82,,0.0003241023001049,0.0068394030652797,0.0822438980925398,0.074790557636842,0.095590368783551,-0.3900000000000005,0.2599999999999998,0.0404096312164489,-0.9800000000000004,0.0099999999999997,0.08,0.20223270782056182
2023-07-24,4554.64,13.91,3.86,4.81,,0.0040259740353417,0.0070174335032417,0.0825910924818243,0.0748254739037756,0.0891028233577415,0.3100000000000005,0.4299999999999997,0.0499971766422584,-0.9499999999999996,0.0499999999999998,0.0699999999999994,0.19327786717592088
2023-07-25,4567.46,13.86,3.91,4.85,,0.0028107581456501,0.0027361117827598,0.0683843135890792,0.0722616453502129,0.0853885082433035,-0.0500000000000007,0.5599999999999987,0.0532114917566964,-0.9399999999999996,0.1100000000000003,0.1099999999999994,0.19276957454003063
2023-07-26,4566.75,13.19,3.86,4.82,,-0.0001554595310223,0.0002255687682231,0.0664996160392345,0.0688379988528915,0.079397906455433,-0.6699999999999999,-0.5700000000000003,0.0525020935445669,-0.9600000000000004,0.1099999999999998,0.08,0.29342310541373307
2023-07-27,4537.41,14.41,4.01,4.91,,-0.0064454274911412,0.0005599474589334,0.0643450738644981,0.070951098548729,0.0846700415645342,1.2200000000000006,0.4199999999999999,0.0594299584354657,-0.9000000000000004,0.1599999999999997,0.1100000000000003,0.27797185695733423
2023-07-28,4582.23,13.33,3.96,4.87,,0.0098294145087675,0.010065259667596,0.0945939635002711,0.0837393720070502,0.0889423729244879,-1.08,-0.2699999999999996,0.044357627075512,-0.91,0.1200000000000001,0.0499999999999998,0.24502477644876292
2023-07-31,4588.96,13.63,3.97,4.88,,0.0014676396864565,0.0075069253187108,0.0928925400421697,0.0828702387187277,0.080496028266544,0.3000000000000007,-0.2799999999999993,0.0558039717334559,-0.9099999999999996,0.1100000000000003,0.0700000000000002,0.282545476535388
2023-08-01,4576.73,13.93,4.05,4.92,,-0.002668649552448,0.0020275176206124,0.0961157156142687,0.0786491743233279,0.0818673137511014,0.2999999999999989,0.0700000000000002,0.0574326862488986,-0.8700000000000001,0.1399999999999996,0.0700000000000002,0.28729828876074864
2023-08-02,4513.39,16.09,4.08,4.88,,-0.013936235197657,-0.0117532580460222,0.1406546385885871,0.1056407491421939,0.097762490681234,2.16,2.9000000000000004,0.0631375093187659,-0.7999999999999998,0.2200000000000002,0.0599999999999996,0.2148737682484334
2023-08-03,4501.89,15.92,4.2,4.9,,-0.0025512255276715,-0.0078590560825524,0.136157454101743,0.1013808714108976,0.0931604586629478,-0.1699999999999999,1.5099999999999998,0.0660395413370522,-0.7000000000000002,0.1900000000000004,-0.0099999999999997,0.21106009489342262
2023-08-04,4478.03,17.1,4.05,4.78,,-0.0053140910274567,-0.0230025616187767,0.091336742177064,0.1036647319677186,0.0948997427351244,1.1800000000000015,3.770000000000002,0.0761002572648755,-0.7300000000000004,0.0899999999999998,-0.0899999999999998,0.19421281705968874
2023-08-07,4518.44,15.77,4.09,4.76,,0.0089835839552586,-0.0154866173499745,0.1301386244900104,0.1133253222810123,0.0990735717857641,-1.3300000000000018,2.139999999999999,0.0586264282142358,-0.6699999999999999,0.1199999999999996,-0.1200000000000001,0.16020677096190403
2023-08-08,4499.38,15.99,4.02,4.74,4.0,-0.004227192022498,-0.0170451598200244,0.1302854731647318,0.1125547127435351,0.0986330512764358,0.2200000000000006,2.0600000000000005,0.0612669487235642,-0.7200000000000006,-0.0300000000000002,-0.1799999999999997,0.23489992666559323
2023-08-09,4467.71,15.96,4.0,4.79,3.94,-0.007063636404007,-0.0101725610263745,0.1011870717907979,0.1155437234285685,0.0989265882909475,-0.0299999999999993,-0.129999999999999,0.0606734117090524,-0.79,-0.08,-0.0899999999999998,0.23895447710749468
2023-08-10,4468.83,15.85,4.09,4.82,3.83,0.0002506562955828,-0.0073706792031201,0.1022353746213752,0.1135144175999814,0.0937471509168048,-0.1100000000000012,-0.0700000000000002,0.0647528490831951,-0.7300000000000004,-0.1100000000000003,-0.08,0.268683647235171
2023-08-11,4464.05,14.84,4.16,4.89,3.83,-0.0010702036647139,-0.0031267918403774,0.0964700293079734,0.0946048113392145,0.0937509155882641,-1.0099999999999998,-2.2600000000000016,0.0546490844117359,-0.7299999999999995,0.1100000000000003,0.1099999999999994,0.268156396175782
2023-08-14,4489.72,14.82,4.19,4.96,3.79,0.0057339132747375,-0.0063764625208988,0.0768390884223472,0.1019001147008186,0.095129541685425,-0.0199999999999995,-0.9499999999999992,0.0530704583145749,-0.7699999999999996,0.1000000000000005,0.2000000000000001,0.2747117443647735
2023-08-15,4437.86,16.46,4.21,4.92,3.85,-0.0116180607363658,-0.0137673312347665,0.1068002683954773,0.1124441393296733,0.098785177396615,1.6400000000000006,0.4700000000000006,0.0658148226033849,-0.71,0.1900000000000004,0.1799999999999997,0.2083293152252235
2023-08-16,4404.33,16.78,4.28,4.97,3.81,-0.0075841303382103,-0.0142878251689699,0.1081786577236277,0.0989907706089596,0.1001944618414276,0.3200000000000003,0.8200000000000003,0.0676055381585723,-0.6899999999999995,0.2800000000000002,0.1799999999999997,0.243539616203085
2023-08-17,4370.36,17.89,4.3,4.94,3.95,-0.007742762356125,-0.0222812438206777,0.1085928513430949,0.1025131455879277,0.1008852406094066,1.1099999999999994,2.040000000000001,0.0780147593905933,-0.6400000000000006,0.2099999999999999,0.1200000000000001,0.3007788594008033
2023-08-18,4369.71,17.3,4.26,4.92,4.02,-0.0001487402277551,-0.0213597803837189,0.110581808880049,0.1024785870285116,0.1007641321398441,-0.5899999999999999,2.460000000000001,0.0722358678601558,-0.6600000000000001,0.0999999999999996,0.0300000000000002,0.318997672849291
2023-08-21,4399.77,17.13,4.34,4.97,3.97,0.0068556214812669,-0.0202380721771893,0.1170723413036824,0.0961958354565469,0.1034260095595498,-0.1700000000000017,2.3099999999999987,0.0678739904404501,-0.6299999999999999,0.1499999999999994,0.0099999999999997,0.3158224404414812
2023-08-22,4387.55,16.97,4.34,5.02,3.93,-0.0027812820922299,-0.0114012935330536,0.0959812912410282,0.0958099364932649,0.1020658457380144,-0.1600000000000001,0.509999999999998,0.0676341542619855,-0.6799999999999997,0.1299999999999999,0.0999999999999996,0.38740030803488984
2023-08-23,4436.01,15.98,4.19,4.95,3.92,0.0109843390302714,0.0071671758354282,0.119082510075755,0.1131042070577187,0.1119323234307644,-0.9899999999999984,-0.8000000000000007,0.0478676765692355,-0.7599999999999998,-0.0899999999999998,-0.0199999999999995,0.35122959066681775
2023-08-24,4376.31,17.2,4.23,4.98,3.91,-0.0135494202074992,0.001360517984054,0.1503118686261425,0.1297987202307483,0.1187671667137222,1.2199999999999989,-0.6900000000000013,0.0532328332862777,-0.75,-0.0699999999999994,0.04,0.2788225987168803
2023-08-25,4405.71,15.68,4.25,5.03,3.9,0.0066955233154781,0.0082047815272871,0.1568173028652902,0.1371561994473009,0.1151607679982281,-1.5199999999999996,-1.620000000000001,0.0416392320017718,-0.7800000000000002,-0.0099999999999997,0.1100000000000003,0.25934364460697273
2023-08-28,4433.31,15.08,4.2,4.98,3.86,0.0062450565111568,0.0075942165571769,0.1555933311396285,0.137913703226117,0.1182560406444522,-0.5999999999999996,-2.049999999999999,0.0325439593555477,-0.7800000000000002,-0.1399999999999996,0.0100000000000006,0.2487621304032081
2023-08-29,4497.63,14.45,4.12,4.87,3.87,0.0144041079841508,0.0247796066335579,0.1725774767009528,0.1449021987641171,0.1312628154048651,-0.6300000000000008,-2.52,0.0132371845951348,-0.75,-0.2199999999999997,-0.1499999999999994,0.14809431323551925
2023-08-30,4514.87,13.88,4.12,4.9,3.8,0.0038258021699069,0.0176210697731933,0.1640982324115764,0.1362960220286164,0.1226768098950938,-0.5699999999999985,-2.1,0.0161231901049061,-0.7800000000000002,-0.0700000000000002,-0.0499999999999998,0.14439726379430512
2023-08-31,4507.66,13.57,4.09,4.85,3.85,-0.0015982216816604,0.0295722682990322,0.0917418679186324,0.1265339939758668,0.1224587058371773,-0.3100000000000005,-3.629999999999999,0.0132412941628227,-0.7599999999999998,-0.1400000000000005,-0.1300000000000007,0.1439410302416553
2023-09-01,4515.77,13.09,4.18,4.87,3.81,0.0017975431036151,0.0246742880871693,0.0956223995339942,0.1255107804886122,0.1209083262651792,-0.4800000000000004,-2.59,0.0099916737348206,-0.6900000000000004,-0.0700000000000002,-0.1600000000000001,0.17669314583861245
2023-09-05,4496.83,14.01,4.27,4.94,3.83,-0.0042030108696102,0.014226220706402,0.1136687903528787,0.1289392182616547,0.1175337740706364,0.92,-1.0700000000000005,0.0225662259293635,-0.6700000000000008,0.0699999999999994,-0.04,0.18705948420250765
2023-09-06,4465.48,14.45,4.3,5.01,3.86,-0.0069959927442528,-0.0071738800220016,0.0695307702790127,0.135071952725742,0.1191790594041182,0.4399999999999995,0.0,0.0253209405958817,-0.71,0.1799999999999997,0.1399999999999996,0.15180709098300726
2023-09-07,4451.14,14.4,4.27,4.94,3.9,-0.0032164682050081,-0.0142161503969166,0.0516352196011947,0.1264562460814459,0.1170806330702469,-0.0499999999999989,0.5199999999999996,0.026919366929753,-0.6700000000000008,0.1499999999999994,0.04,0.19543884493468477
2023-09-08,4457.49,13.84,4.26,4.98,3.85,0.0014255841976643,-0.0111923445175917,0.0600114238430663,0.0999710833009756,0.1172129292289635,-0.5600000000000005,0.2699999999999996,0.0211870707710364,-0.7200000000000006,0.1699999999999999,0.1300000000000007,0.27459380458854166
2023-09-11,4487.46,13.8,4.29,4.97,3.82,0.0067010127829867,-0.0062888748382203,0.0854797497526692,0.0999785552516935,0.1196051091850471,-0.0399999999999991,0.7100000000000009,0.0183948908149528,-0.6799999999999997,0.1100000000000003,0.0999999999999996,0.2534108728275792
2023-09-12,4461.9,14.23,4.27,4.98,3.84,-0.0057121558411206,-0.0077980198097305,0.0893399005725917,0.1031894372449155,0.1195600293068702,0.4299999999999997,0.2200000000000006,0.0227399706931297,-0.7100000000000009,0.0,0.04,0.23908828976871427
2023-09-13,4467.44,13.48,4.25,4.96,3.85,0.0012408533465711,0.0004388262810934,0.0758875606079063,0.0697887467634565,0.1118978261058716,-0.75,-0.9699999999999988,0.0229021738941283,-0.71,-0.0499999999999998,-0.0499999999999998,0.2814747675380846
2023-09-14,4505.1,12.82,4.29,5.0,3.78,0.0083945507411118,0.0120498452272133,0.0878611462783978,0.0809174142587259,0.1112778893100771,-0.6600000000000001,-1.58,0.0169221106899229,-0.71,0.0200000000000004,0.0599999999999996,0.36108721063188054
2023-09-15,4450.32,13.79,4.33,5.02,3.79,-0.0122340846671076,-0.0016098236375586,0.137177935815452,0.1010998466130991,0.1170220128123636,0.9699999999999988,-0.0500000000000007,0.0208779871876363,-0.6899999999999995,0.0700000000000002,0.0399999999999991,0.30659007551901446
2023-09-18,4453.53,14.0,4.32,5.05,3.82,0.0007210364368383,-0.0075897999837069,0.1238080926798479,0.1003236841208947,0.1169586950270634,0.2100000000000008,0.1999999999999993,0.0230413049729365,-0.7299999999999995,0.0300000000000002,0.08,0.31293577773541004
2023-09-19,4443.95,14.11,4.37,5.08,3.82,-0.0021534195529618,-0.0040310636955482,0.118684704984305,0.0992350157045574,0.1152852412736044,0.1099999999999994,-0.120000000000001,0.0258147587263955,-0.71,0.1000000000000005,0.0999999999999996,0.39024089774932086
2023-09-20,4402.2,15.14,4.35,5.12,3.77,-0.0094392046231101,-0.0147111216652295,0.1306910697866374,0.1038910955236501,0.1201193164904094,1.0300000000000011,1.66,0.0312806835095906,-0.7700000000000005,0.0999999999999996,0.1600000000000001,0.36034478492441285
2023-09-21,4330.0,17.54,4.49,5.12,3.89,-0.016536873951468,-0.0396425463578092,0.11311364528945,0.1288384498630932,0.1267864960924302,2.3999999999999986,4.719999999999999,0.0486135039075697,-0.6299999999999999,0.2000000000000001,0.1200000000000001,0.2638837160877233
2023-09-22,4320.06,17.2,4.44,5.1,3.93,-0.0022982509659402,-0.0297067126566419,0.1112654933624952,0.1267915834480726,0.1182663383130981,-0.3399999999999998,3.41,0.0537336616869018,-0.6599999999999993,0.1100000000000003,0.08,0.26487469860223173
2023-09-25,4337.44,16.9,4.55,5.09,3.97,0.0040150212758186,-0.0264127278176616,0.1252678515941611,0.1215686087280471,0.1164276141677242,-0.3000000000000007,2.8999999999999986,0.0525723858322756,-0.54,0.2299999999999995,0.04,0.257095022094245
2023-09-26,4273.53,18.94,4.56,5.04,4.04,-0.0148441287179613,-0.0391034369826612,0.1371335002559633,0.1343975953951623,0.1234052749754479,2.0400000000000027,4.830000000000002,0.0659947250245521,-0.4800000000000004,0.1899999999999995,-0.04,0.24256028461740972
2023-09-27,4274.51,18.22,4.61,5.1,4.03,0.0002292923300063,-0.0294349400295446,0.1467830141886851,0.1333186511713121,0.1079555804431956,-0.7200000000000024,3.0799999999999983,0.0742444195568043,-0.4899999999999993,0.2600000000000007,-0.0200000000000004,0.27434026806079814
2023-09-28,4299.7,17.34,4.59,5.04,4.09,0.0058757768874731,-0.0070222891906033,0.1295658744850042,0.1269920802446706,0.1097895233642821,-0.879999999999999,-0.1999999999999993,0.0636104766357178,-0.4500000000000002,0.0999999999999996,-0.08,0.25882700737328435
2023-09-29,4288.05,17.52,4.59,5.03,4.03,-0.0027131686755154,-0.0074372069001785,0.1297795041765384,0.1199019864599063,0.1097472577123861,0.1799999999999997,0.3200000000000003,0.0654527422876138,-0.4400000000000004,0.1499999999999994,-0.0699999999999994,0.31607315912645406
2023-10-02,4288.39,17.61,4.69,5.12,4.11,7.928697692236147e-05,-0.0113729411990747,0.1220439708600507,0.119278935664751,0.109022502235513,0.0899999999999998,0.7100000000000009,0.0670774977644869,-0.4299999999999997,0.1400000000000005,0.0300000000000002,0.33143913567719097
2023-10-03,4229.45,19.78,4.81,5.15,4.26,-0.0138394101614837,-0.0103682226425971,0.1155611197798075,0.1288616110737612,0.1160602994180675,2.1700000000000017,0.8399999999999999,0.0817397005819324,-0.3400000000000007,0.25,0.1100000000000003,0.2615073381720576
2023-10-04,4263.75,18.58,4.73,5.05,4.37,0.0080770937870001,-0.0025204211856033,0.1368780620870733,0.1411768354936669,0.1214946894612648,-1.2000000000000028,0.3599999999999994,0.0643053105387351,-0.3199999999999994,0.1200000000000001,-0.0499999999999998,0.23784500705303407
2023-10-05,4258.19,18.49,4.72,5.03,4.38,-0.0013048673867472,-0.0097010654598238,0.1247479878841755,0.1199899701710421,0.1214952998600428,-0.0899999999999998,1.1499999999999986,0.0634047001399571,-0.3100000000000005,0.1299999999999999,-0.0099999999999997,0.25697319974481675
2023-10-06,4308.5,17.45,4.78,5.08,4.33,0.0117456283337133,0.0047577315494047,0.1571316224074352,0.1373883070628192,0.1307665450590875,-1.0399999999999991,-0.0700000000000002,0.0437334549409124,-0.2999999999999998,0.1900000000000004,0.0499999999999998,0.19403332817092156
2023-10-09,4335.66,17.7,4.78,5.08,4.34,0.0062840320810455,0.0109624766535278,0.1610861846820961,0.1398195286468637,0.1304191666503354,0.25,0.0899999999999998,0.0465808333496645,-0.2999999999999998,0.0899999999999998,-0.04,0.2359776250441972
2023-10-10,4358.24,17.03,4.66,4.96,4.26,0.0051944583608864,0.0299963451758981,0.0758899522873269,0.1142672049278084,0.1317315093430653,-0.6699999999999982,-2.75,0.0385684906569346,-0.2999999999999998,-0.1499999999999994,-0.1900000000000004,0.22110701349305062
2023-10-11,4376.95,16.09,4.58,4.99,4.25,0.0042838286545689,0.0262030800434668,0.0741038741064484,0.1143576009858587,0.1329093434720339,-0.9400000000000012,-2.4899999999999984,0.027990656527966,-0.4100000000000001,-0.1500000000000003,-0.0599999999999996,0.30020896590948365
2023-10-12,4349.61,16.69,4.7,5.06,4.25,-0.0062659488852716,0.0212419985449425,0.1040355843894904,0.1200324854611026,0.1292693554733699,0.6000000000000014,-1.7999999999999972,0.03763064452663,-0.3599999999999994,-0.0199999999999995,0.0299999999999993,0.3138787962223165
2023-10-13,4327.78,19.32,4.63,5.04,4.3,-0.0050314774496886,0.0044648927615405,0.0957133676211627,0.1226593036838704,0.1239448754279648,2.629999999999999,1.870000000000001,0.0692551245720351,-0.4100000000000001,-0.1500000000000003,-0.04,0.3640918496998441
2023-10-16,4373.63,17.21,4.71,5.09,4.27,0.0105386194537476,0.0087194801342425,0.1138568850546652,0.1315612990715125,0.130874470221002,-2.1099999999999994,-0.4899999999999984,0.0412255297789979,-0.3799999999999999,-0.0700000000000002,0.0099999999999997,0.3244877176221642
2023-10-17,4373.2,17.88,4.83,5.19,4.25,-9.832133477993887e-05,0.0034267004385762,0.1098823242276406,0.0995118529424416,0.1308177958151022,0.6699999999999982,0.8499999999999979,0.0479822041848977,-0.3600000000000003,0.1699999999999999,0.2300000000000004,0.34423425481132086
2023-10-18,4314.6,19.22,4.91,5.19,4.32,-0.0134903862238261,-0.0143475144398188,0.1412006765335811,0.1261188587584418,0.1350859755120345,1.34,3.129999999999999,0.0571140244879654,-0.2800000000000002,0.33,0.2000000000000001,0.35384427439796257
2023-10-19,4278.0,21.4,4.98,5.14,4.37,-0.0085190096941524,-0.0166005752486997,0.1454567909631173,0.1349947510451375,0.1255182726989047,2.18,4.709999999999997,0.0884817273010952,-0.1599999999999992,0.2800000000000002,0.08,0.3776524696775942
2023-10-20,4224.16,21.71,4.93,5.07,4.52,-0.0126651861857579,-0.024234283984769,0.1604391853608671,0.1334844647472127,0.1325703120387482,0.3100000000000023,2.390000000000001,0.0845296879612518,-0.1400000000000005,0.2999999999999998,0.0300000000000002,0.32868476443644296
2023-10-23,4217.04,20.37,4.86,5.05,4.51,-0.0016869643388467,-0.0364598677773634,0.0978448416974133,0.1254262000465534,0.1311773290382289,-1.34,3.16,0.072522670961771,-0.1899999999999995,0.1500000000000003,-0.04,0.37846240511412754
2023-10-24,4247.68,18.97,4.83,5.02,4.41,0.0072394913997594,-0.0291220550428241,0.1376165688186555,0.1294205900438683,0.1244235742491614,-1.400000000000002,1.09,0.0652764257508385,-0.1899999999999995,0.0,-0.1700000000000008,0.37486469571166053
2023-10-25,4186.77,20.19,4.95,5.08,4.37,-0.0144433979393468,-0.0300750667583448,0.1410837381150576,0.1356475734250421,0.1341138959449248,1.2200000000000024,0.9700000000000024,0.0677861040550751,-0.1299999999999999,0.04,-0.1100000000000003,0.3398214668758794
2023-10-26,4137.23,20.68,4.86,5.02,4.5,-0.0119030718197409,-0.0334591288839332,0.1467974090777311,0.1406298302201855,0.1367813017373882,0.4899999999999984,-0.7199999999999989,0.0700186982626117,-0.1599999999999992,-0.1200000000000001,-0.1200000000000001,0.4095556181959706
2023-10-27,4117.37,21.27,4.84,4.99,4.53,-0.0048118717612086,-0.025605814459384,0.1369201633914565,0.1406330358631771,0.1371438940385783,0.5899999999999999,-0.4400000000000013,0.0755561059614216,-0.1500000000000003,-0.0899999999999998,-0.08,0.42887157098407924
2023-10-30,4166.82,19.75,4.88,5.03,4.5,0.0119385449479703,-0.0119803051725668,0.1843908860265135,0.1450653193931976,0.1457544384432612,-1.5199999999999996,-0.620000000000001,0.0517455615567387,-0.1500000000000003,0.0199999999999995,-0.0199999999999995,0.3857286110327977
2023-10-31,4193.8,18.14,4.88,5.07,4.42,0.0064540892074659,-0.0127657073648602,0.1818723388471479,0.1544902835350052,0.1405613470839881,-1.6099999999999994,-0.8299999999999983,0.0408386529160118,-0.1900000000000004,0.0499999999999998,0.0500000000000007,0.37458831951974264
2023-11-01,4237.86,16.87,4.77,4.95,4.47,0.0104511806797372,0.0121288712542238,0.1643656819772909,0.1607511321406417,0.1427018724717308,-1.2699999999999996,-3.3200000000000003,0.0259981275282692,-0.1800000000000006,-0.1800000000000006,-0.1299999999999999,0.33622224747172863
2023-11-02,4317.78,15.66,4.67,4.98,4.15,0.0186829564307358,0.0427148995047005,0.1376388820021196,0.1850520425738876,0.1576937159863453,-1.2100000000000009,-5.02,-0.0010937159863453,-0.3100000000000005,-0.1900000000000004,-0.0399999999999991,0.20417222990156558
2023-11-03,4358.34,14.91,4.57,4.83,4.04,0.0093498696374369,0.0568766409033463,0.0722655337345626,0.1723440716162771,0.1556834744765976,-0.75,-6.359999999999999,-0.0065834744765976,-0.2599999999999998,-0.2699999999999996,-0.1600000000000001,0.28313615205115195
2023-11-06,4365.98,14.89,4.67,4.93,4.0,0.001751426346803,0.0466895223021792,0.0986395231789569,0.1705094209386655,0.1543042377730316,-0.0199999999999995,-4.859999999999999,-0.0054042377730316,-0.2599999999999998,-0.2099999999999999,-0.1000000000000005,0.2820801875709456
2023-11-07,4378.38,14.81,4.58,4.91,4.08,0.0028361156932399,0.0430715487879532,0.1081855235752214,0.1692122794985017,0.1535471211396534,-0.08,-3.33,-0.0054471211396534,-0.33,-0.2999999999999998,-0.1600000000000001,0.4092850450477831
2023-11-08,4382.78,14.45,4.49,4.93,4.08,0.0010044332873557,0.0336248013955716,0.1183868503496107,0.139749929560234,0.1528385625845246,-0.3600000000000012,-2.4200000000000017,-0.0083385625845246,-0.4399999999999995,-0.2799999999999993,-0.0200000000000004,0.4097581634452419
2023-11-09,4347.35,15.29,4.62,5.03,4.04,-0.0081167621824379,0.0068250827823977,0.0991697774168837,0.1280520795808025,0.1539924788037552,0.8399999999999999,-0.370000000000001,-0.0010924788037552,-0.4100000000000001,-0.0499999999999998,0.0499999999999998,0.38943057650936724
2023-11-10,4415.24,14.17,4.61,5.04,4.03,0.0154957286509858,0.0129709417959467,0.1338716884858547,0.1252349116267941,0.1621645820271569,-1.1199999999999992,-0.7400000000000002,-0.0204645820271568,-0.4299999999999997,0.04,0.2099999999999999,0.30258922192550053
2023-11-13,4411.55,14.76,4.63,5.02,4.03,-0.0008360910851978,0.0103834243639457,0.1361390198871775,0.1274847695967668,0.1582707294659704,0.5899999999999999,-0.1300000000000007,-0.0106707294659704,-0.3899999999999997,-0.04,0.0899999999999998,0.32410869119557406
2023-11-14,4495.7,14.16,4.44,4.8,3.92,0.018895282757298,0.0264425914280037,0.1818474853907671,0.1437817875320908,0.1712546408801418,-0.5999999999999996,-0.6500000000000004,-0.0296546408801418,-0.3599999999999994,-0.1399999999999996,-0.1100000000000003,0.12690846523082874
2023-11-15,4502.88,14.18,4.53,4.9,3.89,0.0015958076771483,0.0270339658177964,0.1810163342042623,0.1446160064910805,0.162001391875994,0.0199999999999995,-0.2699999999999996,-0.0202013918759939,-0.3700000000000001,0.04,-0.0299999999999993,0.14001177774119328
2023-11-16,4508.24,14.32,4.45,4.83,4.02,0.0011896413835666,0.0363403693838011,0.1458567812908311,0.1275357969850242,0.1571246671799857,0.1400000000000005,-0.9699999999999988,-0.0139246671799857,-0.3799999999999999,-0.1699999999999999,-0.2000000000000001,0.13905537495208906
2023-11-17,4514.02,13.8,4.44,4.88,3.99,0.0012812755985166,0.022125916331332,0.129312224945118,0.1250267632120676,0.1465734915714404,-0.5199999999999996,-0.3699999999999992,-0.0085734915714404,-0.4399999999999995,-0.1699999999999999,-0.1600000000000001,0.1410211801707128
2023-11-20,4547.38,13.41,4.42,4.89,3.92,0.0073631338909269,0.0303251413074568,0.1211382353599835,0.1259870167425532,0.1459937310574814,-0.3900000000000005,-1.3499999999999996,-0.0118937310574814,-0.4699999999999997,-0.2099999999999999,-0.1299999999999999,0.08041425961286677
2023-11-21,4538.19,13.35,4.41,4.86,3.95,-0.0020229887908321,0.0094068697593266,0.05395809238273,0.1296291176086533,0.146775114888268,-0.0600000000000005,-0.8100000000000005,-0.013275114888268,-0.4500000000000002,-0.0300000000000002,0.0600000000000005,0.07523956558234134
2023-11-22,4556.62,12.85,4.42,4.89,3.9,0.0040528664649777,0.0118639285471558,0.0559226178692979,0.1288307617373321,0.1309356799118153,-0.5,-1.33,-0.0024356799118153,-0.4699999999999997,-0.1100000000000003,-0.0100000000000006,0.0715308050462187
2023-11-24,4559.34,12.46,4.47,4.92,3.85,0.0005967555980324,0.0112710427616216,0.0568633504429252,0.1124811281693062,0.1173144487300851,-0.3899999999999988,-1.8599999999999997,0.0072855512699148,-0.4500000000000002,0.0199999999999995,0.0899999999999998,0.11691998485832143
2023-11-27,4550.43,12.69,4.39,4.84,3.89,-0.0019561422168003,0.0080336249463046,0.0644868225220036,0.0991773622491386,0.11459910958081,0.2299999999999986,-1.1100000000000012,0.0123008904191899,-0.4500000000000002,-0.0500000000000007,-0.04,0.1418362158390766
2023-11-28,4554.89,12.69,4.34,4.73,3.9,0.0009796471418229,0.0016501381972005,0.0397781854889301,0.0976091700340887,0.1123799709365951,0.0,-0.7200000000000006,0.0145200290634048,-0.3900000000000005,-0.08,-0.1599999999999992,0.14127026202151138
2023-11-29,4550.58,12.98,4.27,4.64,3.8,-0.0009466837674253,0.0027264432206075,0.0363536249919038,0.0447919576396962,0.1136944068124175,0.2900000000000009,-0.3699999999999992,0.0161055931875824,-0.3700000000000001,-0.1400000000000005,-0.2200000000000006,0.15359522791897365
2023-11-30,4567.8,12.92,4.37,4.73,3.84,0.0037769911916856,0.0024505679473153,0.0346914607433739,0.0466146767154562,0.1111761591176948,-0.0600000000000005,0.0700000000000002,0.0180238408823052,-0.3600000000000003,-0.0499999999999998,-0.1599999999999992,0.18939369810508946
2023-12-01,4594.63,12.63,4.22,4.56,3.87,0.0058565417006152,0.0077103540498981,0.051657586704916,0.0515614906413762,0.0967049351020381,-0.2899999999999991,0.1699999999999999,0.0295950648979618,-0.3399999999999998,-0.25,-0.3600000000000003,0.17730216480661676
2023-12-04,4569.78,13.08,4.28,4.64,3.8,-0.0054231665551195,0.0042433297115787,0.0693001035942174,0.0634264668427283,0.098261974941258,0.4499999999999993,0.3900000000000005,0.0325380250587419,-0.3599999999999994,-0.1099999999999994,-0.2000000000000001,0.1670049924949475
2023-12-05,4567.18,12.85,4.18,4.57,3.8,-0.0005691170958779,0.0026945654738779,0.0699845491943423,0.0536946650991408,0.0987990978066769,-0.2300000000000004,0.1600000000000001,0.029700902193323,-0.3900000000000005,-0.1600000000000001,-0.1600000000000001,0.18197619266558765
2023-12-06,4549.34,12.97,4.12,4.6,3.79,-0.0039137791113844,-0.0002725298700812,0.0767915208600011,0.0568631296888123,0.1011477350484156,0.120000000000001,-0.0099999999999997,0.0285522649515843,-0.4799999999999995,-0.1499999999999994,-0.04,0.2749193250637328
2023-12-07,4585.59,13.06,4.14,4.58,3.77,0.0079366104133129,0.0038870893515461,0.0936862528804636,0.0666453701580504,0.1032903074568778,0.0899999999999998,0.1400000000000005,0.0273096925431221,-0.4400000000000004,-0.2300000000000004,-0.1500000000000003,0.24792802688938126
2023-12-08,4604.37,12.35,4.23,4.71,3.75,0.0040870746210065,0.0021176222719373,0.0883318285092505,0.068857578229032,0.09584195915246,-0.7100000000000009,-0.2800000000000011,0.0276580408475399,-0.4799999999999995,0.0100000000000006,0.1500000000000003,0.2392912864468776
2023-12-11,4622.44,12.63,4.23,4.71,3.79,0.0039168516750811,0.0114576405021382,0.0729285270214568,0.0681467892023931,0.0836519229478126,0.2800000000000011,-0.4499999999999993,0.0426480770521874,-0.4799999999999995,-0.0499999999999998,0.0700000000000002,0.2419469615226593
2023-12-12,4643.7,12.07,4.2,4.73,3.76,0.0045887580600857,0.0166155156581018,0.0692840828105564,0.0696627311080855,0.0831755109991231,-0.5600000000000005,-0.7799999999999994,0.0375244890008768,-0.5300000000000002,0.0200000000000004,0.1600000000000001,0.24870447911093238
2023-12-13,4707.09,12.19,4.04,4.46,3.79,0.0135584204292982,0.0340877151987846,0.0652250526807735,0.0884161668291595,0.0704634834317223,0.1199999999999992,-0.7800000000000011,0.0514365165682776,-0.4199999999999999,-0.08,-0.1399999999999996,0.2658486752600651
2023-12-14,4719.55,12.48,3.92,4.37,3.47,0.0026435733742609,0.0287946781597325,0.070142673539376,0.0884572788425906,0.0704232535279249,0.2900000000000009,-0.5800000000000001,0.054376746472075,-0.4500000000000002,-0.2199999999999997,-0.2099999999999999,0.3088428744808707
2023-12-15,4719.19,12.28,3.91,4.44,3.51,-7.628136810104926e-05,0.0246313221706249,0.0816739514211821,0.088610022940082,0.0708419775109351,-0.200000000000001,-0.0700000000000002,0.0519580224890648,-0.5300000000000002,-0.3200000000000003,-0.2699999999999996,0.3099609401949626
2023-12-18,4740.56,12.56,3.95,4.43,3.51,0.0045180974872495,0.0252325679827933,0.0813165648022166,0.0763802479279821,0.0711637912268347,0.2800000000000011,-0.0700000000000002,0.0544362087731652,-0.4799999999999995,-0.2800000000000002,-0.2800000000000002,0.30890968824550685
2023-12-19,4768.37,12.53,3.93,4.41,3.46,0.0058492552349014,0.0264930651576088,0.0813619073292261,0.0731352166122602,0.0699699686254368,-0.0300000000000011,0.4599999999999991,0.0553300313745631,-0.48,-0.27,-0.3200000000000003,0.2954965610026108
2023-12-20,4698.35,13.67,3.86,4.34,3.43,-0.0147931441745199,-0.0018584994462093,0.1327605320867989,0.1155087059060324,0.0918671393917111,1.1400000000000006,1.4800000000000004,0.0448328606082888,-0.48,-0.1800000000000001,-0.1200000000000001,0.17945969609629597
2023-12-21,4746.75,13.65,3.89,4.33,3.41,0.010248790092494,0.0057467172720239,0.1530681819023954,0.1186900286347562,0.0964591637048715,-0.0199999999999995,1.17,0.0400408362951284,-0.4399999999999999,-0.0299999999999998,-0.04,0.0880636136084963
2023-12-22,4754.63,13.03,3.9,4.31,3.39,0.0016587067997896,0.0074817054399144,0.1526880793198588,0.1189531613468115,0.0963214033993385,-0.620000000000001,0.75,0.0339785966006614,-0.4099999999999997,-0.0100000000000002,-0.1300000000000007,0.12321704039860827
2023-12-26,4774.75,12.99,3.89,4.26,3.37,0.0042227363999498,0.007186344352615,0.1523338117557618,0.1190138570742977,0.0953652580200378,-0.0399999999999991,0.4299999999999997,0.0345347419799621,-0.3699999999999996,-0.06,-0.1699999999999999,0.16435786814620898
2023-12-27,4781.58,12.43,3.79,4.2,3.34,0.0014294192776817,0.0027665083953953,0.1474215704211925,0.1190694684500143,0.0952893692735694,-0.5600000000000005,-0.0999999999999996,0.0290106307264305,-0.4100000000000001,-0.1400000000000001,-0.2099999999999999,0.1716706140202822
2023-12-28,4783.35,12.47,3.84,4.26,3.32,0.0003701020331993,0.0179297546031144,0.0632522471469012,0.1034797417394058,0.0947840627551286,0.0400000000000009,-1.1999999999999993,0.0299159372448713,-0.4199999999999999,-0.02,-0.08,0.17399623078914092
2023-12-29,4769.83,12.45,3.88,4.23,3.34,-0.0028304729998547,0.0048504915107656,0.0405259970260756,0.1055720607731192,0.0964847196018712,-0.0200000000000013,-1.200000000000001,0.0280152803981287,-0.3500000000000005,-0.0100000000000002,-0.0999999999999996,0.27885594925972107
2024-01-02,4742.83,13.2,3.95,4.33,3.54,-0.0056766608929654,-0.0024848761819894,0.0609738442259223,0.1108698046583333,0.0992753731700044,0.75,0.1699999999999999,0.0327246268299956,-0.3799999999999999,0.0500000000000002,0.0200000000000004,0.2649364002796736
2024-01-03,4704.81,14.04,3.91,4.33,3.71,-0.0080486143089745,-0.014756226890914,0.0633227816941523,0.1159476249807486,0.1021307179402895,0.8399999999999999,1.049999999999999,0.0382692820597104,-0.4199999999999999,0.02,0.0700000000000002,0.24881918407980835
2024-01-04,4688.68,14.13,3.99,4.38,3.69,-0.0034342966998694,-0.019619942868465,0.0501739846602498,0.1103687019309547,0.1033829563908158,0.0900000000000016,1.700000000000001,0.0379170436091842,-0.3899999999999997,0.2000000000000001,0.1799999999999997,0.2430069085915653
2024-01-05,4697.24,13.35,4.05,4.4,3.68,0.0018240092336748,-0.0181660356679895,0.0584004362003012,0.0833193748093026,0.1015251903202482,-0.7800000000000011,0.879999999999999,0.0319748096797517,-0.3500000000000005,0.2099999999999999,0.1400000000000005,0.2415698158184293
2024-01-08,4763.54,13.08,4.01,4.36,3.63,0.014015987132365,-0.0013195755357697,0.1393492733619155,0.0972977462427364,0.1086046322619815,-0.2699999999999996,0.6300000000000008,0.0221953677380184,-0.3500000000000005,0.1299999999999999,0.1299999999999999,0.11123297713644324
2024-01-09,4756.5,12.76,4.02,4.36,3.59,-0.0014789856520085,0.0028780997051872,0.1320736630770299,0.0973937248117256,0.1089171508612194,-0.3200000000000003,-0.4399999999999995,0.0186828491387805,-0.3400000000000007,0.0699999999999994,0.0300000000000002,0.14077254603330203
2024-01-10,4783.45,12.69,4.04,4.37,3.5,0.0056499398196109,0.0165766538337728,0.1096150076050008,0.0993540154869912,0.1095725271000206,-0.0700000000000002,-1.3499999999999996,0.0173274728999792,-0.33,0.1299999999999999,0.04,0.17646582580052014
2024-01-11,4780.24,12.44,3.98,4.26,3.55,-0.0006712890360401,0.019339661497602,0.1002517123025881,0.0991750291648462,0.1093314181034633,-0.25,-1.6900000000000013,0.0150685818965366,-0.2799999999999998,-0.0100000000000002,-0.1200000000000001,0.2622404972183035
2024-01-12,4783.83,12.7,3.96,4.14,3.56,0.000750726451941,0.0182663787158683,0.1019061849305766,0.0992361999985973,0.0995296320565192,0.2599999999999998,-0.6500000000000004,0.0274703679434807,-0.1799999999999997,-0.0899999999999998,-0.2600000000000007,0.26427025115998964
2024-01-16,4765.98,13.84,4.07,4.22,3.58,-0.0037382986232446,0.0005120929602586,0.055586775286398,0.1000649703008636,0.1005419442938785,1.1400000000000006,0.7599999999999998,0.0378580557061214,-0.1499999999999994,0.0600000000000005,-0.1400000000000005,0.2616515433060579
2024-01-17,4739.21,14.79,4.1,4.34,3.62,-0.0056327271267556,-0.0036416485144884,0.0691890975515398,0.099996396678909,0.1028644046261327,0.9499999999999992,2.03,0.0450355953738672,-0.2400000000000002,0.08,-0.0200000000000004,0.24623603797194923
2024-01-18,4780.94,14.13,4.14,4.34,3.58,0.008766724739532,-0.0005248635945673,0.0882132407763995,0.0980692175062205,0.1062725888312914,-0.6599999999999984,1.4400000000000013,0.0350274111687086,-0.2000000000000001,0.0999999999999996,-0.0300000000000002,0.21954753016556125
2024-01-19,4839.81,13.3,4.15,4.39,3.54,0.0122382838702301,0.012384709311703,0.12353104340068,0.106698045531787,0.1128168122662134,-0.8300000000000001,0.8600000000000012,0.0201831877337865,-0.2399999999999993,0.1700000000000003,0.1299999999999999,0.10278520423455112
2024-01-22,4850.43,13.19,4.11,4.37,3.49,0.0021918970535104,0.0138258799132724,0.1226830834887242,0.1065837867344759,0.096760336249624,-0.1100000000000012,0.4900000000000002,0.0351396637503759,-0.2599999999999998,0.1500000000000003,0.2300000000000004,0.15374180273070223
2024-01-23,4864.6,12.55,4.14,4.31,3.51,0.0029171315062299,0.0204813100427472,0.1087652672463288,0.0880202542865292,0.0914134545572105,-0.6399999999999988,-1.2899999999999991,0.0340865454427894,-0.1699999999999999,0.0699999999999994,0.0899999999999998,0.14691181787865612
2024-01-24,4868.55,13.14,4.18,4.34,3.44,0.0008116591682758,0.0269256963377787,0.0776088477286954,0.0861439329522179,0.0914097499413685,0.5899999999999999,-1.6499999999999986,0.0399902500586314,-0.1600000000000001,0.08,0.0,0.29639948450273096
2024-01-25,4894.16,13.45,4.14,4.28,3.45,0.0052465060919916,0.0234054776902379,0.0717481221915,0.0857311940130355,0.0919319023909836,0.3099999999999987,-0.6800000000000015,0.0425680976090163,-0.1400000000000005,0.0,-0.0599999999999996,0.34607147148517226
2024-01-26,4890.97,13.26,4.15,4.34,3.39,-0.0006520097562342,0.0105151840637735,0.035327453122291,0.0857126126154644,0.0921701183615756,-0.1899999999999995,-0.0400000000000009,0.0404298816384243,-0.1899999999999995,0.0,-0.0499999999999998,0.3848658134107063
2024-01-29,4927.93,13.6,4.08,4.29,3.41,0.0075283737614565,0.0158516607717196,0.0523743123728509,0.0889945352523885,0.0948498175975152,0.3399999999999998,0.4100000000000001,0.0411501824024847,-0.2099999999999999,-0.0300000000000002,-0.08,0.36933178898537905
2024-01-30,4924.97,13.31,4.06,4.36,3.42,-0.0006008383499372,0.0123336909155524,0.0589835521136071,0.0836053163460766,0.093827827891784,-0.2899999999999991,0.7599999999999998,0.039272172108216,-0.3000000000000007,-0.08,0.0500000000000007,0.37102168297579813
2024-01-31,4845.65,14.35,3.99,4.27,3.59,-0.0162367879639873,-0.0047147562167107,0.1472517542627796,0.1229512229891991,0.1106671551222149,1.0399999999999991,1.209999999999999,0.032832844877785,-0.2799999999999993,-0.1899999999999995,-0.0700000000000002,0.29698094634169514
2024-02-01,4906.19,13.88,3.87,4.2,3.56,0.0124162779034858,0.0024550155947835,0.1728161577057798,0.1295778189744204,0.1121287083739495,-0.4699999999999988,0.4300000000000015,0.0266712916260504,-0.33,-0.2699999999999996,-0.08,0.2223293848635996
2024-02-02,4958.61,13.85,4.03,4.36,3.47,0.0106277863518032,0.0137348117028209,0.1861544947655613,0.1264328204207427,0.1140248112786094,-0.0300000000000011,0.5899999999999999,0.0244751887213905,-0.33,-0.1200000000000001,0.0200000000000004,0.170965691626038
2024-02-05,4942.81,13.67,4.17,4.46,3.5,-0.003191464135615,0.0030149738057493,0.1843555199715053,0.1295601854030183,0.1159667518105983,-0.1799999999999997,0.0700000000000002,0.0207332481894016,-0.29,0.0899999999999998,0.1699999999999999,0.1639807272635637
2024-02-06,4954.23,13.06,4.09,4.39,3.52,0.0023077617284261,0.0059235738841126,0.1843153665386757,0.1294605529700877,0.1077674711097528,-0.6099999999999994,-0.25,0.0228325288902472,-0.2999999999999998,0.0300000000000002,0.0299999999999993,0.27077757171910494
2024-02-07,4995.06,12.83,4.09,4.41,3.43,0.008207666921331,0.0303680287694313,0.1021248464557288,0.1331108389477481,0.1091411882100059,-0.2300000000000004,-1.5199999999999996,0.019158811789994,-0.3200000000000003,0.0999999999999996,0.1400000000000005,0.2815155703064648
2024-02-08,4997.91,12.79,4.15,4.46,3.38,0.0005704010073624,0.018522151873308,0.0896376341568204,0.1325421407050674,0.1086522607075671,-0.0400000000000009,-1.0900000000000016,0.0192477392924328,-0.3099999999999996,0.2800000000000002,0.2599999999999998,0.296072918751059
2024-02-09,5026.61,12.93,4.17,4.48,3.33,0.0057259755908601,0.0136203411123649,0.0704971234085239,0.1327042206185517,0.1087884622423882,0.1400000000000005,-0.92,0.0205115377576117,-0.3100000000000005,0.1399999999999996,0.1200000000000001,0.2919577968802087
2024-02-12,5021.84,13.93,4.17,4.46,3.35,-0.0009494002275555,0.0158624050204243,0.0595991566741467,0.1309433687596327,0.1093197738635559,1.0,0.2599999999999998,0.029980226136444,-0.29,0.0,0.0,0.306847121176934
2024-02-13,4953.17,15.85,4.31,4.64,3.36,-0.013768624761212,-0.0002139814692137,0.1353866552022507,0.1528092771167806,0.121897708803551,1.92,2.789999999999999,0.0366022911964489,-0.33,0.2199999999999997,0.25,0.21629720741525313
2024-02-14,5000.62,14.38,4.27,4.56,3.38,0.0095341290968955,0.0011124807063504,0.1407023814773123,0.1258195058178562,0.1213109565605259,-1.4699999999999989,1.5500000000000007,0.022489043439474,-0.29,0.1799999999999997,0.1499999999999994,0.3660387416041312
2024-02-15,5029.73,14.01,4.24,4.56,3.35,0.0058043999917945,0.0063464796907825,0.1463123131119802,0.1161917084093093,0.1197872487302839,-0.370000000000001,1.2200000000000006,0.020312751269716,-0.3199999999999994,0.0899999999999998,0.0999999999999996,0.35429466710841995
2024-02-16,5005.57,14.24,4.3,4.64,3.34,-0.0048150123419915,-0.0041945082420692,0.1452176148318036,0.1116690026993416,0.11672413301657,0.2300000000000004,1.3100000000000005,0.0256758669834299,-0.3399999999999998,0.1299999999999999,0.1599999999999992,0.35115456787942334
2024-02-20,4975.51,15.42,4.27,4.59,3.37,-0.0060234144772223,-0.009268522491736,0.1498545278861412,0.115445589233413,0.1198506853977585,1.1799999999999995,1.4900000000000002,0.0343493146022414,-0.3200000000000003,0.0999999999999996,0.1299999999999999,0.3389675521157282
2024-02-21,4981.8,15.34,4.32,4.64,3.34,0.0012633935945864,0.0057634958640625,0.1061959280681897,0.1151467122651535,0.1196934541330181,-0.08,-0.5099999999999998,0.0337065458669818,-0.3199999999999994,0.0100000000000006,0.0,0.33939758357904326
2024-02-22,5087.03,14.54,4.33,4.69,3.22,0.020902891694828,0.017132258461995,0.1726204222004925,0.1508667697361652,0.1386030050420427,-0.8000000000000007,0.1599999999999983,0.0067969949579572,-0.3600000000000003,0.0600000000000005,0.1300000000000007,0.10926431881007793
2024-02-23,5088.8,13.75,4.26,4.67,3.23,0.0003478831737266,0.0116757416439269,0.1722309748691476,0.1509226854021408,0.1382628510804256,-0.7899999999999991,-0.2599999999999998,-0.0007628510804255,-0.4100000000000001,0.0199999999999995,0.1100000000000003,0.16715043983464928
2024-02-26,5069.53,13.74,4.28,4.69,3.23,-0.0037939352461026,0.0126968187398158,0.1696942740302065,0.1515575416027308,0.1394914260785597,-0.0099999999999997,-0.5,-0.0020914260785597,-0.4100000000000001,-0.0199999999999995,0.0500000000000007,0.15707085729578207
2024-02-27,5078.18,13.43,4.31,4.7,3.26,0.0017048185442892,0.0204250517613276,0.1531934980008163,0.1512604670021053,0.1378374629053635,-0.3100000000000005,-1.99,-0.0035374629053634,-0.3900000000000005,0.04,0.1100000000000003,0.22447843576149096
2024-02-28,5069.76,13.84,4.27,4.64,3.31,-0.001659450476103,0.0175022076906381,0.1579175616638044,0.1283807786907433,0.1381025992123604,0.4100000000000001,-1.5,0.0002974007876395,-0.3700000000000001,-0.0500000000000007,0.0,0.23732509515737
2024-02-29,5096.27,13.4,4.25,4.64,3.29,0.0052154203933401,0.0018147363891502,0.05425106139437,0.1233227647049078,0.1216835395839402,-0.4399999999999995,-1.1399999999999988,0.0123164604160597,-0.3899999999999997,-0.08,-0.0500000000000007,0.2755930723895163
2024-03-01,5137.08,13.11,4.19,4.54,3.32,0.0079759250577916,0.0094427782732153,0.0765592908085905,0.1257090932865857,0.1178551298914467,-0.2900000000000009,-0.6400000000000006,0.0132448701085532,-0.3499999999999996,-0.0699999999999994,-0.1299999999999999,0.26595430284061283
2024-03-04,5130.95,13.49,4.22,4.61,3.26,-0.0011939974324694,0.0120427160868487,0.065882267853181,0.1213613801153572,0.1141886195864641,0.3800000000000008,-0.25,0.0207113804135358,-0.3900000000000005,-0.0600000000000005,-0.08,0.2658762163458264
2024-03-05,5078.65,14.46,4.13,4.54,3.31,-0.0102453489815743,9.254856098502636e-05,0.1122387371120458,0.1310983841963343,0.1207592199090315,0.9700000000000006,1.0300000000000011,0.0238407800909684,-0.4100000000000001,-0.1799999999999997,-0.1600000000000001,0.27478848467877565
2024-03-06,5104.76,14.5,4.11,4.55,3.27,0.0051279595372516,0.0068799585743396,0.1161223231771488,0.1318807423099757,0.1214670166239075,0.0399999999999991,0.6600000000000001,0.0235329833760924,-0.4399999999999995,-0.1599999999999992,-0.0899999999999998,0.2642296259148884
2024-03-07,5157.36,14.44,4.09,4.5,3.27,0.0102513828813974,0.0119159210623969,0.1311442785074196,0.0961129271407243,0.1231693404546924,-0.0600000000000005,1.0399999999999991,0.0212306595453075,-0.4100000000000001,-0.1600000000000001,-0.1399999999999996,0.21311413994945727
2024-03-08,5123.69,14.74,4.09,4.48,3.26,-0.0065499380656454,-0.0026099420610403,0.1326540393300518,0.1040803279195963,0.1265058546879575,0.3000000000000007,1.6300000000000008,0.0208941453120424,-0.3900000000000005,-0.1000000000000005,-0.0599999999999996,0.21275926867318387
2024-03-11,5117.94,15.22,4.1,4.51,3.26,-0.0011228682551799,-0.0025388128837508,0.1326322977700923,0.1016995834102925,0.1256195348767854,0.4800000000000004,1.7300000000000004,0.0265804651232145,-0.4100000000000001,-0.1200000000000001,-0.1000000000000005,0.23440316362594846
2024-03-12,5175.27,13.84,4.16,4.58,3.2,0.0111394973640123,0.0188460334618359,0.1200083260225416,0.1139496956411042,0.1304932784066966,-1.3800000000000008,-0.620000000000001,0.0079067215933033,-0.4199999999999999,0.0300000000000002,0.04,0.17796489373692698
2024-03-13,5165.31,13.75,4.19,4.61,3.15,-0.0019263915718686,0.0117916823527157,0.1253091068784253,0.1141903944174313,0.1183117120184541,-0.0899999999999998,-0.75,0.0191882879815459,-0.4199999999999999,0.08,0.0600000000000005,0.22480929237785965
2024-03-14,5150.48,14.4,4.29,4.68,3.15,-0.0028752059156686,-0.0013349064443502,0.1064516616774431,0.1147692563667261,0.1161456091091039,0.6500000000000004,-0.0399999999999991,0.0278543908908961,-0.3899999999999997,0.2000000000000001,0.1799999999999997,0.2260250155917438
2024-03-15,5117.09,14.41,4.31,4.72,3.16,-0.0065039961169264,-0.0012889644956313,0.1062811958450467,0.1133407451021914,0.1182606595222651,0.0099999999999997,-0.33,0.0258393404777348,-0.4100000000000001,0.2199999999999997,0.2399999999999993,0.20229539216268635
2024-03-18,5149.42,14.33,4.34,4.73,3.13,0.0062981688751588,0.0061320726347073,0.1151625877315099,0.1179970034187103,0.1177645230642282,-0.08,-0.8900000000000006,0.0255354769357718,-0.3900000000000005,0.2400000000000002,0.2200000000000006,0.18244550568839948
2024-03-19,5178.51,13.82,4.3,4.68,3.1,0.0056332831318901,0.0006258584025849,0.0889547100865073,0.1041502757668554,0.1152389678950147,-0.5099999999999998,-0.0199999999999995,0.0229610321049852,-0.3799999999999999,0.1399999999999996,0.0999999999999996,0.16513751273734947
2024-03-20,5224.62,13.04,4.27,4.59,3.14,0.008864697827341,0.0114169478017947,0.1048448191437562,0.1089254445361639,0.1177269133682066,-0.7800000000000011,-0.7100000000000009,0.0126730866317932,-0.3200000000000003,0.0799999999999991,-0.0200000000000004,0.16148547343615885
2024-03-21,5241.53,12.92,4.27,4.62,3.05,0.0032313725131378,0.0175235262306012,0.0943540930576151,0.0999448429957114,0.0954535217674346,-0.1199999999999992,-1.4800000000000004,0.0337464782325653,-0.3500000000000005,-0.0200000000000004,-0.0599999999999996,0.1541428716069019
2024-03-22,5234.18,13.06,4.22,4.59,3.08,-0.0014032464064151,0.0226242759411125,0.0614934741507853,0.0911159244112315,0.0959340485075443,0.1400000000000005,-1.3499999999999996,0.0346659514924556,-0.3700000000000001,-0.0899999999999998,-0.1299999999999999,0.15584478603480004
2024-03-25,5218.19,13.19,4.25,4.54,3.11,-0.0030595955699421,0.0132665114960117,0.078128013623953,0.0935404356970719,0.0954400238067208,0.129999999999999,-1.1400000000000006,0.0364599761932791,-0.29,-0.0899999999999998,-0.1900000000000004,0.1876983206269779
2024-03-26,5203.58,13.24,4.24,4.56,3.15,-0.0028037482252575,0.0048294801388642,0.0807695404238693,0.0804100127866282,0.0966119156341774,0.0500000000000007,-0.5800000000000001,0.0357880843658225,-0.3199999999999994,-0.0599999999999996,-0.1200000000000001,0.18316484124702437
2024-03-27,5248.49,12.78,4.2,4.54,3.15,0.0085935659407079,0.0045583482522311,0.0791048667528692,0.0883084757182902,0.0993749155634333,-0.4600000000000008,-0.2599999999999998,0.0284250844365666,-0.3399999999999998,-0.0699999999999994,-0.0499999999999998,0.23185233778764877
2024-03-28,5254.35,13.01,4.2,4.59,3.12,0.001115888770671,0.0024428645097643,0.0765820776712249,0.0848535877645921,0.0985310254803295,0.2300000000000004,0.0899999999999998,0.0315689745196704,-0.3899999999999997,-0.0699999999999994,-0.0300000000000002,0.290077840915727
2024-04-01,5243.77,13.65,4.33,4.72,3.12,-0.002015599665825,0.0018305112503542,0.0776510116704488,0.0746402485159288,0.0962138964000193,0.6400000000000006,0.5899999999999999,0.0402861035999806,-0.3899999999999997,0.1100000000000003,0.1299999999999999,0.2883691378842264
2024-04-02,5205.81,14.61,4.36,4.7,3.23,-0.0072653957344673,-0.0023752889141709,0.0934696513526334,0.0853280142437546,0.1003962005912062,0.9599999999999992,1.42,0.0457037994087937,-0.3399999999999998,0.1100000000000003,0.1600000000000001,0.26529318249175
2024-04-03,5211.49,14.33,4.36,4.68,3.23,0.0010904938060488,0.0015189531171353,0.0914235681498745,0.081516277543555,0.0916514243468979,-0.2799999999999993,1.09,0.0516485756531021,-0.3199999999999994,0.1200000000000001,0.1200000000000001,0.3046855319617137
2024-04-04,5147.21,16.35,4.31,4.65,3.24,-0.0124109830574574,-0.01948559588103,0.0930311894164065,0.0908098942723878,0.1024246715454517,2.0200000000000014,3.570000000000002,0.0610753284545482,-0.3400000000000007,0.1099999999999994,0.1100000000000003,0.2605397590202753
2024-04-05,5204.34,16.03,4.39,4.73,3.18,0.0110380725696564,-0.0095634120820445,0.1410103078834335,0.1088462132627608,0.1034596351018752,-0.3200000000000003,3.0200000000000014,0.0568403648981248,-0.3400000000000007,0.1899999999999995,0.1400000000000005,0.3021896395809771
2024-04-08,5202.39,15.19,4.42,4.78,3.15,-0.0003747574930495,-0.007922569909269,0.1414154315661355,0.1087857756811757,0.1001857732298065,-0.8400000000000016,1.5399999999999991,0.0517142267701934,-0.3600000000000003,0.0899999999999998,0.0600000000000005,0.3579702796292046
2024-04-09,5209.91,14.98,4.36,4.74,3.14,0.001444445762702,0.0007872715879005,0.1326171509744562,0.108293624982818,0.0999593108413948,-0.209999999999999,0.370000000000001,0.0498406891586051,-0.3799999999999999,0.0,0.04,0.3587268739469484
2024-04-10,5160.64,15.8,4.55,4.97,3.1,-0.0095019783338873,-0.0098052005520357,0.1483136193260477,0.1176871335659479,0.0987350407064156,0.8200000000000003,1.4700000000000006,0.0592649592935843,-0.4199999999999999,0.1899999999999995,0.29,0.33823363566641096
2024-04-11,5199.06,14.91,4.56,4.93,3.16,0.007417237205872,0.0100230197112936,0.1253173326539905,0.1151713968175689,0.1020110450889354,-0.8900000000000006,-1.4400000000000013,0.0470889549110645,-0.3700000000000001,0.25,0.2799999999999993,0.31901349148370617
2024-04-12,5123.41,17.31,4.5,4.88,3.25,-0.0146576070294485,-0.0156726598878114,0.1404801693878446,0.1330893087713105,0.1146989580078382,2.3999999999999986,1.2799999999999976,0.0584010419921617,-0.3799999999999999,0.1100000000000003,0.1499999999999994,0.25909570876895327
2024-04-15,5061.82,19.23,4.63,4.93,3.28,-0.0120941305633058,-0.0273920329580677,0.1502717689980317,0.1413710748172375,0.120311988134864,1.9200000000000017,4.040000000000001,0.0719880118651359,-0.2999999999999998,0.2099999999999999,0.1499999999999994,0.22207135444380047
2024-04-16,5051.41,18.4,4.67,4.97,3.36,-0.0020586901863485,-0.0308951689071183,0.1419309624580432,0.1399293506847666,0.1176367131809008,-0.8300000000000018,3.419999999999998,0.0663632868190991,-0.2999999999999998,0.3099999999999996,0.2299999999999995,0.2896465980066295
2024-04-17,5022.21,18.21,4.59,4.93,3.42,-0.0057973363660966,-0.0271905269393276,0.1388704653914145,0.1385417837481254,0.11612615398583,-0.1899999999999977,2.41,0.0659738460141699,-0.3399999999999998,0.04,-0.04,0.274658126153484
2024-04-18,5011.12,18.0,4.64,4.98,3.39,-0.002210632863926,-0.0368183970091256,0.0914434963368369,0.1297678136847738,0.1094363171750148,-0.2100000000000008,3.09,0.0705636828249851,-0.3400000000000007,0.08,0.0500000000000007,0.28197105724862737
2024-04-19,4967.23,18.71,4.62,4.97,3.37,-0.0087971023365461,-0.0309578923162231,0.0686069876737806,0.1073178420091306,0.1100121204011185,0.7100000000000009,1.400000000000002,0.0770878795988814,-0.3499999999999996,0.1200000000000001,0.0899999999999998,0.2932661766879921
2024-04-22,5010.6,16.94,4.62,4.97,3.29,0.0086933277348877,-0.0101704340180295,0.1050028868263947,0.1255666032404021,0.1171797365980473,-1.7699999999999996,-2.289999999999999,0.0522202634019526,-0.3499999999999996,-0.0099999999999997,0.04,0.2636251100219239
2024-04-23,5070.55,15.69,4.61,4.86,3.2,0.0118936245766508,0.0037818807449698,0.1441997742626276,0.1468388519112337,0.1272816635961834,-1.2500000000000018,-2.709999999999999,0.0296183364038165,-0.25,-0.0599999999999996,-0.1099999999999994,0.3117742083596886
2024-04-24,5071.63,15.97,4.65,4.89,3.19,0.0002129719654122,0.0097921890764786,0.1328574265236114,0.1422872619099365,0.1273018619779354,0.2800000000000011,-2.24,0.0323981380220645,-0.2399999999999993,0.0600000000000005,-0.04,0.31650625386357323
2024-04-25,5048.42,15.37,4.7,4.96,3.24,-0.0045869419014574,0.0074158800389471,0.1385062409944117,0.1331213661660168,0.122233924696248,-0.6000000000000014,-2.630000000000001,0.0314660753037519,-0.2599999999999998,0.0600000000000005,-0.0200000000000004,0.3401216259296593
2024-04-26,5099.96,15.03,4.67,4.96,3.16,0.0101573735165602,0.0263703558920536,0.1128684063717206,0.1302157569969153,0.1292472800833261,-0.3399999999999998,-3.6800000000000015,0.0210527199166738,-0.29,0.0499999999999998,-0.0099999999999997,0.3590592437583267
2024-04-29,5116.17,14.67,4.63,4.97,3.12,0.0031734156874775,0.0208504438446434,0.1090725123538638,0.113499636479685,0.1302764045131328,-0.3599999999999994,-2.2700000000000014,0.0164235954868671,-0.3399999999999998,0.0099999999999997,0.0,0.3911280652638607
2024-04-30,5035.69,15.65,4.69,5.04,3.18,-0.0158555547534457,-0.0068987354854529,0.1539516908098785,0.1417562446955265,0.1388400843114629,0.9800000000000004,-0.0399999999999991,0.017659915688537,-0.3499999999999996,0.08,0.1799999999999997,0.3001381639853643
2024-05-01,5018.39,15.39,4.63,4.96,3.21,-0.0034413923648739,-0.010553099815739,0.1537557037823471,0.1396816637020053,0.1385804834887949,-0.2599999999999998,-0.5800000000000001,0.015319516511205,-0.33,-0.0200000000000004,0.0700000000000002,0.2951244554300404
2024-05-02,5064.2,14.68,4.58,4.87,3.16,0.0090870134013374,0.0031208554870557,0.1696996151887912,0.1462086116566992,0.1379378662723052,-0.7100000000000009,-0.6899999999999995,0.0088621337276947,-0.29,-0.1200000000000001,-0.0899999999999998,0.26979240767753604
2024-05-03,5127.79,13.49,4.5,4.81,3.08,0.0124785886089991,0.0054420705794945,0.178487315701857,0.1450767700494024,0.1396633333897581,-1.1899999999999995,-1.5399999999999991,-0.0047633333897581,-0.3099999999999996,-0.1699999999999999,-0.1500000000000003,0.1850193099732871
2024-05-06,5180.74,13.49,4.49,4.82,3.03,0.0102731360693768,0.0125417909613934,0.1904293955793596,0.1469619452513395,0.1450442119702587,0.0,-1.1799999999999995,-0.0101442119702587,-0.33,-0.1399999999999996,-0.1499999999999994,0.08747233982294875
2024-05-07,5187.7,13.23,4.47,4.82,3.06,0.0013425358193505,0.0297398815341898,0.1066608006435096,0.139099797135311,0.1450292586105855,-0.2599999999999998,-2.42,-0.0127292586105854,-0.3500000000000005,-0.2200000000000006,-0.2199999999999997,0.11430921991569008
2024-05-08,5187.67,13.0,4.48,4.84,3.1,-5.78292629562257e-06,0.0331754909727681,0.0889206652698839,0.1391952999963883,0.1408190081839561,-0.2300000000000004,-2.390000000000001,-0.0108190081839561,-0.3599999999999994,-0.1499999999999994,-0.1200000000000001,0.21738493701161182
2024-05-09,5214.08,12.69,4.45,4.8,3.14,0.0050780025958913,0.029166480167322,0.0864775860364462,0.1342470227955776,0.1394808209956162,-0.3100000000000005,-1.99,-0.0125808209956162,-0.3499999999999996,-0.1299999999999999,-0.0700000000000002,0.2045786624363807
2024-05-10,5222.68,12.55,4.5,4.87,3.12,0.0016480214063461,0.0183359129646692,0.0657407361703878,0.1286285757759516,0.1280729806745856,-0.1399999999999988,-0.9399999999999996,-0.0025729806745856,-0.3700000000000001,0.0,0.0600000000000005,0.2037388085811006
2024-05-13,5221.42,13.6,4.48,4.85,3.14,-0.0002412845541718,0.0078214923411207,0.0337940557458576,0.1291781966201564,0.1186112656762526,1.049999999999999,0.1099999999999994,0.0173887343237474,-0.3699999999999992,-0.0099999999999997,0.0299999999999993,0.204221133635708
2024-05-14,5246.68,13.42,4.45,4.81,3.14,0.0048261000617198,0.0113050565834899,0.0406978525790926,0.0821214576250195,0.1183487767406477,-0.1799999999999997,0.1899999999999995,0.0158512232593522,-0.3599999999999994,-0.0199999999999995,-0.0100000000000006,0.1934172660542432
2024-05-15,5308.15,12.45,4.36,4.73,3.13,0.0116478796880459,0.0229587191978314,0.0719204949308943,0.0781367791725947,0.1195019931955353,-0.9700000000000006,-0.5500000000000007,0.0049980068044647,-0.3700000000000001,-0.1200000000000001,-0.1099999999999994,0.07121056747159331
2024-05-16,5297.1,12.42,4.38,4.78,3.08,-0.0020838743073001,0.01579684229464,0.0855505723382113,0.0841252525971972,0.1194327687586151,-0.0299999999999993,-0.2699999999999996,0.0047672312413848,-0.4000000000000003,-0.0700000000000002,-0.0199999999999995,0.1334415970064412
2024-05-17,5303.27,11.99,4.42,4.83,3.09,0.0011641104408194,0.0153129313291132,0.0861559842396131,0.0724255020946035,0.11160951564739,-0.4299999999999997,-0.5600000000000005,0.0082904843526099,-0.4100000000000001,-0.08,-0.04,0.17242583875991246
2024-05-20,5308.13,12.15,4.44,4.82,3.07,0.0009159960683443,0.0164702119516295,0.0837173371891744,0.0619026941093022,0.1100027128065648,0.1600000000000001,-1.4499999999999993,0.0114972871934351,-0.3799999999999999,-0.04,-0.0299999999999993,0.17185700231683096
2024-05-21,5321.41,11.86,4.41,4.82,3.07,0.0024986983273905,0.0141428102172999,0.0826578446571088,0.0616057984851385,0.1047256738851985,-0.2900000000000009,-1.5600000000000005,0.0138743261148014,-0.4100000000000001,-0.04,0.0100000000000006,0.2043034833609684
2024-05-22,5307.01,12.29,4.43,4.86,3.11,-0.002709717683547,-0.0002147871542929,0.035597119933141,0.0660736435520447,0.1060460940866081,0.4299999999999997,-0.1600000000000001,0.0168539059133918,-0.4300000000000006,0.0699999999999994,0.1299999999999999,0.2212242719616515
2024-05-23,5267.84,12.77,4.47,4.91,3.1,-0.0074081767856449,-0.0055390896326378,0.0637579632440706,0.0795874832398535,0.108899443572902,0.4800000000000004,0.3499999999999996,0.0188005564270979,-0.4400000000000004,0.0899999999999998,0.1299999999999999,0.2263216232460801
2024-05-24,5304.72,11.93,4.46,4.93,3.11,0.0069765789150719,0.0002733788416148,0.0862074578822992,0.085060931600502,0.1063439201185723,-0.8399999999999999,-0.0600000000000005,0.0129560798814276,-0.4699999999999997,0.04,0.0999999999999996,0.19816534840262215
2024-05-28,5306.04,12.92,4.54,4.94,3.09,0.0002488040454801,-0.0003938131812494,0.0859171297948131,0.084805755578847,0.1064110102453536,0.9900000000000002,0.7699999999999996,0.0227889897546463,-0.4000000000000003,0.0999999999999996,0.1200000000000001,0.1995549687387418
2024-05-29,5266.95,14.28,4.61,4.96,3.15,-0.0073943469365055,-0.0102868584451454,0.0954025847359985,0.0935565600448218,0.0908720715757879,1.3599999999999994,2.42,0.051927928424212,-0.3499999999999996,0.2000000000000001,0.1399999999999996,0.2469851447507522
2024-05-30,5235.48,14.47,4.55,4.92,3.19,-0.0059929167225422,-0.0135700574841407,0.0995730848607857,0.073953867372097,0.0934057566322142,0.1900000000000012,2.180000000000001,0.0512942433677857,-0.3700000000000001,0.1200000000000001,0.0599999999999996,0.22794985360392106
2024-05-31,5277.51,12.92,4.51,4.89,3.2,0.0079958649115222,0.0018339842130264,0.1129734004587195,0.0873576278198981,0.0924008086541256,-1.5500000000000007,0.1500000000000003,0.0367991913458743,-0.3799999999999999,0.04,-0.0200000000000004,0.1901672920318516
2024-06-03,5283.4,13.11,4.41,4.82,3.17,0.0011154342969859,-0.0040271604050596,0.0980460568467193,0.0873340236001593,0.0838171619756586,0.1899999999999995,1.1799999999999995,0.0472828380243414,-0.4100000000000001,-0.0499999999999998,-0.1099999999999994,0.1937119308386378
2024-06-04,5291.34,13.16,4.33,4.77,3.22,0.0015016920495655,-0.0027742724009742,0.0992903287657476,0.0876255215765059,0.0771507358772444,0.0500000000000007,0.2400000000000002,0.0544492641227555,-0.4399999999999995,-0.2099999999999999,-0.1700000000000008,0.19698303411077747
2024-06-05,5354.03,12.63,4.29,4.72,3.2,0.011778026448059,0.0163981009835902,0.1089142057398895,0.1063539287524933,0.086044387746215,-0.5299999999999994,-1.6499999999999986,0.0402556122537849,-0.4299999999999997,-0.3200000000000003,-0.2400000000000002,0.14803175616044711
2024-06-06,5352.96,12.58,4.28,4.72,3.2,-0.0001998694317565,0.022191148274376,0.0823738487728201,0.1048959110851194,0.0860945121239619,-0.0500000000000007,-1.8900000000000008,0.039705487876038,-0.4399999999999995,-0.2699999999999996,-0.2000000000000001,0.15259535607153174
2024-06-07,5346.99,12.22,4.43,4.87,3.15,-0.001115893180715,0.0130793901821388,0.0829783833339801,0.0953242279824449,0.0855511499855081,-0.3599999999999994,-0.6999999999999993,0.0366488500144918,-0.4400000000000004,-0.08,-0.0199999999999995,0.15169261710687787
2024-06-10,5360.79,12.74,4.47,4.87,3.15,0.0025775665246065,0.0145415224097594,0.0819556832989046,0.0906813173738725,0.0856708208453327,0.5199999999999996,-0.3699999999999992,0.0417291791546672,-0.4000000000000003,0.0599999999999996,0.0499999999999998,0.189807819190546
2024-06-11,5375.32,12.85,4.39,4.81,3.19,0.0027067548434573,0.0157465852036512,0.081094676875963,0.0909113259107519,0.0856041605080565,0.1099999999999994,-0.3100000000000005,0.0428958394919434,-0.4199999999999999,0.0599999999999996,0.04,0.1891526558703233
2024-06-12,5421.03,12.04,4.31,4.75,3.09,0.0084677271718827,0.0124362859274751,0.0594105966250658,0.0829747160099365,0.0884367513555651,-0.8100000000000005,-0.5900000000000016,0.0319632486444348,-0.4400000000000004,0.0199999999999995,0.0300000000000002,0.13900240135651976
2024-06-13,5433.74,11.94,4.24,4.68,3.2,0.0023418286723053,0.0149779840315373,0.0547234100040646,0.0670253348982582,0.0802521054043589,-0.0999999999999996,-0.6400000000000006,0.039147894595641,-0.4399999999999995,-0.04,-0.04,0.13621891317990703
2024-06-14,5431.6,12.66,4.2,4.67,3.29,-0.0003939131270021,0.0156999640852501,0.0514480585686146,0.0652365933403248,0.0795647831932845,0.7200000000000006,0.4399999999999995,0.0470352168067154,-0.4699999999999997,-0.2299999999999995,-0.2000000000000001,0.14453850009907046
2024-06-17,5473.23,12.75,4.28,4.75,3.26,0.007635185920104,0.0207575834807477,0.0598138648623373,0.0684360553794102,0.0827211998601502,0.0899999999999998,0.0099999999999997,0.0447788001398497,-0.4699999999999997,-0.1899999999999995,-0.1200000000000001,0.1004232497984339
2024-06-18,5487.03,12.3,4.22,4.69,3.24,0.0025181897678469,0.0205690184051373,0.0601150303750986,0.0677796279623474,0.0827468261618329,-0.4499999999999993,-0.5499999999999989,0.040253173838167,-0.4700000000000006,-0.1699999999999999,-0.1199999999999992,0.09544063160823
2024-06-20,5473.17,13.28,4.25,4.7,3.23,-0.0025291522760688,0.0095721389571854,0.0606294586698827,0.0567929231840006,0.0839842170906846,0.9799999999999986,1.2400000000000002,0.0488157829093153,-0.4500000000000002,-0.0599999999999996,-0.0499999999999998,0.08777366664277618
2024-06-21,5464.62,13.2,4.25,4.7,3.21,-0.0015633874377691,0.0056669228471108,0.0650712032590845,0.0587843403805709,0.0833352034854051,-0.08,1.2599999999999998,0.0486647965145948,-0.4500000000000002,0.0099999999999997,0.0200000000000004,0.10633844253637938
2024-06-24,5447.87,13.33,4.25,4.71,3.19,-0.0030698792218004,0.0029909567523126,0.071485153296443,0.0624485521114731,0.0784918940203621,0.1300000000000007,0.6699999999999999,0.0548081059796378,-0.4599999999999999,0.0499999999999998,0.04,0.10359620202161934
2024-06-25,5469.3,12.84,4.23,4.65,3.19,0.0039259309005764,-0.0007182982672149,0.0501468471069884,0.0632387002983728,0.0764829651717064,-0.4900000000000002,0.0899999999999998,0.0519170348282935,-0.4199999999999999,-0.0499999999999998,-0.0999999999999996,0.12829975803426905
2024-06-26,5477.9,12.55,4.32,4.71,3.18,0.0015711783413408,-0.0016653096937209,0.0473527772164156,0.0631421819457374,0.07633359101961,-0.2899999999999991,0.25,0.0491664089803899,-0.3899999999999997,0.1000000000000005,0.0199999999999995,0.14939963204124054
2024-06-27,5482.87,12.24,4.29,4.7,3.21,0.0009068706560974,0.0017707132384454,0.0434344077809584,0.0514064897343979,0.0686723317708637,-0.3100000000000005,-1.0399999999999991,0.0537276682291362,-0.4100000000000001,0.04,0.0,0.17191310481577973
2024-06-28,5460.48,12.44,4.36,4.71,3.18,-0.0040919885121458,-0.0007578878359311,0.053101117937582,0.0570147849494692,0.0660146418549764,0.1999999999999993,-0.7599999999999998,0.0583853581450235,-0.3499999999999996,0.1100000000000003,0.0099999999999997,0.15998356780175313
2024-07-01,5475.09,12.22,4.48,4.77,3.21,0.002672015942936,0.0049840073288052,0.0486832119138778,0.0577550668978722,0.0623136012736465,-0.2199999999999988,-1.1099999999999994,0.0598863987263534,-0.2899999999999991,0.2300000000000004,0.0599999999999996,0.1547056752880847
2024-07-02,5509.01,12.03,4.43,4.74,3.23,0.0061762197767835,0.0072342962050122,0.0587859290475389,0.0532037066772336,0.0640993639609886,-0.1900000000000012,-0.8100000000000005,0.0562006360390113,-0.3100000000000005,0.1999999999999993,0.0899999999999998,0.20078584723987247
2024-07-03,5537.02,12.09,4.36,4.71,3.25,0.0050715161981972,0.0107346340618685,0.0642505616406821,0.057112362521002,0.0649116127409422,0.0600000000000005,-0.4600000000000008,0.0559883872590577,-0.3499999999999996,0.04,0.0,0.2309882105047309
2024-07-05,5567.19,12.48,4.28,4.6,3.27,0.0054339884131971,0.0152617518189684,0.0667362228305989,0.0576846691955834,0.0558610083746519,0.3900000000000005,0.2400000000000002,0.068938991625348,-0.3199999999999994,-0.0099999999999997,-0.1000000000000005,0.2313926933551746
2024-07-08,5572.85,12.37,4.28,4.62,3.2,0.0010161544279964,0.0203698947591108,0.0342130760701223,0.0549847552364012,0.0554046077119876,-0.1100000000000012,-0.0700000000000002,0.0682953922880123,-0.3399999999999998,-0.08,-0.0899999999999998,0.23513718891012886
2024-07-09,5576.98,12.51,4.3,4.62,3.21,0.0007408185037586,0.0184386973199333,0.0412267322255748,0.0481210477101314,0.0543967990762505,0.1400000000000005,0.2899999999999991,0.0707032009237494,-0.3200000000000003,-0.1800000000000006,-0.1499999999999994,0.2556824941030173
2024-07-10,5633.91,12.85,4.28,4.62,3.17,0.0101562836421394,0.0224187611852893,0.0612043165480419,0.0620191084229133,0.0614620453612903,0.3399999999999998,0.8200000000000003,0.0670379546387096,-0.3399999999999998,-0.1499999999999994,-0.1200000000000001,0.29824683205812424
2024-07-11,5584.54,12.92,4.2,4.5,3.18,-0.0088016292301766,0.0085456157569154,0.1114394061132248,0.0858346323608863,0.0733386017940256,0.0700000000000002,0.8300000000000001,0.0558613982059743,-0.2999999999999998,-0.1600000000000001,-0.2099999999999999,0.291455635595429
2024-07-12,5615.35,12.46,4.18,4.45,3.19,0.0055018536287759,0.0086134809724941,0.1115832637464099,0.0873893079375495,0.0705223473563562,-0.4599999999999991,-0.0199999999999995,0.0540776526436438,-0.2700000000000004,-0.1000000000000005,-0.1499999999999994,0.3004305345582799
2024-07-15,5631.22,13.12,4.23,4.44,3.13,0.0028221956620428,0.0104195222065405,0.1115994499098518,0.0795787080740436,0.0705954057240334,0.6599999999999984,0.75,0.0606045942759665,-0.2099999999999999,-0.0499999999999998,-0.1799999999999997,0.3424726694590182
2024-07-16,5667.2,13.19,4.17,4.43,3.08,0.0063690536600414,0.0160477573628233,0.1144486781983411,0.0811970386235602,0.0718966680253904,0.0700000000000002,0.6799999999999997,0.0600033319746095,-0.2599999999999998,-0.1299999999999999,-0.1900000000000004,0.328143155426112
2024-07-17,5588.27,14.48,4.16,4.42,3.09,-0.0140254105550219,-0.008133936834338,0.1463016251106681,0.1174374125863355,0.0889589175663257,1.290000000000001,1.6300000000000008,0.0558410824336742,-0.2599999999999998,-0.1200000000000001,-0.2000000000000001,0.4431043601521331
2024-07-18,5544.59,15.93,4.2,4.46,3.09,-0.0078470804696827,-0.0071793880738442,0.143482219647026,0.123942147411538,0.0941328724172742,1.4499999999999993,3.01,0.0651671275827257,-0.2599999999999998,0.0,-0.04,0.4330395783984721
2024-07-19,5505.0,16.52,4.25,4.49,3.09,-0.0071659074070294,-0.0198471491096496,0.1326701511030561,0.124998205799471,0.0975045825158854,0.5899999999999999,4.059999999999999,0.0676954174841145,-0.2400000000000002,0.0700000000000002,0.04,0.4530325213344436
2024-07-22,5564.41,14.91,4.26,4.5,3.05,0.0107341891659749,-0.0119351556057175,0.1659127430187487,0.1384514110080217,0.1039618860334739,-1.6099999999999994,1.790000000000001,0.045138113966526,-0.2400000000000002,0.0299999999999993,0.0599999999999996,0.41996294563650566
2024-07-23,5555.74,14.72,4.25,4.4,3.02,-0.0015593317997995,-0.0198635410655584,0.1481486526806664,0.1385177690450835,0.103332282693465,-0.1899999999999995,1.5300000000000011,0.0438677173065349,-0.1500000000000003,0.08,-0.0299999999999993,0.42659936169472495
2024-07-24,5427.13,18.04,4.28,4.37,3.1,-0.0234211784438895,-0.029259308954426,0.1956998167456412,0.1666855406269689,0.1340293680847648,3.3199999999999985,3.5599999999999987,0.0463706319152351,-0.0899999999999998,0.1200000000000001,-0.0499999999999998,0.3250082719988819
2024-07-25,5399.22,18.46,4.27,4.41,3.08,-0.0051559504042484,-0.0265681788889917,0.1949022336543792,0.1645767053270991,0.1348504525064561,0.4200000000000017,2.530000000000001,0.0497495474935438,-0.1400000000000005,0.0699999999999994,-0.0499999999999998,0.3831971258639716
2024-07-26,5459.1,16.39,4.2,4.36,3.1,0.0110294423124888,-0.0083728291694735,0.2245580160360941,0.1749376138624379,0.1411150739419002,-2.0700000000000003,-0.129999999999999,0.0227849260580997,-0.1600000000000001,-0.0499999999999998,-0.1299999999999999,0.4504724164008397
2024-07-29,5463.54,16.6,4.17,4.36,3.13,0.0008129903108684,-0.0182940280245801,0.1996881531632148,0.1734065729087545,0.1404010589920497,0.2100000000000008,1.6900000000000013,0.0255989410079502,-0.1900000000000004,-0.0899999999999998,-0.1399999999999996,0.6603496970036413
2024-07-30,5436.44,17.69,4.15,4.35,3.2,-0.004972496433736,-0.0217071926585166,0.1988959676925394,0.1653669902274384,0.1411121191573124,1.09,2.9700000000000006,0.0357878808426875,-0.1999999999999993,-0.0999999999999996,-0.0500000000000007,0.6756998015637098
2024-07-31,5522.3,16.36,4.09,4.29,3.25,0.015670005291918,0.0173839910772907,0.1503324136045065,0.182092182653464,0.1506415802052268,-1.3300000000000018,-1.6799999999999995,0.0129584197947731,-0.2000000000000001,-0.1900000000000004,-0.08,0.640222852270229
2024-08-01,5446.68,18.59,3.99,4.16,3.35,-0.0137881914330531,0.0087517500484861,0.1890633118648942,0.1904276474694942,0.1571548984038442,2.2300000000000004,0.129999999999999,0.0287451015961557,-0.1699999999999999,-0.2799999999999993,-0.25,0.7019682548430204
2024-08-02,5346.56,23.39,3.8,3.88,3.72,-0.0185528852946028,-0.0208305775586055,0.2127534868587303,0.2072766056957101,0.1672316341044599,4.800000000000001,7.0,0.06666836589554,-0.08,-0.4000000000000003,-0.4800000000000004,0.6414770356794076
2024-08-05,5186.33,38.57,3.78,3.89,3.93,-0.0304270454968821,-0.0520706133663561,0.273591732333435,0.2327757128742424,0.1946530346115556,15.18,21.97,0.1910469653884443,-0.1100000000000003,-0.3900000000000001,-0.4700000000000002,0.4221260113227241
2024-08-06,5240.03,27.71,3.9,3.99,3.67,0.0103009055577195,-0.0367972113749006,0.3115793918405063,0.2477237601062691,0.2003513692966763,-10.86,10.02,0.0767486307033236,-0.0900000000000003,-0.2500000000000004,-0.3599999999999994,0.4709480934956366
2024-08-07,5199.5,27.85,3.96,4.0,3.57,-0.0077647563892511,-0.0602319730560697,0.2382433710653806,0.2283393547949236,0.1946226140199705,0.1400000000000005,11.490000000000002,0.0838773859800295,-0.04,-0.1299999999999999,-0.29,0.45855116051576433
2024-08-08,5319.31,23.79,3.99,4.04,3.48,0.0227811285756075,-0.0236626530474091,0.340785638226423,0.2654130167966816,0.2154843728184163,-4.060000000000002,5.199999999999999,0.0224156271815836,-0.0499999999999998,0.0,-0.1200000000000001,0.37951823918399996
2024-08-09,5344.16,20.37,3.94,4.05,3.49,0.0046607802121507,-0.0004489875406555,0.3207345581542224,0.258845111127947,0.2150939300705674,-3.419999999999998,-3.02,-0.0113939300705674,-0.1099999999999998,0.1400000000000001,0.1699999999999999,0.37357156100675754
2024-08-12,5344.39,20.71,3.9,4.01,3.52,4.3036707511422095e-05,0.0300210946637381,0.1821857271748093,0.2586289327368909,0.2144113000950049,0.3399999999999998,-17.86,-0.0073113000950049,-0.1099999999999998,0.1200000000000001,0.1199999999999996,0.4039126868773356
2024-08-13,5434.43,18.12,3.85,3.93,3.54,0.016707226654933,0.0364274157609516,0.1967952572907365,0.2745418167967935,0.2231194834066344,-2.59,-9.59,-0.0419194834066344,-0.08,-0.0499999999999998,-0.06,0.3062659405003474
2024-08-14,5455.21,16.19,3.83,3.94,3.46,0.0038164760676323,0.0480086482178352,0.1533832776932378,0.2617015568443573,0.2194261578845818,-1.93,-11.66,-0.0575261578845818,-0.1099999999999998,-0.1299999999999999,-0.06,0.3076343043162514
2024-08-15,5543.22,15.23,3.92,4.08,3.31,0.0160044440127859,0.0412319636550136,0.1207790571665566,0.2643681716564943,0.2260828992067788,-0.9600000000000009,-8.559999999999999,-0.0737828992067788,-0.1600000000000001,-0.0700000000000002,0.04,0.2244560239490063
2024-08-16,5554.25,14.8,3.89,4.06,3.29,0.0019878411263283,0.0385590245691912,0.1271033762891086,0.2390835861401473,0.2245712673452548,-0.4299999999999997,-5.57,-0.0765712673452548,-0.1699999999999994,-0.0499999999999998,0.0099999999999997,0.2867718058996249
2024-08-19,5608.25,14.65,3.86,4.06,3.21,0.0096753274361777,0.0481913152978576,0.1073503073651174,0.1442154503362893,0.2239584576086899,-0.1500000000000003,-6.0600000000000005,-0.0774584576086899,-0.1999999999999997,-0.04,0.0499999999999998,0.2473098587064612
2024-08-20,5597.12,15.88,3.82,3.99,3.25,-0.0019865481747165,0.0294975404682079,0.1117424937852844,0.1513161578952286,0.2240129644290714,1.2300000000000004,-2.24,-0.0652129644290714,-0.1700000000000003,-0.0300000000000002,0.06,0.24659261162214235
2024-08-21,5620.85,16.27,3.79,3.92,3.27,0.0042307182841846,0.0299117826847601,0.1112938027539925,0.1299161586438389,0.2058262864079101,0.3899999999999988,0.0799999999999983,-0.0431262864079101,-0.1299999999999999,-0.04,-0.02,0.2556386885183607
2024-08-22,5570.64,17.55,3.86,3.99,3.21,-0.0089729494254644,0.0049343892465099,0.1108527824936094,0.1250355641081454,0.2079606603695626,1.2800000000000011,2.3200000000000003,-0.0324606603695626,-0.1300000000000003,-0.06,-0.0899999999999998,0.21227822806174687
2024-08-23,5634.61,15.86,3.81,3.9,3.19,0.0114179862085024,0.0143645343286839,0.134013563116151,0.1296195381681229,0.2081996829419662,-1.6900000000000013,1.0599999999999987,-0.0495996829419662,-0.0899999999999998,-0.08,-0.1599999999999997,0.19396698975015905
2024-08-26,5616.84,16.15,3.82,3.91,3.15,-0.0031587066155747,0.0015305002769315,0.1235355289846704,0.1341668527716056,0.2088705455064682,0.2899999999999991,1.4999999999999982,-0.0473705455064682,-0.0900000000000003,-0.04,-0.1499999999999994,0.3876567738954509
2024-08-27,5625.8,15.43,3.83,3.83,3.17,0.0015939320118754,0.0051109804635234,0.121954254941337,0.1175790275355858,0.2075164182590368,-0.7199999999999989,-0.450000000000001,-0.0532164182590368,0.0,0.0100000000000002,-0.1600000000000001,0.3876669940523371
2024-08-28,5592.18,17.11,3.84,3.83,3.19,-0.0059939669454233,-0.0051137047660846,0.1265238912765915,0.1267076243493595,0.2023743410001275,1.6799999999999995,0.8399999999999999,-0.0312743410001275,0.0099999999999997,0.0499999999999998,-0.0899999999999998,0.3788592031539836
2024-08-29,5591.96,15.65,3.87,3.87,3.15,-3.934142455813639e-05,0.0038199032348217,0.1052694476196424,0.1019320494509555,0.1951389698157042,-1.459999999999999,-1.9000000000000004,-0.0386389698157042,0.0,0.0100000000000002,-0.1200000000000001,0.4689616818293301
2024-08-30,5648.4,15.0,3.91,3.91,3.13,0.0100424673828566,0.0024443844091757,0.0965945810458516,0.1119232177747306,0.1825127255574244,-0.6500000000000004,-0.8599999999999994,-0.0325127255574244,0.0,0.1,0.0100000000000002,0.47740568076222994
2024-09-03,5528.93,20.72,3.84,3.88,3.31,-0.0213780124545814,-0.0157749214298308,0.1855638891209161,0.1514106892983146,0.1624188515364624,5.719999999999999,4.57,0.0447811484635375,-0.04,0.02,-0.0300000000000002,0.3431704488019518
2024-09-04,5520.07,21.32,3.77,3.76,3.35,-0.0016037653903594,-0.0189726188320657,0.1817578752792413,0.151383090177077,0.1610052508496598,0.6000000000000014,5.890000000000001,0.0521947491503401,0.0100000000000002,-0.06,-0.0700000000000002,0.38141627509959114
2024-09-05,5503.41,19.9,3.73,3.75,3.29,-0.0030226412501879,-0.0160012931368302,0.1807137309110156,0.1481928877599027,0.1578031862019085,-1.4200000000000017,2.789999999999999,0.0411968137980914,-0.02,-0.1099999999999998,-0.08,0.39651979791671255
2024-09-06,5408.42,22.38,3.72,3.66,3.39,-0.0174109016708675,-0.0333728533831397,0.2023562409096876,0.1643093316478319,0.154906430295405,2.4800000000000004,6.729999999999999,0.0688935697045949,0.06,-0.1499999999999999,-0.2099999999999999,0.2969281754406695
2024-09-09,5471.05,19.45,3.7,3.68,3.36,0.0115135556900214,-0.0319017650759749,0.2101326748925145,0.1645439481273159,0.1590092386966713,-2.93,4.449999999999999,0.0354907613033286,0.02,-0.2099999999999999,-0.2299999999999999,0.23485779608547164
2024-09-10,5495.52,19.08,3.65,3.59,3.46,0.0044626607244902,-0.0060610918969034,0.1702310345147207,0.168664058620229,0.1593660747308757,-0.370000000000001,-1.6400000000000006,0.0314339252691242,0.06,-0.1899999999999999,-0.29,0.22395790891246625
2024-09-11,5554.13,17.69,3.65,3.62,3.44,0.0106085803030387,0.0061512537964947,0.1894540469204198,0.1800066389744085,0.1529344279101442,-1.389999999999997,-3.629999999999999,0.0239655720898557,0.0299999999999998,-0.1200000000000001,-0.1399999999999996,0.15465047242747004
2024-09-12,5595.76,17.07,3.68,3.64,3.39,0.0074673729420304,0.0166412679887133,0.1892555067931952,0.1828028460894257,0.1543405085741404,-0.620000000000001,-2.8299999999999983,0.0163594914258596,0.04,-0.0499999999999998,-0.1099999999999998,0.2850964009184427
2024-09-13,5626.02,16.56,3.66,3.57,3.37,0.0053930968783714,0.0394452665379521,0.0493647575126293,0.184740710341203,0.1452337643920969,-0.5100000000000016,-5.82,0.020366235607903,0.0900000000000003,-0.06,-0.0900000000000003,0.27368162990026185
2024-09-16,5633.09,17.14,3.63,3.56,3.32,0.001255872076788,0.0291875829247186,0.0552758277503957,0.1772909490171053,0.1451736698659887,0.5800000000000018,-2.3099999999999987,0.0262263301340112,0.0699999999999998,-0.0700000000000002,-0.1200000000000001,0.2765635308478741
2024-09-17,5634.58,17.61,3.65,3.59,3.25,0.0002644734907367,0.0249893956909653,0.0683444623866218,0.1328718800806375,0.1412512904687579,0.4699999999999988,-1.4699999999999989,0.034848709531242,0.06,0.0,0.0,0.2793829235612138
2024-09-18,5618.26,18.23,3.7,3.61,3.21,-0.0029006031263851,0.0114802122615413,0.0657158406210251,0.1339822769912861,0.1414789721676908,0.620000000000001,0.5399999999999991,0.0408210278323092,0.0900000000000003,0.0500000000000002,-0.0100000000000002,0.2771446682329452
2024-09-19,5713.64,16.33,3.73,3.59,3.1,0.0168342912475869,0.0208471305670977,0.1218359286411626,0.1502192217669174,0.1528699879157323,-1.900000000000002,-0.740000000000002,0.0104300120842676,0.1400000000000001,0.0499999999999998,-0.0500000000000002,0.09740494536096231
2024-09-20,5702.55,16.15,3.73,3.55,3.15,-0.0019428554515017,0.0135111782372246,0.1281610480040841,0.1013231753823643,0.1488824623271254,-0.1799999999999997,-0.4100000000000001,0.0126175376728745,0.1800000000000001,0.0699999999999998,-0.02,0.0945132612331261
2024-09-23,5718.57,15.89,3.75,3.57,3.15,0.0028053309143568,0.0150606370747935,0.1275299161221338,0.0956302867264313,0.1440812014508807,-0.259999999999998,-1.25,0.0148187985491193,0.1800000000000001,0.1200000000000001,0.0099999999999997,0.10702068983112756
2024-09-24,5732.93,15.39,3.74,3.49,3.21,0.0025079697029956,0.0173041332870526,0.125462537561301,0.0961108443343849,0.1434504258570055,-0.5,-2.219999999999999,0.0104495741429944,0.25,0.0900000000000003,-0.0999999999999996,0.17883804598455486
2024-09-25,5722.26,15.41,3.79,3.53,3.19,-0.0018629115860669,0.0183418248273707,0.1223248454064578,0.0932822583878595,0.1437923065482886,0.0199999999999995,-2.8200000000000003,0.0103076934517113,0.2600000000000002,0.0899999999999998,-0.08,0.17638968532085353
2024-09-26,5745.37,15.37,3.79,3.6,3.14,0.0040304808028723,0.0055380143826562,0.0445588806365475,0.090199808556173,0.1418537845604091,-0.0400000000000009,-0.9599999999999992,0.0118462154395908,0.1899999999999999,0.06,0.0100000000000002,0.16653307489601518
2024-09-27,5738.17,16.96,3.75,3.55,3.14,-0.0012539688882457,0.0062269009459122,0.041768804331874,0.0906866880429694,0.142077055520649,1.5900000000000016,0.8100000000000023,0.0275229444793509,0.2000000000000001,0.02,0.0,0.21779340580714895
2024-09-30,5762.48,16.73,3.81,3.66,3.03,0.004227593432856,0.0076491634644116,0.0461100289687249,0.0912531835825826,0.1387874920694667,-0.2300000000000004,0.8399999999999999,0.0285125079305332,0.1499999999999999,0.06,0.0900000000000003,0.25750897467467043
2024-10-01,5708.75,19.26,3.74,3.61,3.07,-0.009367852083837,-0.0042266583224211,0.0881513879735057,0.1083862187901488,0.1181109884260922,2.530000000000001,3.870000000000001,0.0744890115739077,0.1300000000000003,0.0,0.1199999999999996,0.26005318075366596
2024-10-02,5709.54,18.9,3.79,3.63,3.06,0.0001383744853669,-0.0022253722509873,0.0878403752441851,0.1061325372235858,0.1176451431429238,-0.360000000000003,3.4899999999999984,0.0713548568570761,0.1600000000000001,0.0,0.1,0.283344270347436
2024-10-03,5699.94,20.49,3.85,3.7,3.04,-0.0016828115331257,-0.0079386645869853,0.0783532646175669,0.0641835542761949,0.1170282029230334,1.59,5.119999999999999,0.0878717970769665,0.1499999999999999,0.06,0.1,0.283993782702888
2024-10-04,5751.07,19.21,3.98,3.93,2.89,0.0089302759844378,0.0022455802856981,0.1086045798064898,0.0778586997343108,0.0951144565089885,-1.2799999999999976,2.25,0.0969855434910114,0.0499999999999998,0.2299999999999999,0.3800000000000003,0.2640633231592929
2024-10-07,5695.94,22.64,4.03,3.99,2.95,-0.0096322841074211,-0.0116142972545791,0.1219757355397275,0.0927170717130531,0.0997268665779764,3.43,5.91,0.1266731334220235,0.04,0.2200000000000002,0.33,0.24739586261763571
2024-10-08,5751.13,21.42,4.04,3.98,2.99,0.0096427168941927,0.0073962717234504,0.1273484718357304,0.1050700998773116,0.1030533230100871,-1.2199999999999989,2.16,0.1111466769899129,0.06,0.2999999999999998,0.3700000000000001,0.22907782613487537
2024-10-09,5792.04,20.86,4.06,3.99,2.94,0.0070882038963943,0.0143461011344777,0.1322035555531564,0.1093897783645983,0.0999887803176607,-0.5600000000000023,1.9600000000000009,0.1086112196823392,0.0699999999999994,0.2699999999999996,0.3600000000000003,0.21285443222804315
2024-10-10,5780.05,20.93,4.09,3.98,2.99,-0.0020722279710146,0.0139566846965888,0.1330743219114886,0.1092769550698401,0.0989215144795811,0.0700000000000002,0.4400000000000013,0.1103784855204188,0.1099999999999998,0.2399999999999997,0.2799999999999998,0.2103146992109228
2024-10-11,5815.03,20.46,4.08,3.95,2.98,0.0060336118627852,0.0110600205749361,0.1260598134418577,0.111903739929357,0.0992710401880317,-0.4699999999999988,1.25,0.1053289598119682,0.1299999999999999,0.1,0.02,0.19752865865926214
2024-10-14,5859.85,19.7,4.08,3.95,2.97,0.0076780609629941,0.0283703656453515,0.0718311900204889,0.1156816925950199,0.1015229320514839,-0.7600000000000016,-2.9400000000000013,0.095477067948516,0.1299999999999999,0.0499999999999998,-0.04,0.15811488141624214
2024-10-15,5815.26,20.64,4.03,3.95,2.93,-0.0076385090687541,0.0110891396824048,0.107562786169672,0.1113019937371197,0.1070144734150973,0.9400000000000012,-0.7800000000000011,0.0993855265849026,0.08,-0.0099999999999997,-0.0299999999999998,0.10175350212813256
2024-10-16,5842.47,19.58,4.02,3.93,2.9,0.0046681557065759,0.0086690914925865,0.1018814147610605,0.1116754064977767,0.1061823837618525,-1.0600000000000025,-1.2800000000000011,0.0896176162381474,0.0899999999999994,-0.04,-0.06,0.1623220842297476
2024-10-17,5841.47,19.11,4.09,3.96,2.89,-0.0001711751348332,0.010570144328768,0.0982359200689621,0.1104160287773748,0.0905937071094984,-0.4699999999999988,-1.8200000000000005,0.1005062928905015,0.1299999999999999,0.0,-0.02,0.16582790560893473
2024-10-18,5864.67,18.03,4.08,3.95,2.88,0.0039637370431245,0.0085002695091072,0.0940424639094837,0.1049366819328722,0.0903828688994587,-1.0799999999999983,-2.43,0.0899171311005413,0.1299999999999999,0.0,0.0,0.15350009405423623
2024-10-21,5853.98,18.37,4.19,4.02,2.88,-0.001824442741309,-0.0010022341951958,0.0789773547715124,0.0864933267592617,0.090921685469059,0.3399999999999998,-1.3299999999999983,0.092778314530941,0.1700000000000008,0.1100000000000003,0.0699999999999994,0.15649411770498123
2024-10-22,5851.2,18.2,4.2,4.03,2.92,-0.0004750033835055,0.0061612714900527,0.0459361713959869,0.0784088240105298,0.0909560952063528,-0.1700000000000017,-2.4400000000000013,0.0910439047936471,0.1699999999999999,0.1699999999999999,0.08,0.15839529184002737
2024-10-23,5797.42,19.24,4.24,4.07,2.95,-0.009233777411953,-0.0077406616284762,0.0763685140771136,0.0892149379626394,0.0975778313152237,1.0399999999999991,-0.3399999999999998,0.0948221686847762,0.1699999999999999,0.2200000000000006,0.1400000000000001,0.07972851649500856
2024-10-24,5809.86,19.08,4.21,4.07,2.93,0.0021434831869283,-0.0054260033067146,0.0806458958653056,0.0888596395534301,0.0969392154184126,-0.1600000000000001,-0.0300000000000011,0.0938607845815873,0.1399999999999996,0.1200000000000001,0.1100000000000003,0.3068757072726013
2024-10-25,5808.12,20.33,4.25,4.11,2.89,-0.0002995357218741,-0.0096892760717132,0.0686123576818541,0.0833628105891621,0.0967616242749923,1.25,2.299999999999997,0.1065383757250076,0.1399999999999996,0.1699999999999999,0.1600000000000001,0.31361389932076367
2024-10-28,5823.52,19.8,4.28,4.12,2.82,0.0026479514493707,-0.0052168818810334,0.0760242226293802,0.07342120039073,0.0961378847205943,-0.5299999999999976,1.4299999999999995,0.1018621152794056,0.1600000000000001,0.0899999999999998,0.1000000000000005,0.3139827447151029
2024-10-29,5832.92,19.34,4.28,4.11,2.85,0.0016128426925638,-0.003129035804964,0.0784149362009965,0.0625487751461318,0.0887673588068795,-0.4600000000000008,1.1400000000000006,0.1046326411931204,0.1699999999999999,0.08,0.08,0.3679434520971981
2024-10-30,5813.67,20.35,4.29,4.15,2.8,-0.003305691628139,0.0027990499788498,0.0386062444138858,0.0597120156563099,0.0900819029898657,1.0100000000000016,1.110000000000003,0.1134180970101342,0.1399999999999996,0.0499999999999998,0.08,0.5384164415937439
2024-10-31,5705.45,23.16,4.28,4.16,2.88,-0.0187901825995198,-0.0181346158075982,0.1392820335447172,0.1093836287323223,0.1139123791698812,2.8099999999999987,4.080000000000002,0.1176876208301188,0.1200000000000001,0.0700000000000002,0.0899999999999998,0.46339170344243585
2024-11-01,5728.8,21.88,4.37,4.21,2.83,0.0040842263302362,-0.013750853755488,0.1490165632617179,0.1095800451352911,0.1101370668949981,-1.2800000000000011,1.5500000000000007,0.1086629331050018,0.1600000000000001,0.1200000000000001,0.0999999999999996,0.4626787893931546
2024-11-04,5712.69,21.98,4.31,4.17,2.87,-0.0028160686495115,-0.0192148738543703,0.14140094639532,0.109561460939901,0.1049240227400705,0.1000000000000014,2.18,0.1148759772599294,0.1399999999999996,0.0299999999999993,0.0499999999999998,0.4607707198513439
2024-11-05,5782.76,20.49,4.26,4.19,2.86,0.012191061302748,-0.008636655244186,0.1813993912099331,0.132070258648157,0.1083179634442367,-1.490000000000002,1.1499999999999986,0.0965820365557632,0.0699999999999994,-0.0200000000000004,0.08,0.42068001193605503
2024-11-06,5929.04,16.27,4.42,4.27,2.74,0.0249812338388965,0.0196502702228494,0.260014978096931,0.1774976704346359,0.1378439673521464,-4.219999999999999,-4.080000000000002,0.0248560326478535,0.1500000000000003,0.1299999999999999,0.1199999999999992,0.14043372577431015
2024-11-07,5973.1,15.2,4.31,4.21,2.73,0.0074037444129894,0.0458441972353585,0.1649292830605737,0.1793678664954676,0.1389880177196588,-1.0700000000000005,-7.960000000000001,0.0130119822803411,0.0999999999999996,0.0299999999999993,0.0499999999999998,0.12323673024157114
2024-11-08,5995.54,14.94,4.3,4.26,2.63,0.0037498038697994,0.0455097747749217,0.1655945547950519,0.1785770569998854,0.1382656181388709,-0.2599999999999998,-6.94,0.011134381861129,0.04,-0.0700000000000002,0.0499999999999998,0.2369873244273208
2024-11-11,6001.35,14.97,4.3,4.26,2.63,0.0009685844338363,0.0492944278582697,0.1498671487780677,0.1789147454051498,0.1363455568489623,0.0300000000000011,-7.01,0.0133544431510376,0.04,-0.0099999999999997,0.0899999999999998,0.24449845160748607
2024-11-12,5983.99,14.71,4.43,4.34,2.61,-0.0028968743715661,0.0342064921839556,0.171755228030298,0.1813155257933102,0.1332763472954299,-0.2599999999999998,-5.779999999999998,0.01382365270457,0.0899999999999998,0.1699999999999999,0.1499999999999994,0.24820973286332954
2024-11-13,5985.38,14.02,4.44,4.27,2.64,0.0002322595101076,0.0094575178551665,0.0616717546333501,0.1789670547205394,0.1327761352678345,-0.6900000000000013,-2.25,0.0074238647321654,0.1700000000000008,0.0200000000000004,0.0,0.2481825922973279
2024-11-14,5949.17,14.31,4.43,4.34,2.6,-0.0060681150291174,-0.0040143415869401,0.0599481000250509,0.1436917203777347,0.1352162629287698,0.2900000000000009,-0.8899999999999988,0.0078837370712301,0.0899999999999998,0.1200000000000001,0.1299999999999999,0.24385320025444293
2024-11-15,5870.62,16.14,4.43,4.31,2.72,-0.0132914639605682,-0.0210556094173077,0.0919493366851257,0.168379497884139,0.143662186842285,1.83,1.200000000000001,0.0177378131577149,0.1200000000000001,0.1299999999999999,0.0499999999999998,0.1340358134534142
2024-11-18,5893.62,15.58,4.42,4.29,2.72,0.0039101598241076,-0.0181140340270366,0.1039739560062233,0.1658611473264855,0.1441108612186422,-0.5600000000000005,0.6099999999999994,0.0116891387813578,0.1299999999999999,0.1200000000000001,0.0300000000000002,0.128081069575801
2024-11-19,5916.98,16.35,4.39,4.27,2.69,0.0039557737052673,-0.0112613859502031,0.1174908542043902,0.1582236465150368,0.1446368332043234,0.7700000000000014,1.6400000000000006,0.0188631667956765,0.1200000000000001,-0.04,-0.0700000000000002,0.14375463437963448
2024-11-20,5917.11,17.16,4.41,4.31,2.67,2.1970426117316337e-05,-0.0114716750341935,0.1172198713781945,0.0949935660744716,0.1399818452870561,0.8099999999999987,3.140000000000001,0.0316181547129438,0.1000000000000005,-0.0300000000000002,0.04,0.1559503982482596
2024-11-21,5948.71,16.87,4.43,4.34,2.61,0.0053262353051749,-7.73246999010703e-05,0.1219262911836818,0.0908171442963509,0.1407737810052366,-0.2899999999999991,2.5600000000000005,0.0279262189947633,0.0899999999999998,0.0,0.0,0.15827904043863278
2024-11-22,5969.34,15.24,4.41,4.37,2.61,0.00346197920041,0.0166761184610774,0.0314233821021687,0.0904588652453221,0.1408822862548431,-1.6300000000000008,-0.9000000000000004,0.0115177137451568,0.04,-0.0199999999999995,0.0600000000000005,0.15342421253470043
2024-11-25,5987.37,14.6,4.27,4.21,2.64,0.0030158820722513,0.015781840709221,0.0310314718336638,0.091922181614678,0.1409326325734798,-0.6400000000000006,-0.9800000000000004,0.0050673674265201,0.0599999999999996,-0.1500000000000003,-0.08,0.14593919445690753
2024-11-26,6021.63,14.1,4.3,4.21,2.68,0.0057057361888066,0.0175318031927603,0.0359661059084279,0.0950337071530926,0.1417658596472301,-0.5,-2.2500000000000018,-0.0007658596472301,0.0899999999999998,-0.0899999999999998,-0.0599999999999996,0.14922038726444223
2024-11-27,5998.74,14.1,4.25,4.19,2.69,-0.0038085396153748,0.0137012931512682,0.0609490870303595,0.0976330156306009,0.1420073025560888,0.0,-3.0600000000000005,-0.0010073025560888,0.0599999999999996,-0.1600000000000001,-0.1199999999999992,0.13962116758559925
2024-11-29,6032.38,13.51,4.18,4.13,2.72,0.005592178893918,0.0139672367400113,0.0616847551136836,0.0940772794468962,0.1203758750909867,-0.5899999999999999,-3.360000000000001,0.0147241249090132,0.0499999999999998,-0.25,-0.2099999999999999,0.11479872361775238
2024-12-02,6047.15,13.34,4.19,4.17,2.68,0.0024454606033056,0.0129507181429066,0.0614122250266142,0.0464103702630774,0.1202819784006673,-0.1699999999999999,-1.9000000000000004,0.0131180215993326,0.0200000000000004,-0.2199999999999997,-0.2000000000000001,0.14575281870762755
2024-12-03,6049.88,13.3,4.23,4.17,2.66,0.0004513504631047,0.0103861865337602,0.0629711358376697,0.0476642359376998,0.1188437178856735,-0.0399999999999991,-1.299999999999999,0.0141562821143264,0.0600000000000005,-0.0399999999999991,-0.04,0.15301261836701185
2024-12-04,6086.49,13.45,4.19,4.13,2.66,0.0060331237505021,0.0107135740954554,0.0641906889907955,0.0503626020414876,0.1143618440719234,0.1499999999999985,-0.6500000000000004,0.0201381559280765,0.0600000000000005,-0.1099999999999994,-0.08,0.1758059912995326
2024-12-05,6075.11,13.54,4.17,4.15,2.66,-0.0018714648272306,0.0126506488835998,0.0534511669944904,0.0540730893808783,0.0786957825669742,0.0899999999999998,-0.5600000000000005,0.0567042174330257,0.0199999999999995,-0.08,-0.04,0.1935249249742339
2024-12-06,6090.27,12.77,4.15,4.1,2.67,0.0024923196558419,0.0095507896455237,0.0463178711958842,0.051953978509468,0.0754382441265978,-0.7699999999999996,-0.7400000000000002,0.0522617558734021,0.0500000000000007,-0.0299999999999993,-0.0300000000000002,0.18943794534657385
2024-12-09,6052.85,14.19,4.2,4.13,2.67,-0.0061631802121963,0.0009421488300217,0.072799634069407,0.0665991132610151,0.0787304227654424,1.42,0.8499999999999996,0.0631695772345575,0.0700000000000002,0.0099999999999997,-0.04,0.17302706384385072
2024-12-10,6034.91,14.18,4.22,4.15,2.67,-0.0029682940713745,-0.0024774957044575,0.0759991890372275,0.0692298230648378,0.0796385045696611,-0.0099999999999997,0.879999999999999,0.0621614954303388,0.0699999999999994,-0.0100000000000006,-0.0199999999999995,0.177468438665826
2024-12-11,6084.19,13.58,4.26,4.15,2.64,0.008132661932885,-0.0003779575220743,0.0878927568711356,0.0748943561954477,0.083342462931175,-0.5999999999999996,0.1300000000000007,0.0524575370688249,0.1099999999999994,0.0699999999999994,0.0200000000000004,0.4905807144321343
2024-12-12,6051.25,13.92,4.32,4.18,2.66,-0.0054287410919564,-0.0039352337868001,0.0957488889132199,0.0781962018290829,0.0862528997473155,0.3399999999999998,0.3800000000000008,0.0529471002526844,0.1400000000000005,0.1500000000000003,0.0299999999999993,0.48314743776337377
2024-12-13,6051.09,13.81,4.4,4.25,2.68,-2.6441167577320025e-05,-0.0064539946102195,0.0919067070418773,0.0736537021519808,0.0826999689621103,-0.1099999999999994,1.040000000000001,0.0554000310378896,0.1500000000000003,0.25,0.1500000000000003,0.5127198088915601
2024-12-16,6074.08,14.69,4.39,4.25,2.69,0.0037921163249597,0.0035013019269367,0.0856161570866957,0.0750442045782069,0.0640973572017994,0.879999999999999,0.5,0.0828026427982005,0.1399999999999996,0.1899999999999995,0.1200000000000001,0.5220568911186372
2024-12-17,6050.61,15.87,4.4,4.25,2.75,-0.003871444022763,0.0025981519755482,0.0882536498970601,0.078107860780986,0.0664526429972351,1.1799999999999995,1.6899999999999995,0.0922473570027648,0.1500000000000003,0.1800000000000006,0.0999999999999996,0.5469550102665939
2024-12-18,5872.16,27.62,4.5,4.35,2.73,-0.0299365545089876,-0.0354710644663246,0.2105091079313965,0.1630239737093683,0.1285098457481729,11.750000000000002,14.04,0.147690154251827,0.1500000000000003,0.2400000000000002,0.1999999999999993,0.27084967009669014
2024-12-19,5867.08,24.09,4.57,4.32,2.91,-0.0008654734577528,-0.030907796832121,0.2152235666722669,0.1633978159378312,0.1285116210555199,-3.530000000000001,10.17,0.11238837894448,0.25,0.25,0.1400000000000005,0.3229807879199071
2024-12-20,5930.85,18.36,4.52,4.3,2.86,0.0108104762524106,-0.0200708794121331,0.2462612719911679,0.1767101833923466,0.1331570937852222,-5.73,4.549999999999999,0.0504429062147777,0.2199999999999997,0.1199999999999992,0.0499999999999998,0.3225531467664043
2024-12-23,5974.07,16.78,4.59,4.3,2.85,0.0072608954754625,-0.0166021002616305,0.2542890378173822,0.182012412054882,0.1351912350482625,-1.5799999999999983,2.0900000000000016,0.0326087649517375,0.29,0.2000000000000001,0.0499999999999998,0.3088712008336587
2024-12-24,6040.04,14.27,4.59,4.29,2.86,0.0109821972738319,-0.0017484589650354,0.2734070705809436,0.1916700394275059,0.1403753244949432,-2.5100000000000016,-1.5999999999999996,0.0023246755050567,0.2999999999999998,0.1899999999999995,0.04,0.2574045624433668
2024-12-26,6037.59,14.73,4.58,4.3,2.86,-0.0004057087414676,0.0277823868024847,0.0928139921600829,0.1863507039923287,0.1390030617833819,0.4600000000000008,-12.89,0.008296938216618,0.2800000000000002,0.08,-0.0499999999999998,0.325114771734029
2024-12-27,5970.84,15.95,4.62,4.31,2.84,-0.0111173046755963,0.0175305555846411,0.1490198327894774,0.1924227063527849,0.144079687738267,1.2199999999999989,-8.14,0.0154203122617329,0.3100000000000005,0.0499999999999998,-0.0100000000000006,0.2867755300368346
2024-12-30,5906.94,17.4,4.55,4.24,2.94,-0.0107596901911012,-0.0040396108588706,0.1606378553703965,0.1978419622501158,0.1469736401568441,1.4499999999999993,-0.9600000000000009,0.0270263598431558,0.3099999999999996,0.0300000000000002,-0.0599999999999996,0.29066338686645105
2024-12-31,5881.63,17.35,4.58,4.25,2.92,-0.0042939964541344,-0.0155945027884676,0.1441741286054524,0.1948851401952086,0.1467941762125892,-0.0499999999999971,0.5700000000000003,0.0267058237874107,0.33,-0.0099999999999997,-0.0499999999999998,0.28363936985715743
2025-01-02,5868.55,17.93,4.57,4.25,2.88,-0.0022263497925529,-0.0288030498548526,0.0781736503676782,0.1949060587978131,0.1466569101517897,0.5799999999999983,3.66,0.0326430898482102,0.3200000000000003,-0.0199999999999995,-0.04,0.3741559548545269
2025-01-03,5942.47,16.13,4.6,4.28,2.81,0.012517287272659,-0.015880053840726,0.1524712586493454,0.1396380986044758,0.1527658940318121,-1.8000000000000007,1.3999999999999986,0.0085341059681878,0.3199999999999994,0.0199999999999995,-0.0199999999999995,0.31801439532230835
2025-01-06,5975.38,16.04,4.62,4.28,2.76,0.0055228222624888,0.0007600730973592,0.1433623799919275,0.1406833351633651,0.1545771760697645,-0.0899999999999998,0.0899999999999998,0.0058228239302354,0.3399999999999998,0.0,-0.0299999999999993,0.3062311300164207
2025-01-07,5909.03,17.82,4.67,4.3,2.79,-0.0111660047698121,0.0003537585186483,0.1453262684033484,0.14460036198097,0.1582460119859755,1.7800000000000011,0.4200000000000017,0.0199539880140244,0.3700000000000001,0.1200000000000001,0.0599999999999996,0.38124332886635587
2025-01-08,5918.25,17.7,4.67,4.28,2.84,0.0015591077352828,0.0062068627080655,0.1400978451308757,0.138897200445014,0.157607486623985,-0.120000000000001,0.3499999999999978,0.0193925133760149,0.3899999999999997,0.0899999999999998,0.0300000000000002,0.38191756433530794
2025-01-10,5827.04,19.54,4.77,4.4,2.81,-0.0155316443538942,-0.0070984318532757,0.185373364268182,0.1389520678031832,0.1656603859315173,1.84,1.6099999999999994,0.0297396140684826,0.3699999999999992,0.1999999999999993,0.1500000000000003,0.33162662622190314
2025-01-13,5836.22,19.19,4.79,4.4,2.85,0.0015741742695762,-0.0180415448563584,0.1455404494081418,0.1405685929858142,0.162066575233568,-0.3499999999999978,3.0600000000000023,0.029833424766432,0.3899999999999997,0.1900000000000004,0.1200000000000001,0.3585490113253566
2025-01-14,5842.91,18.71,4.78,4.37,2.8,0.0011456334044923,-0.0224187337143548,0.130811394835119,0.1350705373787449,0.1619452577938725,-0.4800000000000004,2.6700000000000017,0.0251547422061274,0.4100000000000001,0.1600000000000001,0.0899999999999998,0.37102923436621715
2025-01-15,5949.91,16.12,4.66,4.27,2.72,0.0181471329854267,0.0068944040408841,0.189044189495686,0.1593416234194274,0.1766905047907187,-2.59,-1.6999999999999993,-0.0154905047907187,0.3900000000000005,-0.0099999999999997,-0.0300000000000002,0.24849878230716568
2025-01-16,5937.34,16.6,4.61,4.23,2.73,-0.0021148717634665,0.0032204245421347,0.1906163167088175,0.1577877265010597,0.1758774645808708,0.4800000000000004,-1.099999999999998,-0.0098774645808708,0.3799999999999999,-0.0599999999999996,-0.0499999999999998,0.2503691726223835
2025-01-17,5996.66,15.97,4.61,4.27,2.64,0.0099414259357241,0.0286934948317531,0.1308444307928969,0.1626915827220018,0.1798208236838201,-0.6300000000000008,-3.5699999999999985,-0.0201208236838201,0.3400000000000007,-0.1599999999999992,-0.1300000000000007,0.303553570357565
2025-01-21,6049.24,15.06,4.57,4.29,2.61,0.0087299967522312,0.0358493173144079,0.1262781122227583,0.1569498174593405,0.1446643682093227,-0.91,-4.130000000000001,0.0059356317906772,0.2800000000000002,-0.2199999999999997,-0.1100000000000003,0.30684738204406725
2025-01-22,6086.37,15.1,4.6,4.29,2.59,0.0061192005774427,0.0408228844873581,0.1158346825240897,0.1573759250437901,0.1452821221957316,0.0399999999999991,-3.610000000000001,0.0057178778042683,0.3099999999999996,-0.1800000000000006,-0.08,0.30043625578380295
2025-01-23,6118.71,15.02,4.65,4.29,2.61,0.0052994450977238,0.0279751965996552,0.0746793460716589,0.1400229015326953,0.1420473027171805,-0.08,-1.1000000000000014,0.0081526972828194,0.3600000000000003,-0.0099999999999997,0.0200000000000004,0.3002684562795235
2025-01-24,6101.24,14.85,4.63,4.27,2.6,-0.0028592607828964,0.0272308075802253,0.0795491542592812,0.1434411821369589,0.1411994027724195,-0.1699999999999999,-1.7500000000000018,0.0073005972275805,0.3600000000000003,0.0199999999999995,0.0399999999999991,0.30749307548741833
2025-01-27,6012.28,17.9,4.53,4.17,2.66,-0.0146879848836343,0.0026013967608669,0.1514956269298001,0.1404124318860319,0.1465575863364407,3.049999999999999,1.929999999999998,0.0324424136635592,0.3600000000000003,-0.08,-0.0999999999999996,0.23427881953084048
2025-01-28,6067.7,16.41,4.55,4.19,2.66,0.0091755762546756,0.0030469762633112,0.1530419869056379,0.1432119965904362,0.1503038431763801,-1.4899999999999984,1.3499999999999996,0.0137961568236198,0.3599999999999994,-0.0200000000000004,-0.0999999999999996,0.2161713729710444
2025-01-29,6039.31,16.56,4.55,4.21,2.68,-0.0046898535700948,-0.0077620778842263,0.1476696915366537,0.1492129759869292,0.1455125665772157,0.1499999999999985,1.459999999999999,0.0200874334227842,0.3399999999999998,-0.0499999999999998,-0.08,0.21218471067352268
2025-01-30,6071.17,15.84,4.52,4.18,2.67,0.0052615707224356,-0.0077999522595144,0.1475591808155761,0.1254571066332984,0.1399753222639414,-0.7199999999999989,0.8200000000000003,0.0184246777360585,0.3399999999999998,-0.1300000000000007,-0.1100000000000003,0.20342230130782268
2025-01-31,6040.53,16.43,4.58,4.22,2.68,-0.0050595812914254,-0.0100002727680433,0.1495925436968505,0.1289939932100645,0.140411983058412,0.5899999999999999,1.58,0.0238880169415879,0.3600000000000003,-0.0499999999999998,-0.0499999999999998,0.24025004422624738
2025-02-03,5994.57,18.62,4.54,4.26,2.73,-0.007637696973119,-0.0029499848575281,0.1166704373261721,0.1278142198719743,0.1435109445989953,2.1900000000000013,0.7200000000000024,0.0426890554010047,0.2800000000000002,0.0099999999999997,0.0899999999999998,0.23302122372261788
2025-02-04,6037.88,17.21,4.52,4.21,2.71,0.0071988974883324,-0.0049266636238711,0.1066615593398879,0.1250761284179612,0.1390530490285677,-1.41,0.8000000000000007,0.0330469509714322,0.3099999999999996,-0.0300000000000002,0.0199999999999995,0.20314590674163208
2025-02-05,6061.48,15.77,4.43,4.17,2.69,0.0039010377290886,0.0036642276753122,0.1052920374422976,0.1224114770170068,0.1384397357026643,-1.4400000000000013,-0.7899999999999991,0.0192602642973357,0.2599999999999998,-0.1200000000000001,-0.04,0.19826284354462376
2025-02-06,6083.57,15.5,4.45,4.21,2.66,0.0036377000274988,0.0020403569803754,0.1014529627664496,0.1205108664873649,0.1313818770499354,-0.2699999999999996,-0.3399999999999998,0.0236181229500645,0.2400000000000002,-0.0699999999999994,0.0300000000000002,0.25116767308802623
2025-02-07,6025.99,16.54,4.49,4.29,2.67,-0.0095099134821077,-0.0024099752103067,0.1198200333132952,0.1284051383535497,0.1370203235403431,1.0399999999999991,0.1099999999999994,0.0283796764596568,0.2000000000000001,-0.0899999999999998,0.0700000000000002,0.20073867155392192
2025-02-10,6066.44,15.81,4.51,4.28,2.66,0.0066901608481496,0.0119178826109619,0.1085590623098601,0.1091170582422738,0.1237316033082643,-0.7299999999999986,-2.8100000000000005,0.0343683966917357,0.2299999999999995,-0.0300000000000002,0.0200000000000004,0.17469879124384227
2025-02-11,6068.5,16.02,4.54,4.29,2.66,0.0003395154850024,0.0050585006076319,0.0999732497154276,0.0988814576018032,0.1238672410329506,0.209999999999999,-1.1900000000000013,0.0363327589670493,0.25,0.0200000000000004,0.08,0.17863670556535619
2025-02-12,6051.97,15.89,4.62,4.36,2.65,-0.0027276186894511,-0.0015701558109077,0.0989746173409729,0.0967356082447199,0.1249596225457867,-0.129999999999999,0.120000000000001,0.0339403774542132,0.2599999999999998,0.1900000000000004,0.1900000000000004,0.18652270177686842
2025-02-13,6115.07,15.1,4.52,4.31,2.65,0.0103723774596223,0.0051645216212156,0.1242385979800821,0.1070605714989332,0.1140020237704519,-0.7900000000000009,-0.4000000000000003,0.036997976229548,0.2099999999999999,0.0699999999999994,0.0999999999999996,0.28693083446137213
2025-02-14,6114.63,14.77,4.47,4.26,2.62,-7.19559760565346e-05,0.0146024791272669,0.0859492604177864,0.1023446995769529,0.1134030539964598,-0.33,-1.7699999999999996,0.0342969460035401,0.2099999999999999,-0.0200000000000004,-0.0300000000000002,0.2976264403867806
2025-02-18,6129.58,15.35,4.55,4.29,2.62,0.0024419717448794,0.0103542900239965,0.0792404837161061,0.0896400868817061,0.1090132258710236,0.5800000000000001,-0.4600000000000008,0.0444867741289763,0.2599999999999998,0.04,0.0099999999999997,0.3043410468685013
2025-02-19,6144.15,15.27,4.53,4.28,2.68,0.0023741775065794,0.0123889520455733,0.0777421563290394,0.0853151733138586,0.1053842676205299,-0.08,-0.75,0.04731573237947,0.25,-0.0099999999999997,-0.0099999999999997,0.30200609432765463
2025-02-20,6117.52,15.66,4.5,4.28,2.66,-0.0043436239711486,0.010772946763876,0.0850609731699693,0.0894207601443748,0.104894635693841,0.3900000000000005,-0.2300000000000004,0.0517053643061589,0.2199999999999997,-0.1200000000000001,-0.08,0.38845628932938064
2025-02-21,6013.13,18.21,4.42,4.19,2.78,-0.017211373991262,-0.0168108046870083,0.1304665711894965,0.1256080671755038,0.1198988451511319,2.5500000000000007,3.110000000000001,0.062201154848868,0.2299999999999995,-0.0999999999999996,-0.1199999999999992,0.37228898657250936
2025-02-24,5983.25,18.98,4.4,4.13,2.78,-0.004981513054855,-0.0217203617658068,0.1272832300514666,0.119070834703312,0.1206003849478973,0.7699999999999996,4.210000000000001,0.0691996150521026,0.2700000000000004,-0.0699999999999994,-0.1299999999999999,0.4601870403800824
2025-02-25,5955.25,19.43,4.3,4.07,2.84,-0.0046907151383955,-0.0288530486490817,0.1125450494526151,0.1128024812031168,0.1103067603893291,0.4499999999999993,4.08,0.0839932396106708,0.2299999999999995,-0.25,-0.2199999999999997,0.4943844224273526
2025-02-26,5956.06,19.1,4.25,4.05,2.81,0.0001360051919139,-0.0310912209637472,0.1030628623120535,0.1126964591017058,0.1043203133148954,-0.3299999999999983,3.830000000000002,0.0866796866851045,0.2000000000000001,-0.2800000000000002,-0.2300000000000004,0.5248295869798706
2025-02-27,5861.57,21.13,4.29,4.07,2.81,-0.015991702852089,-0.0427392998446875,0.1212798850370123,0.1333076826241803,0.1167038229292617,2.0299999999999976,5.469999999999999,0.0945961770707382,0.2199999999999997,-0.2099999999999999,-0.2099999999999999,0.5408002714666835
2025-02-28,5954.5,19.63,4.24,3.99,2.87,0.0157297504318971,-0.0097981754215284,0.1828663964121076,0.1502168211334659,0.1299088920835282,-1.5,1.4199999999999982,0.0663911079164717,0.25,-0.1799999999999997,-0.2000000000000001,0.4875980006851488
2025-03-03,5849.72,22.78,4.16,3.96,2.94,-0.0177534393754933,-0.0225701017421667,0.2156953138712884,0.1669731023501027,0.1424204658257052,3.150000000000002,3.8000000000000007,0.0853795341742947,0.2000000000000001,-0.2400000000000002,-0.1699999999999999,0.5888443121291158
2025-03-04,5778.15,23.51,4.22,3.96,2.99,-0.0123102346033664,-0.0301896212071377,0.222755881188273,0.1663968819757728,0.1459671760226931,0.7300000000000004,4.080000000000002,0.0891328239773068,0.2599999999999998,-0.08,-0.1100000000000003,0.5684114615553945
2025-03-05,5842.63,21.93,4.28,3.99,2.88,0.0110974756851012,-0.0192281507139504,0.2533831671913087,0.1834382697852773,0.1497749212759597,-1.5800000000000018,2.8299999999999983,0.0695250787240402,0.29,0.0300000000000002,-0.0599999999999996,0.5459355795077682
2025-03-06,5738.52,24.87,4.29,3.96,2.99,-0.01797970056831,-0.0212161484301714,0.2597010954569722,0.194447273162856,0.1588924068025346,2.9400000000000013,3.740000000000002,0.0898075931974653,0.33,0.0,-0.1100000000000003,0.5156470990169304
2025-03-07,5770.2,23.37,4.32,3.99,2.97,0.005505404600509,-0.0314404942615594,0.2167551466689063,0.192496775525412,0.1600206391130977,-1.5,3.740000000000002,0.0736793608869023,0.33,0.08,0.0,0.6081452705145639
2025-03-10,5614.56,27.86,4.22,3.89,3.16,-0.0273435183759844,-0.0410305732620505,0.2558753718313397,0.2252343422511059,0.1812780950214073,4.489999999999998,5.079999999999998,0.0973219049785927,0.3299999999999996,0.0599999999999996,-0.0699999999999998,0.43787678595817076
2025-03-11,5572.07,26.92,4.28,3.94,3.22,-0.0075966049356515,-0.0363169435943356,0.2532873871065345,0.2251036410909719,0.1776460531951811,-0.9399999999999976,3.41,0.0915539468048189,0.3400000000000003,0.0600000000000005,-0.02,0.4539852795632906
2025-03-12,5599.3,24.23,4.32,4.01,3.2,0.0048749712752344,-0.0425394480042025,0.22739919925803,0.2303012034528546,0.1799152535882681,-2.6900000000000013,2.3000000000000007,0.0623847464117318,0.3100000000000005,0.04,0.0199999999999995,0.4787324595557596
2025-03-13,5521.52,24.66,4.27,3.94,3.4,-0.0139884052253529,-0.0385481526612453,0.2185174724223485,0.228119904602429,0.1832488972629136,0.4299999999999997,-0.2100000000000008,0.0633511027370863,0.3299999999999996,-0.0200000000000004,-0.02,0.42553517647987665
2025-03-14,5638.94,21.77,4.31,4.02,3.25,0.0210429198814083,-0.023010637380346,0.2928969113202144,0.2433279341288831,0.1981134082413587,-2.890000000000001,-1.6000000000000014,0.0195865917586412,0.29,-0.0100000000000006,0.0299999999999993,0.2639407057194601
2025-03-17,5675.12,20.51,4.31,4.06,3.18,0.0063956039343475,0.0107284849299857,0.2156009160931699,0.2392893753420531,0.2011441351506868,-1.259999999999998,-7.349999999999998,0.0039558648493132,0.25,0.0899999999999998,0.1699999999999994,0.3694087164428315
2025-03-18,5614.66,21.7,4.29,4.04,3.23,-0.01071067425391,0.0076144156117272,0.2253777252052166,0.2376817617577414,0.2012099564429848,1.1899999999999975,-5.220000000000002,0.0157900435570151,0.25,0.0099999999999997,0.1,0.3289032119159861
2025-03-19,5675.29,19.9,4.25,3.99,3.19,0.0107406291189788,0.0134800734554718,0.2345348928528109,0.2371006242378668,0.2070458614012141,-1.8000000000000007,-4.330000000000002,-0.0080458614012141,0.2599999999999998,-0.0700000000000002,-0.0199999999999995,0.3329090779067131
2025-03-20,5662.89,19.8,4.24,3.95,3.17,-0.0021873007738032,0.0252811779070214,0.1929168431092087,0.2217447479383754,0.2071355679248481,-0.0999999999999978,-4.859999999999999,-0.0091355679248481,0.29,-0.0299999999999993,0.0100000000000002,0.3352429250411194
2025-03-21,5667.56,19.28,4.25,3.94,3.21,0.0008243274123172,0.0050625854379301,0.1307411140970444,0.2189336849007593,0.2015358932337375,-0.5199999999999996,-2.4899999999999984,-0.0087358932337375,0.31,-0.0599999999999996,-0.0799999999999996,0.46082342509925717
2025-03-24,5767.57,17.48,4.34,4.04,3.05,0.0174921579446066,0.0161591394481893,0.175572252423012,0.1855863626391034,0.2139510186982767,-1.8000000000000007,-3.030000000000001,-0.0391510186982767,0.2999999999999998,0.0300000000000002,-0.0199999999999995,0.37807388334050224
2025-03-25,5776.65,17.15,4.31,3.96,3.09,0.001573081918473,0.0284428956205723,0.1298112166956332,0.1768604875781978,0.2139977034916597,-0.3300000000000018,-4.550000000000001,-0.0424977034916597,0.3499999999999996,0.0199999999999995,-0.08,0.3819761928410642
2025-03-26,5712.2,18.33,4.35,3.98,3.19,-0.0112196914551082,0.0064825750464852,0.1648563432805531,0.191476960359798,0.2166108000974697,1.1799999999999995,-1.5700000000000005,-0.0333108000974697,0.3699999999999996,0.0999999999999996,-0.0100000000000002,0.3542807530061024
2025-03-27,5693.31,18.69,4.38,3.97,3.27,-0.0033124371066493,0.0053574387136391,0.1665392074346014,0.1731448139998899,0.2104051505656696,0.360000000000003,-1.1099999999999994,-0.0235051505656696,0.4099999999999997,0.1399999999999996,0.02,0.8618915859673572
2025-03-28,5580.94,21.65,4.27,3.89,3.47,-0.0199345803362658,-0.0154014690349439,0.2238320154709355,0.1761720225935373,0.2098525553857392,2.9599999999999973,2.369999999999997,0.0066474446142607,0.3799999999999994,0.0199999999999995,-0.0499999999999998,1.264605196651354
2025-03-31,5611.85,22.28,4.23,3.89,3.55,0.00552321245695,-0.0273704145226005,0.1621598176728494,0.1751936088669716,0.2047028702849909,0.6300000000000026,4.800000000000001,0.018097129715009,0.3400000000000003,-0.1099999999999994,-0.1499999999999999,1.2621061039448938
2025-04-01,5633.07,21.77,4.17,3.87,3.5,0.0037741531622356,-0.0251693432788377,0.1688028595037149,0.1679328860168951,0.2019809507806279,-0.5100000000000016,4.620000000000001,0.015719049219372,0.2999999999999998,-0.1399999999999996,-0.0899999999999998,1.28546936334322
2025-04-02,5670.97,21.51,4.2,3.91,3.42,0.0067055923394208,-0.0072440594843085,0.1752641160512036,0.1620454989836829,0.1989933557686475,-0.259999999999998,3.1800000000000037,0.0161066442313524,0.29,-0.1499999999999994,-0.0699999999999998,1.9295322917030948
2025-04-03,5396.52,30.02,4.06,3.71,4.01,-0.049605877563395,-0.0535374999410543,0.3867807535944737,0.297535750157214,0.2569704816334971,8.509999999999998,11.329999999999998,0.0432295183665029,0.3499999999999996,-0.3200000000000003,-0.2600000000000002,1.8481317696511583
2025-04-04,5074.08,45.31,4.01,3.68,4.45,-0.0616090736758802,-0.0952119932806688,0.5344001288145239,0.408690865756143,0.3278989177967997,15.290000000000004,23.660000000000004,0.1252010822032002,0.3299999999999996,-0.2599999999999998,-0.2099999999999999,1.593768403482084
2025-04-07,5062.25,46.98,4.15,3.73,4.61,-0.0023341792090838,-0.1030693849467026,0.5141735097963211,0.3810927618896618,0.3186269961611782,1.6699999999999946,24.7,0.1511730038388218,0.4200000000000004,-0.08,-0.1600000000000001,1.5982818480399565
2025-04-08,4982.77,52.33,4.26,3.71,4.57,-0.0158250871968123,-0.1226686253057506,0.4727665559555099,0.3723147502255907,0.3207869697566973,5.350000000000001,30.56,0.2025130302433027,0.5499999999999998,0.0899999999999998,-0.1600000000000001,1.5786542301062962
2025-04-09,5456.9,33.62,4.34,3.91,4.37,0.0908949016487148,-0.0384793159964566,0.9550483906121487,0.6494378692914723,0.4690562410995398,-18.71,12.109999999999996,-0.1328562410995398,0.4299999999999997,0.1399999999999996,0.0,0.7345667516567917
2025-04-10,5268.05,40.72,4.4,3.84,4.42,-0.0352205878451179,-0.0240940262781795,0.9200995495105856,0.6672144804753932,0.4825421250444103,7.100000000000001,10.7,-0.0753421250444102,0.5600000000000005,0.3400000000000007,0.1299999999999999,0.47689405418572717
2025-04-11,5363.36,37.56,4.48,3.96,4.26,0.0179303692521134,0.0554454166498141,0.772197891552624,0.6749051979342993,0.4806636822127894,-3.1599999999999966,-7.75,-0.1050636822127893,0.5200000000000005,0.4700000000000006,0.2799999999999998,0.5382838106865836
2025-04-14,5405.97,30.89,4.38,3.84,4.14,0.007913254093151,0.0656928499520491,0.7643626624219312,0.6759530019913598,0.4810664455592393,-6.670000000000002,-16.089999999999996,-0.1721664455592392,0.54,0.2299999999999995,0.1099999999999998,0.6550170530967546
2025-04-15,5396.63,30.12,4.35,3.84,4.09,-0.0017292137684181,0.0797887233804432,0.7367650003812257,0.6748041506327439,0.4800711923163115,-0.7699999999999996,-22.21,-0.1788711923163115,0.5099999999999998,0.0899999999999998,0.1299999999999999,0.705052662345227
2025-04-16,5275.7,32.64,4.29,3.77,4.16,-0.0226633127009963,-0.0337694909692679,0.3471718721380356,0.6775070271586168,0.4829657365022146,2.52,-0.9799999999999968,-0.1565657365022145,0.52,-0.0499999999999998,-0.1400000000000001,0.6848626837867172
2025-04-17,5282.7,29.65,4.34,3.81,4.02,0.0013259586728286,0.0027770555486786,0.238243180504014,0.6352224250201528,0.4832678210171562,-2.990000000000002,-11.07,-0.1867678210171562,0.5299999999999998,-0.0600000000000005,-0.0299999999999998,0.6944012150409218
2025-04-21,5158.2,33.82,4.42,3.75,4.16,-0.0238496492263886,-0.0390029629298235,0.2308026280911316,0.5600629187689431,0.4882672188824028,4.170000000000002,-3.740000000000002,-0.1500672188824028,0.6699999999999999,-0.0600000000000005,-0.2099999999999999,0.5822004574165143
2025-04-22,5287.76,30.57,4.41,3.76,3.99,0.0248070343139808,-0.0221091827089938,0.3179665923727496,0.5711279188444834,0.4933425008318725,-3.25,-0.3200000000000003,-0.1876425008318725,0.6500000000000004,0.0300000000000002,-0.08,0.4385369713058941
2025-04-23,5375.86,28.45,4.4,3.81,3.75,0.0165238454747945,-0.0038561234657811,0.3522604946611442,0.562133958898454,0.4985473063736036,-2.120000000000001,-1.6700000000000017,-0.2140473063736037,0.5900000000000003,0.0500000000000007,-0.0299999999999998,0.35222208068068067
2025-04-24,5484.77,26.47,4.32,3.77,3.73,0.0200565990896085,0.0388637883248236,0.3134138780743958,0.3346592331962275,0.5045287445722565,-1.9800000000000004,-6.170000000000002,-0.2398287445722565,0.5500000000000003,0.0300000000000002,0.0,0.18062510937299636
2025-04-25,5525.21,24.84,4.29,3.74,3.67,0.0073460954265644,0.0448839250785597,0.308487797260783,0.2692329527656907,0.5055872763911824,-1.629999999999999,-4.809999999999999,-0.2571872763911824,0.5499999999999998,-0.0499999999999998,-0.0699999999999998,0.26997060958759383
2025-04-28,5528.75,25.15,4.23,3.67,3.73,0.0006404944691347,0.069374068774083,0.155237074449961,0.2593715162323796,0.5008896609991123,0.3099999999999987,-8.670000000000002,-0.2493896609991122,0.5600000000000005,-0.1899999999999995,-0.08,0.288286754198044
2025-04-29,5560.83,24.17,4.19,3.65,3.74,0.0057856274963946,0.0503526619564972,0.127014753739914,0.2584698828846417,0.5009321678172103,-0.9799999999999968,-6.399999999999999,-0.2592321678172102,0.5400000000000005,-0.2199999999999997,-0.1099999999999998,0.2995071583407473
2025-04-30,5569.06,24.7,4.17,3.6,3.94,0.0014789007797954,0.035307717261498,0.123723477207086,0.2573868125434293,0.5007412754932308,0.5299999999999976,-3.75,-0.2537412754932308,0.5699999999999998,-0.2300000000000004,-0.2099999999999999,0.3064202949054154
2025-05-01,5604.14,24.6,4.25,3.7,3.78,0.0062793318417251,0.0215304500136149,0.0481196221292737,0.213371411279502,0.5006613949303087,-0.0999999999999978,-1.8699999999999972,-0.2546613949303087,0.5499999999999998,-0.0700000000000002,-0.0699999999999998,0.3039484726677246
2025-05-02,5686.67,22.68,4.33,3.83,3.6,0.0146192292434078,0.0288035838304581,0.0881333498038588,0.2155728759136539,0.4681170833754572,-1.9200000000000017,-2.16,-0.2413170833754572,0.5,0.04,0.0899999999999998,0.19660730532361556
2025-05-05,5650.38,23.64,4.36,3.83,3.6,-0.0064020400278313,0.021761049333492,0.1216990878499867,0.1537549491523259,0.404324963244273,0.9600000000000009,-1.509999999999998,-0.167924963244273,0.5300000000000002,0.1299999999999999,0.1600000000000001,0.5357421818518873
2025-05-06,5606.91,24.76,4.3,3.78,3.66,-0.0077230338855465,0.0082523879515507,0.146860649758067,0.1473727344963696,0.4061368379342517,1.120000000000001,0.5899999999999999,-0.1585368379342517,0.52,0.1099999999999994,0.1299999999999999,0.533978479420399
2025-05-07,5631.28,23.55,4.26,3.78,3.67,0.0043370041259597,0.0111104912977151,0.1480471792025639,0.1348483135830034,0.3985885459277054,-1.2100000000000009,-1.1499999999999986,-0.1630885459277054,0.48,0.0899999999999998,0.1799999999999997,0.5297708534260389
2025-05-08,5663.94,22.48,4.37,3.9,3.51,0.0057829933406661,0.0106141527966561,0.1472299204999372,0.104865819995171,0.2423744865435936,-1.0700000000000005,-2.120000000000001,-0.0175744865435936,0.4700000000000002,0.1200000000000001,0.1999999999999997,0.5258469009504484
2025-05-09,5659.91,21.9,4.37,3.88,3.53,-0.0007117720863733,-0.0047168485331252,0.0968673061955892,0.1037723244801723,0.1995123121364699,-0.5800000000000018,-0.7800000000000011,0.01948768786353,0.4900000000000002,0.04,0.0499999999999998,0.5372783243695602
2025-05-12,5844.19,18.39,4.45,3.98,3.15,0.0320400143094495,0.0337252058041557,0.2396326638243302,0.180291455528611,0.2183617281926738,-3.509999999999998,-5.25,-0.0344617281926738,0.4700000000000002,0.0899999999999998,0.1499999999999999,0.17368790122191102
2025-05-13,5886.55,18.22,4.49,4.02,3.09,0.0072220821737149,0.0486703218634173,0.2035592572677413,0.1804884247091653,0.2182234784587895,-0.1700000000000017,-6.540000000000003,-0.0360234784587895,0.4700000000000006,0.1900000000000004,0.2399999999999997,0.14433447143263123
2025-05-14,5892.58,18.62,4.53,4.05,3.1,0.0010238448046247,0.0453571625420822,0.2103393915608569,0.180800054335466,0.2174390173853202,0.4000000000000021,-4.93,-0.0312390173853202,0.4800000000000004,0.2700000000000004,0.27,0.29537923413333994
2025-05-15,5916.93,17.83,4.45,3.96,3.2,0.0041238009887726,0.0436979701901885,0.2122943288588779,0.1809126579786552,0.1925967756079297,-0.7900000000000027,-4.650000000000002,-0.0142967756079297,0.4900000000000002,0.08,0.06,0.2881203544788015
2025-05-16,5958.38,17.24,4.43,3.98,3.16,0.0069808987439629,0.0513906410205249,0.1972065537821586,0.1739813748441762,0.1919245174575567,-0.5899999999999999,-4.66,-0.0195245174575567,0.4499999999999997,0.0599999999999996,0.1,0.2866173959018383
2025-05-19,5963.6,18.14,4.46,3.97,3.21,0.0008756935229845,0.0202263202340598,0.0488585814065796,0.1645991224384668,0.1579510426164406,0.9000000000000021,-0.25,0.0234489573835593,0.4899999999999997,0.0099999999999997,-0.0099999999999997,0.4304857755801437
2025-05-20,5940.46,18.09,4.48,3.97,3.2,-0.0038877541185178,0.0091164839418269,0.064505196610187,0.1569907003662966,0.1481982423833761,-0.0500000000000007,-0.129999999999999,0.0327017576166238,0.5100000000000002,-0.0099999999999997,-0.0499999999999993,0.43517182722092523
2025-05-21,5844.61,20.87,4.58,4.0,3.25,-0.0162667024511485,-0.0081740633139462,0.1448114293484443,0.1923726016580207,0.1618635210004476,2.780000000000001,2.25,0.0468364789995523,0.5800000000000001,0.0499999999999998,-0.0499999999999998,0.35599474796829167
2025-05-22,5842.01,20.28,4.54,4.0,3.32,-0.0004449532958025,-0.0127428175985215,0.1367748303667334,0.1930403299285916,0.1512005480734885,-0.5899999999999999,2.450000000000003,0.0515994519265114,0.54,0.0899999999999998,0.04,0.3559270008933602
2025-05-23,5802.82,22.29,4.51,4.0,3.4,-0.0067309094179872,-0.0264546257604717,0.1082557522000261,0.1986476632614941,0.1542512293064982,2.009999999999998,5.050000000000001,0.0686487706935017,0.5099999999999998,0.08,0.02,0.34567346701281
2025-05-27,5921.54,18.96,4.43,3.92,3.24,0.0202525439131209,-0.0070777753703352,0.2137716186760527,0.1531625162152476,0.166426711759054,-3.3299999999999983,0.8200000000000003,0.023173288240946,0.5099999999999998,-0.0300000000000002,-0.0500000000000002,0.15670851463947627
2025-05-28,5888.55,19.31,4.47,3.96,3.23,-0.0055867628115825,-0.0087767840633999,0.2153439745538677,0.1528267177307373,0.1691665825415472,0.3499999999999978,1.2199999999999989,0.0239334174584527,0.5099999999999998,-0.0100000000000006,-0.0100000000000002,0.12920341957033205
2025-05-29,5912.17,19.18,4.43,3.92,3.22,0.0040031509167171,0.0114930693044656,0.1732591211324337,0.154093605880369,0.1691299257138827,-0.129999999999999,-1.6900000000000013,0.0226700742861172,0.5099999999999998,-0.1500000000000003,-0.08,0.14039469100723234
2025-05-30,5911.69,18.57,4.41,3.89,3.31,-8.119175975762441e-05,0.0118568308405105,0.1729151340332079,0.1526352177659191,0.1689958221686425,-0.6099999999999994,-1.7100000000000009,0.0167041778313574,0.52,-0.1299999999999999,-0.1099999999999998,0.21464432776137657
2025-06-02,5935.94,18.36,4.46,3.94,3.27,0.0040936514501346,0.0226813917086324,0.1529396049856787,0.1495477989699916,0.1631551309025496,-0.2100000000000008,-3.93,0.0204448690974503,0.52,-0.0499999999999998,-0.06,0.2050908264778385
2025-06-03,5970.37,17.69,4.46,3.96,3.19,0.005783504036174,0.0082123518316856,0.0727297142526716,0.1526954567071106,0.1603988946193979,-0.6699999999999982,-1.2699999999999996,0.016501105380602,0.5,0.0300000000000002,0.04,0.20289807202594332
2025-06-04,5970.81,17.61,4.37,3.87,3.23,7.369455953249158e-05,0.0138728092028008,0.0418144709871268,0.1510752616470388,0.1559706354912594,-0.0800000000000018,-1.6999999999999993,0.0201293645087405,0.5,-0.0999999999999996,-0.0899999999999998,0.20753025824429527
2025-06-05,5939.3,18.48,4.4,3.92,3.18,-0.0052913152805629,0.0045783430055205,0.0682902327191422,0.124692517125733,0.1587143805296839,0.870000000000001,-0.6999999999999993,0.026085619470316,0.4800000000000004,-0.0299999999999993,0.0,0.1992018515340407
2025-06-06,6000.36,16.77,4.51,4.04,3.09,0.0102281861156999,0.0148877208809783,0.0934094723454592,0.131119702319055,0.1606460468903852,-1.7100000000000009,-1.8000000000000007,0.0070539531096147,0.4699999999999997,0.0999999999999996,0.1499999999999999,0.21410967600171402
2025-06-09,6005.88,17.16,4.49,4.01,3.12,0.0009195219134283,0.0117135913442718,0.0937376027902668,0.1209868764462318,0.1602655384743009,0.3900000000000005,-1.1999999999999993,0.011334461525699,0.4800000000000004,0.0300000000000002,0.0699999999999998,0.26010590703757547
2025-06-10,6038.81,16.95,4.47,4.01,3.12,0.0054679833266549,0.0113980706347527,0.0930320650588133,0.078905045413735,0.1186966471723687,-0.2100000000000008,-0.740000000000002,0.0508033528276312,0.4599999999999999,0.0099999999999997,0.0499999999999998,0.2790126270303386
2025-06-11,6022.24,17.26,4.41,3.94,3.12,-0.0027476895336661,0.0085766865415541,0.0991985466936514,0.072312623198308,0.1177476143144759,0.3100000000000023,-0.3499999999999978,0.054852385685524,0.4700000000000002,0.04,0.0699999999999998,0.27562583433035953
2025-06-12,6045.26,18.02,4.36,3.9,3.17,0.0038152107599641,0.0176832125820813,0.0773328825444736,0.072190727410625,0.1181275400862161,0.759999999999998,-0.4600000000000008,0.0620724599137838,0.4600000000000004,-0.04,-0.02,0.2711092450698751
2025-06-13,5976.97,20.82,4.41,3.96,3.18,-0.0113607433054092,-0.0039057168390278,0.1061533328570254,0.0993735430896445,0.1257248869783481,2.8000000000000007,4.050000000000001,0.0824751130216518,0.4500000000000002,-0.0999999999999996,-0.08,0.2530014774486764
2025-06-16,6033.11,19.11,4.46,3.97,3.1,0.0093488817548551,0.004523643002399,0.129057865158211,0.1070168241937496,0.1276095156056782,-1.7100000000000009,1.9499999999999995,0.0634904843943217,0.4899999999999997,-0.0300000000000002,-0.0399999999999995,0.2698364185764663
2025-06-17,5982.72,21.6,4.39,3.94,3.17,-0.0083873182957623,-0.0093316586200182,0.1355168084328525,0.1149434973256817,0.1315418947649153,2.490000000000002,4.650000000000002,0.0844581052350846,0.4499999999999997,-0.08,-0.0699999999999998,0.23470028598426307
2025-06-18,5980.87,20.14,4.38,3.94,3.16,-0.0003092717177279,-0.00689324080408,0.1356233344631788,0.114971973445014,0.1306919519998408,-1.4600000000000009,2.879999999999999,0.0707080480001591,0.4399999999999999,-0.0300000000000002,0.0,0.2667215607537752
2025-06-20,5967.84,20.62,4.38,3.9,3.13,-0.002180989439864,-0.0128894410039082,0.1275998464114886,0.1118543190539325,0.1156535311171654,0.4800000000000004,2.6000000000000014,0.0905464688828345,0.48,0.0199999999999995,0.0,0.2770740326591375
2025-06-23,6025.17,19.83,4.34,3.84,3.12,0.0095606418556962,0.008031944157197,0.1232460307608545,0.1102641535391613,0.119340524588597,-0.7900000000000027,-0.990000000000002,0.0789594754114029,0.5,-0.0700000000000002,-0.1200000000000001,0.24580928958542222
2025-06-24,6092.18,17.48,4.3,3.75,3.06,0.0110602867969322,0.0097433491992742,0.1304100043782875,0.1226274346640881,0.1196887458629118,-2.349999999999998,-1.629999999999999,0.0551112541370882,0.5499999999999998,-0.1600000000000001,-0.2200000000000002,0.1729469717927005
2025-06-25,6092.16,16.76,4.29,3.74,3.04,-3.282902479779892e-06,0.0181273845925567,0.0981359768432402,0.1206384301400003,0.0996019445182958,-0.7199999999999989,-4.84,0.0679980554817041,0.5499999999999998,-0.0999999999999996,-0.1999999999999997,0.1885677667753648
2025-06-26,6141.02,16.59,4.26,3.7,3.04,0.0079881534997771,0.0264248098100616,0.0947992010338648,0.1236017980756431,0.0985863126475679,-0.1700000000000017,-3.5500000000000007,0.067313687352432,0.5599999999999996,-0.1200000000000001,-0.2399999999999997,0.19197920343868932
2025-06-27,6173.07,16.32,4.29,3.73,3.02,0.0052054309121066,0.0338112301620323,0.0691967766707283,0.1243827723622254,0.0989858558037354,-0.2699999999999996,-4.300000000000001,0.0642141441962645,0.56,-0.0899999999999998,-0.1699999999999999,0.2138423367144497
2025-06-30,6204.95,16.73,4.24,3.72,2.96,0.0051510775537443,0.0294016658600805,0.0649105651973582,0.0995098099199726,0.0991574484310488,0.4100000000000001,-3.099999999999998,0.0681425515689511,0.52,-0.0999999999999996,-0.1199999999999996,0.19791746020860349
2025-07-01,6198.01,16.83,4.26,3.78,2.91,-0.0011190878184368,0.0172222912447115,0.0611589043805098,0.0968379371112574,0.0997158922316179,0.0999999999999978,-0.6500000000000021,0.068584107768382,0.48,-0.04,0.0299999999999998,0.21922772087951722
2025-07-02,6227.42,16.64,4.3,3.78,2.88,0.0047338490372572,0.0219594231844487,0.0530426781712819,0.0746449615270947,0.0992786713069352,-0.1899999999999977,-0.120000000000001,0.0671213286930647,0.52,0.0099999999999997,0.0399999999999995,0.21049676451683527
2025-07-03,6279.35,16.38,4.35,3.88,2.8,0.0083043501133723,0.0222756197980439,0.0544228155019828,0.0732034934311605,0.1013200438647025,-0.2600000000000015,-0.2100000000000008,0.0624799561352975,0.4699999999999997,0.0899999999999998,0.1799999999999997,0.17227780165111087
2025-07-07,6229.98,17.79,4.4,3.9,2.86,-0.0078933494172341,0.009176839468703,0.1018382787643326,0.0918510971657435,0.1043559319578628,1.41,1.4699999999999989,0.0735440680421371,0.5000000000000004,0.1100000000000003,0.1699999999999999,0.12032143008982064
2025-07-08,6225.52,16.81,4.42,3.9,2.92,-0.0007161495227996,0.0033096123921589,0.0982589219008071,0.089832454686212,0.1006159990314641,-0.9800000000000004,0.0799999999999983,0.0674840009685358,0.52,0.1799999999999997,0.1799999999999997,0.13530687347530965
2025-07-09,6263.26,15.94,4.34,3.86,2.94,0.0060438433346768,0.0104725435452727,0.1031179125071457,0.0807210223398909,0.101632000832695,-0.8699999999999992,-0.8899999999999988,0.0577679991673049,0.48,0.08,0.08,0.10800393130474314
2025-07-10,6280.46,15.78,4.35,3.86,2.92,0.0027424098720043,0.0084811043800196,0.1008509539422125,0.0792434521900345,0.1008911522821943,-0.1600000000000001,-0.8600000000000012,0.0569088477178056,0.4899999999999997,0.0499999999999998,0.08,0.130414464299158
2025-07-11,6259.75,16.4,4.43,3.9,2.97,-0.0033029779929135,-0.0031262237262663,0.0854211154991758,0.0797877959011476,0.1012535410863959,0.6199999999999992,0.0199999999999995,0.062746458913604,0.5299999999999998,0.08,0.02,0.11941843257958969
2025-07-14,6268.56,17.2,4.43,3.9,2.95,0.0014064149836943,0.0061735406746622,0.0560276076456778,0.0776515081148563,0.10102073484326,0.8000000000000007,-0.5899999999999999,0.0709792651567399,0.5299999999999998,0.0299999999999993,0.0,0.11939396615493422
2025-07-15,6243.76,17.38,4.5,3.95,2.95,-0.0039640981809521,0.0029255920165097,0.0668516490855948,0.0792321141119491,0.0911573140092826,0.1799999999999997,0.5700000000000003,0.0826426859907173,0.5499999999999998,0.08,0.0500000000000002,0.10196730209056132
2025-07-16,6263.7,17.16,4.46,3.88,3.0,0.0031884998062567,7.024848808974136e-05,0.0540013899377565,0.0795296248716796,0.0872749047654964,-0.2199999999999988,1.2200000000000006,0.0843250952345035,0.5800000000000001,0.1200000000000001,0.02,0.15196876807853582
2025-07-17,6297.36,16.52,4.47,3.91,2.91,0.0053594331321473,0.0026872717482326,0.0645057603129694,0.0803973176804317,0.0790927052415114,-0.6400000000000006,0.7400000000000002,0.0861072947584885,0.5599999999999996,0.1200000000000001,0.0500000000000002,0.12640787224799796
2025-07-18,6296.79,16.41,4.44,3.88,2.93,-9.051821685285016e-05,0.0058997315242933,0.0559162268577018,0.0697189244791499,0.0789910967604789,-0.1099999999999994,0.0100000000000015,0.085108903239521,0.5600000000000005,0.0100000000000006,-0.02,0.1412144544472396
2025-07-21,6305.6,16.65,4.38,3.85,2.89,0.0013981477220053,0.0058914642626045,0.0559141481556049,0.0527719877511149,0.0771335592859412,0.2399999999999984,-0.5500000000000007,0.0893664407140586,0.5299999999999998,-0.0499999999999998,-0.0499999999999998,0.139487600682096
2025-07-22,6309.62,16.5,4.35,3.83,2.9,0.0006373254110623,0.0104928878546188,0.0348147082457177,0.0518200728306736,0.0730848752595017,-0.1499999999999985,-0.879999999999999,0.0919151247404982,0.5199999999999996,-0.1500000000000003,-0.1200000000000001,0.1468606032039125
2025-07-23,6358.91,15.37,4.4,3.88,2.83,0.0077815261467118,0.015085914195074,0.0539078662938276,0.0567359205375334,0.0686695303988921,-1.1300000000000008,-1.790000000000001,0.0850304696011078,0.5200000000000005,-0.0599999999999996,0.0,0.08187053087813993
2025-07-24,6363.35,15.39,4.43,3.91,2.82,0.0006979892220817,0.0104244702850083,0.0512396411429375,0.056425520851453,0.0684235612104928,0.0200000000000013,-1.129999999999999,0.0854764387895072,0.5199999999999996,-0.04,0.0,0.10016516939080382
2025-07-25,6388.64,14.93,4.4,3.91,2.84,0.0039664449480632,0.0144814334499245,0.0484046527740317,0.0513532522661548,0.0653123497010543,-0.4600000000000008,-1.4800000000000004,0.0839876502989456,0.4900000000000002,-0.04,0.0300000000000002,0.26751172561558084
2025-07-28,6389.77,15.03,4.42,3.91,2.82,0.0001768608149128,0.013260146542832,0.0514657260529912,0.0521416320631658,0.0644485190013048,0.0999999999999996,-1.6199999999999992,0.0858514809986951,0.5099999999999998,0.04,0.06,0.3542435880627863
2025-07-29,6370.86,15.98,4.34,3.86,2.86,-0.0029638056808081,0.0096590154509612,0.0649343691113017,0.04913888193087,0.0651603356182316,0.9500000000000012,-0.5199999999999996,0.0946396643817683,0.48,-0.0099999999999997,0.0299999999999998,0.3595147382420494
2025-07-30,6362.9,15.48,4.38,3.94,2.89,-0.0012502200507663,0.0006272692534832,0.0408746654535734,0.0511808407279318,0.0652270497431397,-0.5,0.1100000000000012,0.0895729502568602,0.4399999999999999,-0.0200000000000004,0.06,0.3769918121946989
2025-07-31,6339.39,16.72,4.37,3.94,2.86,-0.0037016989606789,-0.0037724189292774,0.048259225730324,0.0525958560756007,0.0662242917292876,1.2399999999999984,1.3299999999999983,0.1009757082707123,0.4300000000000001,-0.0599999999999996,0.0299999999999998,0.37259920456714407
2025-08-01,6238.01,20.38,4.23,3.69,3.13,-0.0161213280469444,-0.023860191924285,0.1035245887521145,0.0996033385772155,0.0842598483478002,3.66,5.449999999999999,0.1195401516521997,0.5400000000000005,-0.1699999999999999,-0.2200000000000002,0.2975697976997533
2025-08-04,6329.94,17.52,4.22,3.69,3.02,0.0146295361759399,-0.0094075165632581,0.1739454301943905,0.1267417641120491,0.0947253648695578,-2.8599999999999994,2.49,0.0804746351304421,0.5299999999999998,-0.2000000000000001,-0.2200000000000002,0.19025792296552393
2025-08-05,6299.19,17.85,4.22,3.72,2.98,-0.0048697037352752,-0.0113134146177251,0.1752141419502859,0.129421752621366,0.0967308814775994,0.3300000000000018,1.870000000000001,0.0817691185224006,0.4999999999999995,-0.1200000000000001,-0.1399999999999996,0.24959059985654763
2025-08-06,6345.06,16.77,4.22,3.69,2.98,0.0072555036835153,-0.0028076908834433,0.1882322480380017,0.1285413048523524,0.0977277382787743,-1.0800000000000018,1.2899999999999991,0.0699722617212256,0.5299999999999998,-0.1600000000000001,-0.25,0.22726696286910997
2025-08-07,6340.0,16.57,4.23,3.72,2.95,-0.0007977889372817,9.621913995404272e-05,0.1862992892060232,0.1284621277488717,0.0975295744361274,-0.1999999999999993,-0.1499999999999985,0.0681704255638726,0.5100000000000002,-0.1399999999999996,-0.2199999999999997,0.2269648129670552
2025-08-08,6389.45,15.15,4.27,3.76,2.94,0.0077694242484223,0.0239869714353207,0.1220132110179822,0.1333791183074199,0.0997400139080442,-1.42,-5.229999999999999,0.0517599860919557,0.5099999999999998,0.0399999999999991,0.0699999999999998,0.19601667249089674
2025-08-11,6373.45,16.25,4.27,3.76,2.94,-0.0025072684706233,0.0068501667887575,0.0919688372295949,0.1339659110787575,0.1005062582873503,1.0999999999999996,-1.2699999999999996,0.0619937417126496,0.5099999999999998,0.0499999999999998,0.0699999999999998,0.19193989670197217
2025-08-12,6445.76,14.73,4.29,3.72,2.93,0.0112816260809886,0.0230014966050214,0.0943800795914919,0.1445697489427594,0.1053160644665085,-1.5199999999999996,-3.120000000000001,0.0419839355334914,0.5699999999999998,0.0700000000000002,0.0,0.11604573670228567
2025-08-13,6466.58,14.49,4.24,3.67,2.9,0.0032248249415864,0.0189708178630924,0.0915310317868522,0.1442180766504664,0.1053234466006774,-0.2400000000000002,-2.28,0.0395765533993225,0.5700000000000003,0.0200000000000004,-0.02,0.11108369738379971
2025-08-14,6468.54,14.83,4.29,3.74,2.89,0.0003030509210584,0.0200716577214324,0.0883293631293993,0.1414579888519801,0.1044514284425235,0.3399999999999998,-1.7400000000000002,0.0438485715574764,0.5499999999999998,0.0599999999999996,0.02,0.12795764889010186
2025-08-15,6449.8,15.09,4.33,3.75,2.88,-0.0029013035955741,0.009400929877436,0.0921524698168182,0.1048165440476866,0.1054342487155938,0.2599999999999998,-0.0600000000000005,0.0454657512844062,0.5800000000000001,0.0600000000000005,-0.0099999999999997,0.267393810657585
2025-08-18,6449.15,14.99,4.34,3.77,2.88,-0.0001007833971836,0.0118074149508758,0.0863342422445015,0.0845029560407149,0.1055311802928528,-0.0999999999999996,-1.2599999999999998,0.0443688197071471,0.5699999999999998,0.0700000000000002,0.0100000000000002,0.27586834058445037
2025-08-19,6411.37,15.57,4.3,3.75,2.9,-0.0058753625327812,-0.0053495736628941,0.0548276137377243,0.0868651591567516,0.1084232356789336,0.5800000000000001,0.8399999999999999,0.0472767643210664,0.5499999999999998,0.0099999999999997,0.0299999999999998,0.26775588663310984
2025-08-20,6395.78,15.69,4.29,3.74,2.94,-0.0024345787627045,-0.0110089773671851,0.0394690690852666,0.0832615754070235,0.1057291270908841,0.1199999999999992,1.1999999999999993,0.0511708729091158,0.5499999999999998,0.0499999999999998,0.0700000000000002,0.26765046678247806
2025-08-21,6370.17,16.6,4.33,3.79,2.95,-0.0040122410562429,-0.0153242693444865,0.0336807254597866,0.0864858602992657,0.1068040401440947,0.910000000000002,1.7700000000000014,0.0591959598559052,0.54,0.04,0.0499999999999998,0.2647325274963961
2025-08-22,6466.91,14.22,4.26,3.68,2.88,0.0150722487331235,0.0026492829842112,0.1333657634864864,0.1086598942655038,0.1188019086574483,-2.380000000000001,-0.8699999999999992,0.0233980913425516,0.5799999999999996,-0.0700000000000002,-0.0699999999999998,0.15237520627883283
2025-08-25,6439.32,14.79,4.28,3.73,2.8,-0.0042754610800767,-0.0015253946986818,0.1378278538212509,0.1106948371690936,0.1200611715771914,0.5699999999999985,-0.200000000000001,0.0278388284228085,0.5500000000000003,-0.0599999999999996,-0.04,0.1754176421364152
2025-08-26,6465.94,14.62,4.26,3.61,2.78,0.0041254554739158,0.008475423308015,0.1304538631989136,0.0971331275713699,0.1200747661812793,-0.1699999999999999,-0.9500000000000012,0.0261252338187206,0.6499999999999999,-0.04,-0.1400000000000001,0.18167005479896542
2025-08-27,6481.4,14.85,4.24,3.59,2.78,0.0023881364585491,0.0132981385292688,0.125223811390209,0.0965196040368787,0.1199691459572079,0.2300000000000004,-0.8399999999999999,0.028530854042792,0.6500000000000004,-0.0499999999999998,-0.1500000000000003,0.22130629239843322
2025-08-28,6501.86,14.43,4.22,3.62,2.75,0.0031517534019497,0.0204621329874616,0.1106581303387216,0.0976338115529477,0.1189274148958034,-0.4199999999999999,-2.1700000000000017,0.0253725851041965,0.5999999999999996,-0.1100000000000003,-0.1699999999999999,0.22137253682541339
2025-08-29,6460.26,15.36,4.23,3.59,2.82,-0.0064187251509291,-0.001028840896591,0.0761000236589297,0.1025516035337061,0.1041874863957238,0.9299999999999996,1.1399999999999988,0.0494125136042761,0.6400000000000006,-0.0299999999999993,-0.0900000000000003,0.19934571894684558
2025-09-02,6415.54,17.17,4.28,3.66,2.92,-0.006946392429262,-0.0036997722457764,0.0867200353339751,0.1086209877385407,0.0966927517665425,1.8100000000000025,2.3800000000000026,0.0750072482334574,0.6200000000000001,0.0,-0.0699999999999998,0.17145039754119656
2025-09-03,6448.26,16.35,4.22,3.61,2.88,0.005087154738688,-0.0027380729810041,0.0903135618425293,0.1074283794908238,0.0955775717111301,-0.8200000000000003,1.7300000000000022,0.0679224282888699,0.6099999999999999,-0.04,0.0,0.15846152755417575
2025-09-04,6502.08,15.3,4.17,3.59,2.84,0.0083117987404724,0.0031855893009191,0.110073858049675,0.1124307553256644,0.096538382452489,-1.0500000000000007,0.450000000000001,0.0564616175475109,0.5800000000000001,-0.0700000000000002,0.0,0.16029371130691744
2025-09-05,6481.5,15.18,4.1,3.51,2.83,-0.0031701606545509,-0.0031363247555816,0.1101249730972835,0.1113176055142217,0.0975586867108837,-0.120000000000001,0.75,0.0542413132891162,0.5899999999999999,-0.1200000000000001,-0.1100000000000003,0.15238191170346743
2025-09-08,6495.15,15.11,4.05,3.49,2.84,0.0021037794861457,0.0053861798814931,0.0978219870519422,0.0833189732924794,0.0944476706345647,-0.0700000000000002,-0.25,0.0566523293654352,0.5599999999999996,-0.1800000000000006,-0.0999999999999996,0.16631663642838415
2025-09-09,6512.61,15.04,4.08,3.54,2.87,0.002684552987744,0.0150171252984992,0.0671366713961213,0.0795395844782223,0.0938174426578244,-0.0700000000000002,-2.1300000000000026,0.0565825573421754,0.54,-0.2000000000000001,-0.1200000000000001,0.16206063507375662
2025-09-10,6532.04,15.35,4.04,3.54,2.84,0.0029790012563325,0.0129089718161439,0.0646361381619553,0.0785332169714594,0.0861596339742809,0.3100000000000005,-1.0000000000000018,0.067340366025719,0.5,-0.1799999999999997,-0.0699999999999998,0.1557714105696792
2025-09-11,6587.47,14.71,4.01,3.52,2.78,0.0084500609892315,0.0130472340649031,0.0654111342216142,0.0869420203789449,0.0901239800603007,-0.6399999999999988,-0.5899999999999999,0.0569760199396993,0.4899999999999997,-0.1600000000000001,-0.0699999999999998,0.1096509019005629
2025-09-12,6584.29,14.76,4.06,3.56,2.79,-0.0004828512001105,0.0157345435193434,0.0518228320395448,0.0870672959084157,0.0902391423700275,0.0499999999999989,-0.4199999999999999,0.0573608576299724,0.4999999999999995,-0.04,0.0500000000000002,0.1339772927126285
2025-09-15,6615.28,15.69,4.05,3.54,2.75,0.0046956161361366,0.0183263801693343,0.0518026798613282,0.0769056741949041,0.0900384140579117,0.9299999999999996,0.5800000000000001,0.0668615859420882,0.5099999999999998,0.0,0.0499999999999998,0.131427040197174
2025-09-16,6606.76,16.36,4.04,3.51,2.79,-0.0012887574351968,0.0143530697463935,0.0630093537477024,0.0613923245852048,0.0903758237217246,0.6699999999999999,1.3200000000000005,0.0732241762782753,0.5300000000000002,-0.04,-0.0300000000000002,0.15660671658723405
2025-09-17,6600.35,15.72,4.06,3.52,2.79,-0.0009706893488903,0.0104033791411705,0.0685746406372306,0.0629633511085066,0.0868874222863245,-0.6399999999999988,0.370000000000001,0.0703125777136754,0.5399999999999996,0.0199999999999995,-0.02,0.16228409013435197
2025-09-18,6631.96,15.7,4.11,3.57,2.71,0.0047777085223636,0.0067310266743025,0.0493453685644986,0.0556373858179335,0.0863781468242617,-0.0200000000000013,0.9899999999999984,0.0706218531757382,0.5400000000000005,0.1000000000000005,0.0499999999999998,0.16412958776533312
2025-09-19,6664.36,15.45,4.14,3.57,2.72,0.0048735385623532,0.0120874164367664,0.0514446083238353,0.0490621072280026,0.0841603822598826,-0.25,0.6899999999999995,0.0703396177401173,0.5699999999999998,0.08,0.0099999999999997,0.17227664114765948
2025-09-22,6693.75,16.1,4.15,3.61,2.69,0.0044003301998515,0.0117921305004811,0.0506574971531291,0.0495252442774348,0.069930434816986,0.6500000000000021,0.4100000000000019,0.0910695651830139,0.5400000000000005,0.1000000000000005,0.0699999999999998,0.16292835517964163
2025-09-23,6656.92,16.64,4.12,3.53,2.71,-0.0055173400928317,0.0075635478428462,0.0735568113421477,0.0655614998232045,0.0714655755820217,0.5399999999999991,0.2800000000000011,0.0949344244179782,0.5900000000000003,0.08,0.02,0.15190309073247008
2025-09-24,6637.97,16.18,4.16,3.57,2.7,-0.0028507212670841,0.0056835159246525,0.0785940317488261,0.0699836455510729,0.0725576282239399,-0.4600000000000008,0.4599999999999991,0.08924237177606,0.5900000000000003,0.1000000000000005,0.0499999999999998,0.1546922565608323
2025-09-25,6604.72,16.74,4.18,3.64,2.76,-0.0050216489054652,-0.0041158415031763,0.0807538512325355,0.0656501622169027,0.075796220306443,0.5599999999999987,1.0399999999999991,0.0916037796935569,0.5399999999999996,0.0699999999999994,0.0700000000000002,0.13293352190687824
2025-09-26,6643.7,15.29,4.2,3.63,2.75,0.0058844922610819,-0.0031048878044476,0.0854303349810544,0.0711773008197306,0.0774552577229544,-1.4499999999999993,-0.1600000000000001,0.0754447422770455,0.5700000000000003,0.0600000000000005,0.06,0.09458507407881349
2025-09-29,6661.21,16.12,4.15,3.63,2.74,0.0026321125222386,-0.0048731054820604,0.0796065201581603,0.0688091713484614,0.0723282541368629,0.8300000000000018,0.0199999999999995,0.088871745863137,0.5200000000000005,0.0,0.02,0.102661432737964
2025-09-30,6688.46,16.28,4.16,3.6,2.8,0.0040825035896161,0.0047267382003874,0.0740751467290546,0.069756500415929,0.0654500996288989,0.1600000000000001,-0.3599999999999994,0.097349900371101,0.56,0.04,0.0700000000000002,0.10007048752394208
2025-10-01,6711.2,16.29,4.12,3.55,2.81,0.0033941192284702,0.0109715786959419,0.066825831588897,0.0693425773442845,0.064690929047844,0.009999999999998,0.1099999999999994,0.0982090709521559,0.5700000000000003,-0.04,-0.02,0.12497847354077676
2025-10-02,6715.35,16.63,4.1,3.55,2.81,0.0006181781816116,0.0166114057830186,0.030675746206606,0.0672269265121764,0.0603512001160896,0.3399999999999998,-0.1099999999999994,0.1059487998839103,0.5499999999999998,-0.08,-0.0900000000000003,0.13206820398380978
2025-10-03,6715.79,16.65,4.13,3.58,2.8,6.55193825925374e-05,0.0107924329045291,0.0277304669783943,0.0642359356954584,0.0579964086633081,0.0199999999999995,1.3599999999999994,0.1085035913366918,0.5499999999999998,-0.0700000000000002,-0.0499999999999998,0.4558743067859119
2025-10-06,6740.28,16.37,4.18,3.6,2.76,0.0036399969738822,0.0118003173561728,0.0296702556890385,0.0631363294183201,0.0583669206514357,-0.2799999999999976,0.25,0.1053330793485642,0.5799999999999996,0.0299999999999993,-0.0299999999999998,0.5146409126449548
2025-10-07,6714.59,17.24,4.14,3.57,2.82,-0.0038186963112343,0.0038991174553222,0.0480829111535219,0.0588912705522955,0.0616117499482046,0.8699999999999974,0.9599999999999972,0.1107882500517953,0.5699999999999998,-0.0200000000000004,-0.0300000000000002,0.51166211015255
2025-10-08,6753.72,16.3,4.13,3.58,2.84,0.0058106934127934,0.0063156916396454,0.0583293785751996,0.0596455272179319,0.0632937393617328,-0.9399999999999976,0.0100000000000015,0.0997062606382671,0.5499999999999998,0.0099999999999997,0.0300000000000002,0.5073043976256965
2025-10-09,6735.11,16.43,4.14,3.6,2.95,-0.0027593218696984,0.0029381915883353,0.0652052697738067,0.0532105100980492,0.0597737295071725,0.129999999999999,-0.1999999999999993,0.1045262704928274,0.5399999999999996,0.04,0.0500000000000002,0.5152535508092974
2025-10-10,6552.51,21.66,4.05,3.52,3.18,-0.027485959970572,-0.024613287764829,0.2105281223993526,0.1534615825589524,0.1178986892086136,5.23,5.010000000000002,0.0987013107913864,0.5299999999999998,-0.08,-0.06,0.2864781667882643
2025-10-13,6654.72,19.03,4.05,3.52,3.18,0.0154781949837818,-0.0127750897549296,0.2532932302137246,0.174919249360913,0.1295271043373529,-2.629999999999999,2.66,0.0607728956626471,0.5299999999999998,-0.1299999999999999,-0.08,0.22382058187173798
2025-10-14,6644.31,20.81,4.03,3.48,3.11,-0.0015655280311626,-0.0105219214748579,0.2530900477384485,0.1734316730029431,0.1295757680505654,1.7799999999999976,3.5700000000000003,0.0785242319494345,0.5500000000000003,-0.1099999999999994,-0.0899999999999998,0.2224371832173623
2025-10-15,6671.06,20.64,4.05,3.5,2.95,0.0040179185387894,-0.012314696348862,0.2498572111445229,0.1738679165503154,0.1301441371936784,-0.1699999999999981,4.34,0.0762558628063216,0.5499999999999998,-0.08,-0.08,0.2294075750727668
2025-10-16,6629.07,25.31,3.99,3.41,3.04,-0.0063142449751388,-0.0158696194543023,0.2513927418461622,0.1759779790811762,0.1312963063657821,4.669999999999998,8.879999999999999,0.1218036936342178,0.5800000000000001,-0.1499999999999994,-0.1899999999999999,0.22602787196624888
2025-10-17,6664.01,20.78,4.02,3.46,3.04,0.0052568825980633,0.016873223114333,0.1301158857228408,0.1790038568466858,0.1314927787096447,-4.529999999999998,-0.879999999999999,0.0763072212903552,0.5599999999999996,-0.0300000000000002,-0.06,0.24441384342625222
2025-10-20,6735.13,18.23,4.0,3.46,2.99,0.0106157063653199,0.0120107344958709,0.1034710860767856,0.1870639222344406,0.1360258068452061,-2.5500000000000007,-0.8000000000000007,0.0462741931547938,0.54,-0.0499999999999998,-0.06,0.2625644316070279
2025-10-21,6735.35,17.87,3.98,3.45,2.97,3.2664017914663565e-05,0.0136089265449484,0.1001799321716983,0.1859020857918397,0.134288859699877,-0.3599999999999994,-2.9399999999999977,0.0444111403001229,0.5299999999999998,-0.0500000000000002,-0.0299999999999998,0.26505837950955696
2025-10-22,6699.4,18.6,3.97,3.45,3.01,-0.005351805698817,0.0042392023073418,0.1137124722228834,0.1850952321043814,0.1354263646251696,0.7300000000000004,-2.039999999999999,0.0505736353748303,0.52,-0.0799999999999996,-0.0499999999999998,0.25107505350388587
2025-10-23,6738.44,17.3,4.01,3.48,2.96,0.0058104739805954,0.0163639212630762,0.0969440454369734,0.1875481162864537,0.1350684042699391,-1.3000000000000007,-8.009999999999998,0.0379315957300608,0.5299999999999998,0.0199999999999995,0.0699999999999998,0.2819581702154724
2025-10-24,6791.69,16.37,4.02,3.48,2.88,0.0078713619070685,0.0189784005720813,0.1019620892407642,0.1102609662456217,0.1362003393930587,-0.9299999999999996,-4.41,0.0274996606069412,0.5399999999999996,0.0,0.02,0.2561433498950107
2025-10-27,6875.16,15.79,4.01,3.48,2.8,0.0122151099733648,0.0205778041801264,0.1090852889845746,0.101254909191273,0.1417628768131821,-0.5800000000000018,-2.4400000000000013,0.0161371231868178,0.5299999999999998,0.0099999999999997,0.02,0.1695689253503593
2025-10-28,6890.89,16.42,3.99,3.47,2.82,0.002285333388467,0.0228304735506786,0.1048641099373417,0.0979075142200901,0.1414854822392936,0.6300000000000026,-1.4499999999999993,0.0227145177607063,0.52,0.0100000000000002,0.02,0.25012555197767106
2025-10-29,6890.59,16.92,4.08,3.59,2.76,-4.3536688374153406e-05,0.0281387425611215,0.0760469021603756,0.09958166323974,0.1413983171555924,0.5,-1.6799999999999995,0.0278016828444075,0.4900000000000002,0.1099999999999998,0.1399999999999996,0.2567368612242522
2025-10-30,6822.34,16.91,4.11,3.61,2.85,-0.0099541911976876,0.0123740773828385,0.133962003083902,0.1104420511647534,0.1469638623708473,-0.0100000000000015,-0.3900000000000005,0.0221361376291526,0.5000000000000004,0.1000000000000005,0.1299999999999999,0.2697915588315523
2025-10-31,6840.2,17.44,4.11,3.6,2.94,0.00261444946156,0.0071171649373301,0.1255552191701766,0.1096392485302913,0.1470756015043169,0.5300000000000011,1.0700000000000005,0.027324398495683,0.5100000000000002,0.0900000000000007,0.1200000000000001,0.2673307311184142
2025-11-03,6851.97,17.17,4.13,3.6,3.04,0.0017192311955086,-0.0033787138405259,0.0839319200316301,0.100132868249672,0.1467617755538609,-0.2699999999999996,1.3800000000000026,0.024938224446139,0.5299999999999998,0.1200000000000001,0.1200000000000001,0.35997907903214243
2025-11-04,6771.55,19.0,4.1,3.58,3.13,-0.0118061901941921,-0.0174702374231851,0.1086050738832741,0.1211494424211225,0.1527288735682811,1.8299999999999983,2.5799999999999983,0.0372711264317189,0.5199999999999996,0.1099999999999994,0.1099999999999998,0.30910001122075775
2025-11-05,6796.29,18.01,4.17,3.63,3.05,0.0036468630849652,-0.0137798376498457,0.1186841038831826,0.1172636199229643,0.151907281620488,-0.9899999999999984,1.09,0.0281927183795119,0.54,0.0899999999999998,0.04,0.30379452782241867
2025-11-06,6720.32,19.5,4.11,3.57,3.13,-0.0112411026104226,-0.0150667490625808,0.1238409626094063,0.1300022148753598,0.1570788976808624,1.4899999999999984,2.59,0.0379211023191375,0.5400000000000005,0.0,-0.04,0.3615109743202086
2025-11-07,6728.8,19.08,4.11,3.55,3.15,0.0012610492171643,-0.0164201493069768,0.12028799411811,0.1224264806311499,0.1192083848287019,-0.4200000000000017,1.639999999999997,0.071591615171298,0.5600000000000005,0.0,-0.0500000000000002,0.36104417497470725
2025-11-10,6832.43,17.6,4.13,3.58,3.02,0.0152835719496657,-0.0028558085528197,0.179703848706225,0.1322283597899174,0.1189035789830464,-1.4799999999999969,0.4299999999999997,0.0570964210169536,0.5499999999999998,0.0,-0.02,0.30469521166043434
2025-11-11,6846.61,17.28,4.13,3.58,3.02,0.0020732456487022,0.0110236272900749,0.1495143729392758,0.132101950266183,0.1184339264711361,-0.3200000000000003,-1.7199999999999989,0.0543660735288638,0.5499999999999998,0.0300000000000002,0.0,0.33026840411525327
2025-11-12,6850.92,17.51,4.08,3.56,3.02,0.0006293105606983,0.0080060747658082,0.1492151253926708,0.132230797947518,0.1180885906407171,0.2300000000000004,-0.5,0.0570114093592829,0.52,-0.0899999999999998,-0.0699999999999998,0.33543262118429973
2025-11-13,6737.49,20.0,4.11,3.58,3.09,-0.0166954978211988,0.0025516795550321,0.1805284096056286,0.1488961868992712,0.1319390942446172,2.4899999999999984,0.5,0.0680609057553827,0.5300000000000002,0.0,0.0100000000000002,0.3229650045119193
2025-11-14,6734.11,19.83,4.14,3.62,3.07,-0.0005017963821556,0.0007888339557121,0.1805003701028629,0.1474453940312548,0.130945238040063,-0.1700000000000017,0.75,0.0673547619599368,0.5199999999999996,0.0299999999999993,0.0700000000000002,0.35822039908827563
2025-11-17,6672.41,22.38,4.13,3.6,3.13,-0.0092045416140541,-0.0236992796080076,0.1270154685169266,0.1507955780104133,0.1295772221250628,2.5500000000000007,4.779999999999998,0.0942227778749371,0.5299999999999998,0.0,0.02,0.407847254293874
2025-11-18,6617.32,24.69,4.12,3.58,3.2,-0.0082906598630304,-0.0340631851197404,0.1124700732412325,0.1457712594839573,0.132486451333945,2.3100000000000023,7.41,0.1144135486660549,0.54,-0.0099999999999997,0.0,0.41173433127366277
2025-11-19,6642.16,23.66,4.13,3.58,3.17,0.0037467576494783,-0.0309457380309606,0.1267379705924971,0.1458862605256086,0.1323533799057783,-1.0300000000000011,6.149999999999999,0.1042466200942217,0.5499999999999998,0.0499999999999998,0.02,0.4218128875190481
2025-11-20,6538.76,26.42,4.1,3.55,3.17,-0.0156896667483885,-0.0299399069581503,0.1215811801789111,0.1549529249970075,0.1406532188514047,2.7600000000000016,6.420000000000002,0.1235467811485952,0.5499999999999998,-0.0100000000000006,-0.0300000000000002,0.3508270519516111
2025-11-21,6602.99,23.43,4.06,3.51,3.19,0.0097750317023567,-0.0196630788736381,0.1649510276681422,0.1665658278783975,0.1424865713613189,-2.990000000000002,3.6000000000000014,0.0918134286386811,0.5499999999999998,-0.08,-0.1100000000000003,0.3258528153931382
2025-11-24,6705.12,20.52,4.04,3.46,3.15,0.0153488369170487,0.0048902996574648,0.2031834548417815,0.1667544289363514,0.1468287011788654,-2.91,-1.8599999999999997,0.0583712988211345,0.5800000000000001,-0.0899999999999998,-0.1400000000000001,0.2198408273162765
2025-11-25,6765.88,18.56,4.01,3.43,3.1,0.0090209207985121,0.0222018803190073,0.1901853146726351,0.1748195820478605,0.1508719781722892,-1.9600000000000009,-6.130000000000003,0.0347280218277107,0.5799999999999996,-0.1100000000000003,-0.1499999999999999,0.17336048890337954
2025-11-26,6812.61,17.19,4.0,3.45,3.0,0.0068829721842695,0.0253380948537986,0.1907671040272845,0.1793967436683506,0.153385295354427,-1.3699999999999974,-6.469999999999999,0.0185147046455729,0.5499999999999998,-0.1299999999999999,-0.1299999999999999,0.13568006611055214
2025-11-28,6849.09,16.35,4.02,3.47,2.95,0.0053404900859037,0.046368251688091,0.0606606879385437,0.156554844367429,0.150555241021495,-0.8399999999999999,-10.07,0.012944758978505,0.5499999999999994,-0.08,-0.0799999999999996,0.11029587448162315
2025-12-01,6812.63,17.24,4.09,3.54,2.94,-0.0053375543577991,0.0312556656279353,0.1193141430780892,0.1602481867873405,0.1515038656732278,0.889999999999997,-6.190000000000001,0.0208961343267721,0.5499999999999998,0.0300000000000002,0.0300000000000002,0.08968518593255055
2025-12-02,6829.37,16.59,4.09,3.51,2.92,0.0024541868350872,0.0183610155459737,0.0885138322585538,0.1494603834507406,0.1516498657054739,-0.6499999999999986,-3.93,0.014250134294526,0.5800000000000001,0.0499999999999998,0.0499999999999998,0.08197155141146774
2025-12-03,6849.72,16.08,4.06,3.49,2.89,0.0029753463150951,0.0123154410625566,0.0748493263983217,0.1372566908643019,0.1455550433500675,-0.5100000000000016,-2.4800000000000004,0.0152449566499323,0.5699999999999994,0.0499999999999998,0.06,0.12606144709307662
2025-12-04,6857.12,15.78,4.11,3.52,2.88,0.0010797529874062,0.0065122218656935,0.0637802184162818,0.1377482554854647,0.1451208052332773,-0.2999999999999989,-1.410000000000002,0.0126791947667226,0.5900000000000003,0.1100000000000003,0.0699999999999998,0.12917053801589373
2025-12-05,6870.4,15.41,4.14,3.56,2.85,0.001934800188636,0.0031065319684257,0.0540342314366032,0.0904073460748495,0.1384300883433401,-0.3699999999999992,-0.9400000000000012,0.0156699116566599,0.5799999999999996,0.1200000000000001,0.0899999999999998,0.21143834567510797
2025-12-08,6846.51,16.66,4.17,3.57,2.89,-0.0034832953129334,0.0049607910132915,0.0412405032185899,0.094968047397193,0.1393799731532045,1.25,-0.5799999999999983,0.0272200268467954,0.6000000000000001,0.08,0.0299999999999998,0.2056499528586733
2025-12-09,6840.51,16.93,4.18,3.61,2.89,-0.0008767431309868,0.0016298610472175,0.0405753937452564,0.070693798952017,0.128597756949387,0.2699999999999996,0.3399999999999998,0.0407022430506129,0.5699999999999998,0.0899999999999998,0.1,0.2086474296949979
2025-12-10,6886.68,15.77,4.13,3.54,2.91,0.006726820871526,0.0053813356036483,0.0600665595196215,0.065024196151048,0.130609635624307,-1.16,-0.3099999999999987,0.0270903643756929,0.5899999999999999,0.0700000000000002,0.0499999999999998,0.2576645973142562
2025-12-11,6901.0,14.85,4.14,3.52,2.88,0.0020772175085341,0.006378800124776,0.0604861506944217,0.0586007312644187,0.1307602997483682,-0.92,-0.9299999999999996,0.0177397002516317,0.6199999999999997,0.0299999999999993,0.0,0.2846805627945368
2025-12-12,6827.41,15.74,4.19,3.52,2.91,-0.0107209363442458,-0.0062769364081058,0.1033445904679954,0.0793151639199627,0.1218373870785853,0.8900000000000006,0.33,0.0355626129214147,0.6700000000000004,0.0500000000000007,-0.04,0.2673986320788346
2025-12-15,6816.51,16.5,4.18,3.51,2.91,-0.0015977816227138,-0.0043914227178864,0.1016365578901415,0.0747790570384871,0.1220382902835207,0.7599999999999998,-0.1600000000000001,0.0429617097164792,0.6699999999999999,0.0099999999999997,-0.06,0.2850118620652709
2025-12-16,6800.26,16.48,4.15,3.48,2.98,-0.0023867639262764,-0.0059014435131761,0.102198908173175,0.0743813562786742,0.1170657836070178,-0.0199999999999995,-0.4499999999999993,0.0477342163929821,0.6700000000000004,-0.0299999999999993,-0.1299999999999999,0.29153138659566236
2025-12-17,6721.43,17.62,4.16,3.49,2.99,-0.0116599172293244,-0.0242881816140266,0.0957330795713769,0.0902307651005071,0.1211330491549511,1.1400000000000006,1.8500000000000012,0.0550669508450489,0.6699999999999999,0.0300000000000002,-0.0499999999999998,0.2309483103547404
2025-12-18,6774.76,16.87,4.12,3.46,2.95,0.0079030122681597,-0.0184623868544009,0.1263563339563904,0.1022244379373009,0.1233608582464345,-0.75,2.0200000000000014,0.0453391417535654,0.6600000000000001,-0.0199999999999995,-0.06,0.19396175092500875
2025-12-19,6834.5,14.91,4.16,3.48,2.9,0.0087793728265068,0.0010379223163517,0.1336485441258172,0.1132924099102219,0.1092552012672368,-1.9600000000000009,-0.8300000000000001,0.0398447987327632,0.6800000000000002,-0.0300000000000002,-0.04,0.14588178170629468
2025-12-22,6878.49,14.08,4.17,3.44,2.88,0.0064158365019504,0.0090515404410159,0.1388366577550813,0.116893305510917,0.1067939200723172,-0.8300000000000001,-2.42,0.0340060799276828,0.73,-0.0099999999999997,-0.0699999999999998,0.1067051342608569
2025-12-23,6909.79,14.0,4.18,3.48,2.83,0.0045400954671889,0.0159783998344813,0.1342785934190147,0.1183053319271062,0.09519572199168,-0.08,-2.4800000000000004,0.04480427800832,0.6999999999999997,0.0299999999999993,0.0,0.14119014422462534
2025-12-24,6932.05,13.47,4.15,3.47,2.84,0.0032163381731992,0.0308546552370052,0.0365917704753112,0.1148146228848105,0.0912647471448736,-0.5299999999999994,-4.15,0.0434352528551264,0.6800000000000002,-0.0099999999999997,-0.02,0.13502102277856803
2025-12-26,6929.94,13.6,4.14,3.46,2.86,-0.0003044295972362,0.0226472133716092,0.0542475544092498,0.1146118385274786,0.0888773033301476,0.129999999999999,-3.2700000000000014,0.0471226966698524,0.6799999999999997,0.0199999999999995,0.0,0.16827869321651906
2025-12-29,6905.74,14.2,4.12,3.45,2.87,-0.0034982053182543,0.0103696352268479,0.062972247385289,0.0997241678999758,0.088496196145181,0.5999999999999996,-0.7100000000000009,0.0535038038548189,0.6699999999999999,-0.04,-0.0299999999999998,0.18668385127351206
2025-12-30,6896.24,14.33,4.14,3.45,2.84,-0.0013766142974067,0.0025771844274909,0.0525624270442678,0.0995601552917436,0.0861694429518278,0.1300000000000007,0.25,0.0571305570481721,0.6899999999999995,-0.0300000000000002,0.0100000000000002,0.193301878035283
2025-12-31,6845.5,14.95,4.18,3.47,2.81,-0.0073848334483381,-0.0093477444880362,0.0623110911970887,0.1074022932304395,0.0903525753346613,0.6199999999999992,0.9499999999999992,0.0591474246653386,0.7099999999999995,0.0,-0.0099999999999997,0.15370127185543428
2026-01-02,6858.47,14.51,4.19,3.47,2.83,0.0018928827007984,-0.010671199960437,0.0558824689839172,0.0825308209108525,0.0899794705202069,-0.4399999999999995,1.0399999999999991,0.055120529479793,0.7200000000000002,0.04,0.0,0.18226374007370974
2026-01-05,6902.05,14.9,4.17,3.46,2.81,0.0063340841341208,-0.0040326862290797,0.0829127337268879,0.0797266606530027,0.0926593932623385,0.3900000000000005,1.3000000000000007,0.0563406067376614,0.71,0.0300000000000002,0.0,0.15406449602957148
2026-01-06,6944.82,14.75,4.18,3.47,2.79,0.0061775890172726,0.0056431081064472,0.0911672762064618,0.0742898783623662,0.0948344913307457,-0.1500000000000003,0.5500000000000007,0.0526655086692542,0.7099999999999995,0.0599999999999996,0.02,0.12275313875298736
2026-01-07,6920.93,15.38,4.15,3.47,2.79,-0.0034459042806426,0.0035738181232114,0.0958147931985062,0.0728759707033919,0.0948135495275995,0.6300000000000008,1.0500000000000007,0.0589864504724004,0.6800000000000002,0.0100000000000006,0.02,0.13886129186560725
2026-01-08,6921.46,15.45,4.19,3.49,2.76,7.657637160338651e-05,0.0110352279431529,0.0661183742990764,0.0695117721970635,0.0946848432654554,0.0699999999999985,0.5,0.0598151567345446,0.7000000000000002,0.0100000000000006,0.02,0.14475482207864254
2026-01-09,6966.28,14.49,4.18,3.54,2.74,0.0064546363351698,0.015596981577524,0.0723869340686675,0.0751585817968637,0.0944554498102604,-0.9599999999999992,-0.0199999999999995,0.0504445501897396,0.6399999999999997,-0.0100000000000006,0.0699999999999998,0.10275728844473266
2026-01-12,6977.27,15.12,4.19,3.54,2.74,0.0015763564193844,0.0108392538627876,0.0667353016626692,0.0751931494967112,0.0943664625390685,0.629999999999999,0.2199999999999988,0.0568335374609314,0.6500000000000004,0.0200000000000004,0.08,0.34554865084433256
2026-01-13,6963.74,15.98,4.18,3.53,2.75,-0.0019410364454217,0.002720628400093,0.0606120478980592,0.073148555673129,0.0851553765059691,0.8600000000000012,1.2300000000000004,0.0746446234940308,0.6499999999999999,0.0,0.0599999999999996,0.38974828242243803
2026-01-14,6926.6,16.75,4.15,3.51,2.76,-0.0053476140263805,0.0008189186543551,0.0693697678015441,0.0789949448406196,0.0876691035076309,0.7699999999999996,1.3699999999999992,0.0798308964923691,0.6400000000000006,0.0,0.0399999999999995,0.39018490018466556
2026-01-15,6944.47,15.84,4.17,3.56,2.71,0.0025765870817866,0.0033189293645387,0.0714121624652125,0.0661528409722094,0.0870434495007261,-0.91,0.3900000000000005,0.0713565504992738,0.6099999999999999,-0.0200000000000004,0.0699999999999998,0.38806983898298325
2026-01-16,6940.01,15.86,4.24,3.59,2.65,-0.0006424439594999,-0.003778150930131,0.049597452898798,0.0668822143571205,0.0734283347314064,0.0199999999999995,1.3699999999999992,0.0851716652685935,0.6500000000000004,0.0600000000000005,0.0499999999999998,0.3959520376164724
2026-01-20,6796.86,20.09,4.3,3.6,2.73,-0.02084247460984,-0.0261969819593556,0.1456153015361795,0.1234666269652238,0.1048670771489237,4.23,4.970000000000001,0.0960329228510763,0.6999999999999997,0.1099999999999994,0.06,0.22691120474981438
2026-01-21,6875.62,16.9,4.26,3.6,2.69,0.0115210804746558,-0.0127348650392779,0.18955870697345,0.1351726781857691,0.1082519082230768,-3.1900000000000013,0.9199999999999982,0.0607480917769231,0.6599999999999997,0.08,0.0700000000000002,0.1343170939963781
2026-01-22,6913.35,15.64,4.26,3.61,2.64,0.0054725036260702,-0.0019147473868271,0.1949740219563432,0.138040434304716,0.1075948360585606,-1.259999999999998,-1.1099999999999994,0.0488051639414394,0.6499999999999999,0.1099999999999994,0.1,0.10447832278823532
2026-01-23,6915.61,16.09,4.24,3.6,2.68,0.0003268503228179,-0.0041644841457958,0.1934710032194568,0.138055601270133,0.1064009212480901,0.4499999999999993,0.25,0.0544990787519098,0.6400000000000001,0.0700000000000002,0.04,0.12478999883380905
2026-01-26,6950.23,16.15,4.22,3.56,2.69,0.0049935773007325,0.0014715371144367,0.1979070986915891,0.1363015450492548,0.1072874612420017,0.0599999999999987,0.2899999999999991,0.0542125387579982,0.6599999999999997,-0.0200000000000004,-0.0299999999999998,0.12873978441992118
2026-01-27,6978.6,16.35,4.24,3.53,2.71,0.0040735710366091,0.0263875827608858,0.0640213769636751,0.1377968107432029,0.1081736547009508,0.2000000000000028,-3.7399999999999984,0.0553263452990491,0.7100000000000004,-0.0599999999999996,-0.0700000000000002,0.1741868027789502
2026-01-28,6978.03,16.35,4.26,3.56,2.72,-8.16816094311329e-05,0.0147848206767989,0.0419049497327029,0.1373717207572852,0.1072374620303708,0.0,-0.5499999999999972,0.0562625379696292,0.6999999999999997,0.0,-0.04,0.19197971042405126
2026-01-29,6969.01,16.88,4.24,3.53,2.77,-0.0012934646000264,0.0080188524507022,0.0438032516015881,0.1342555696255247,0.1072183547273579,0.5299999999999976,1.2399999999999984,0.061581645272642,0.7100000000000004,-0.0199999999999995,-0.08,0.27335866179459695
2026-01-30,6939.03,17.44,4.26,3.52,2.8,-0.0043111820838502,0.0033808200440339,0.0612300470005728,0.1358738253248741,0.1047373629660285,0.5600000000000023,1.3500000000000014,0.0696626370339714,0.7399999999999998,0.0199999999999995,-0.08,0.4073168898651244
2026-02-02,6976.44,16.34,4.29,3.57,2.81,0.0053767627145276,0.0037640054578289,0.0629680040642217,0.1385084006089613,0.1059956177646174,-1.1000000000000014,0.1900000000000012,0.0574043822353825,0.7200000000000002,0.0700000000000002,0.0099999999999997,0.40514381541658984
2026-02-03,6917.81,18.0,4.28,3.57,2.85,-0.0084395124594527,-0.0087490780382329,0.0813681531524985,0.090670093386422,0.108798203272489,1.66,1.6499999999999986,0.0712017967275109,0.7100000000000004,0.04,0.04,0.38594345076062236
2026-02-04,6882.72,18.64,4.29,3.57,2.86,-0.0050853228999764,-0.0137527193287782,0.0826493948134586,0.0780814724628383,0.1078138735760017,0.6400000000000006,2.289999999999999,0.0785861264239982,0.7200000000000002,0.0300000000000002,0.0099999999999997,0.3774070792533135
2026-02-05,6798.4,21.77,4.21,3.47,2.97,-0.0123266322742917,-0.0247858870030435,0.1045970986379922,0.093426212732151,0.1154275714745762,3.129999999999999,4.890000000000001,0.1022724285254237,0.7399999999999998,-0.0300000000000002,-0.0599999999999996,0.4085763688783943
2026-02-06,6932.3,17.76,4.22,3.5,2.87,0.0195043580918789,-0.0009703468273142,0.2036293160941908,0.1419441091000669,0.1363047850268867,-4.009999999999998,0.3200000000000003,0.0412952149731132,0.7199999999999998,-0.04,-0.02,0.2667049806455203
2026-02-09,6964.82,17.36,4.22,3.48,2.84,0.0046801149243004,-0.0016669946175414,0.2024854661877908,0.141658677190517,0.1353459439096352,-0.4000000000000021,1.0199999999999996,0.0382540560903647,0.7399999999999998,-0.0700000000000002,-0.0899999999999998,0.25667022804802747
2026-02-10,6941.81,17.79,4.16,3.45,2.86,-0.0033092159636613,0.0034633018782498,0.1925797408906671,0.1408660971045101,0.1356968075795513,0.4299999999999997,-0.2100000000000008,0.0422031924204486,0.71,-0.1200000000000001,-0.1199999999999996,0.26624059044101417
2026-02-11,6941.47,17.65,4.18,3.52,2.84,-4.897978000417709e-05,0.0084996449982222,0.1862760100158443,0.1408690976202062,0.1355510862061992,-0.1400000000000005,-0.990000000000002,0.0409489137938007,0.6599999999999997,-0.1100000000000003,-0.0499999999999998,0.2699929065824226
2026-02-12,6832.76,20.82,4.09,3.47,2.92,-0.0157848761337019,0.0050414011388119,0.2035028848957427,0.1604976705225593,0.145543487369017,3.1700000000000017,-0.9499999999999992,0.0626565126309829,0.6199999999999997,-0.1200000000000001,0.0,0.1488624486000807
2026-02-13,6836.17,20.6,4.04,3.4,2.95,0.0004989417709712,-0.0139640151820958,0.1237980848123654,0.1603531204772426,0.1451127382530858,-0.2199999999999988,2.84,0.0608872617469141,0.6400000000000001,-0.1799999999999997,-0.1,0.22262894561475002
2026-02-17,6843.22,20.29,4.05,3.43,2.94,0.0010307478073486,-0.0176133822990475,0.112075813259602,0.1565792121858207,0.1452561480603882,-0.3100000000000023,2.93,0.0576438519396117,0.6199999999999997,-0.1699999999999999,-0.0499999999999998,0.25285924832943724
2026-02-18,6881.31,19.62,4.09,3.47,2.86,0.0055506597013469,-0.0087535066340392,0.1294432390349317,0.1560381524824317,0.1256027325035176,-0.6699999999999982,1.8300000000000016,0.0705972674964824,0.6199999999999997,-0.0700000000000002,0.02,0.26966911309663694
2026-02-19,6861.89,20.23,4.08,3.47,2.88,-0.0028261268009801,-0.0115306536550151,0.1286421281401894,0.1545965215706542,0.1192474691524584,0.6099999999999994,2.580000000000002,0.0830525308475415,0.6099999999999999,-0.0999999999999996,-0.0499999999999998,0.2792897464750357
2026-02-20,6909.51,19.09,4.08,3.48,2.86,0.0069158095471729,0.0111700320258598,0.0629913485807657,0.1423890802479459,0.1202478725469471,-1.1400000000000006,-1.7300000000000004,0.0706521274530528,0.6000000000000001,-0.0099999999999997,0.0099999999999997,0.26592449127185763
2026-02-23,6837.75,21.01,4.03,3.43,2.95,-0.0104399933920968,0.0002310968627917,0.1113114501918321,0.1135011744327085,0.1257732912174926,1.9200000000000017,0.4100000000000001,0.0843267087825073,0.6000000000000001,-0.0099999999999997,0.0300000000000002,0.20806116615695128
2026-02-24,6890.07,19.55,4.04,3.43,2.97,0.0076225144746425,0.0068228635300854,0.1240882806125569,0.1187355773652414,0.1276468354660446,-1.4600000000000009,-0.7399999999999984,0.0678531645339553,0.6099999999999999,-0.0099999999999997,0.0,0.22657741288424746
2026-02-25,6946.13,17.93,4.05,3.45,2.94,0.0081034253287755,0.0093756291575139,0.1306628758336974,0.1263134237779487,0.1303083036942996,-1.620000000000001,-1.6900000000000013,0.0489916963057003,0.5999999999999996,-0.04,-0.02,0.2232312508224803
2026-02-26,6908.86,18.63,4.02,3.42,2.98,-0.0053800240775697,0.0068217318809242,0.137529403022581,0.1292457386768845,0.1315776343895451,0.6999999999999993,-1.6000000000000014,0.0547223656104548,0.5999999999999996,-0.0600000000000005,-0.0500000000000002,0.22498626243425576
2026-02-27,6878.88,19.86,3.97,3.38,3.1,-0.004348797881099,-0.0044428755473475,0.1320236553088946,0.1009595336301713,0.1322677487751249,1.2300000000000004,0.7699999999999996,0.066332251224875,0.5900000000000003,-0.1099999999999998,-0.1,0.301448083629689
2026-03-02,6881.62,21.44,4.05,3.47,3.03,0.0003982413482378,0.0063953591929869,0.1015234673050328,0.1009656521945728,0.1315938775095224,1.5800000000000018,0.4299999999999997,0.0828061224904775,0.5799999999999996,0.0199999999999995,0.04,0.3287329084819302
2026-03-03,6816.63,23.57,4.06,3.51,3.08,-0.0094888745108425,-0.0107160297924981,0.1067119088783341,0.1129863185216454,0.1334816911410996,2.129999999999999,4.02,0.1022183088589004,0.5499999999999998,0.0199999999999995,0.0799999999999996,0.2941543504059407
2026-03-04,6869.5,21.15,4.09,3.54,2.97,0.0077261085487365,-0.0110933465725369,0.1044387972685203,0.1166567938506084,0.1341191973432138,-2.4200000000000017,3.219999999999999,0.0773808026567861,0.5499999999999998,0.04,0.0899999999999998,0.267695988700616
2026-03-05,6830.71,23.75,4.13,3.57,3.0,-0.0056627020540441,-0.0113760245490114,0.104995661795307,0.1193030189201823,0.1344049047925469,2.6000000000000014,5.120000000000001,0.103095095207453,0.56,0.1100000000000003,0.1499999999999999,0.35059596540741444
2026-03-06,6740.02,29.49,4.15,3.56,3.13,-0.013365729048958,-0.0203929557168705,0.1322034094902209,0.1273852231159394,0.1356745853202799,5.739999999999998,9.63,0.1592254146797201,0.5900000000000003,0.1800000000000001,0.1800000000000001,0.29530916362636783
2026-03-09,6795.99,25.5,4.12,3.56,3.19,0.008269840075943,-0.0125213569891652,0.1582430032609241,0.1292753616582385,0.1185617368798319,-3.9899999999999984,4.059999999999999,0.1364382631201681,0.56,0.0700000000000002,0.0899999999999998,0.3091562002632797
2026-03-10,6781.48,24.93,4.15,3.57,3.06,-0.0021373651385526,-0.0051698476168752,0.1459278286636123,0.1208785460907906,0.116690091560466,-0.5700000000000003,1.3599999999999994,0.1326099084395339,0.5800000000000005,0.0900000000000007,0.06,0.3098228724301042
2026-03-11,6775.8,24.23,4.21,3.64,3.09,-0.0008379262407114,-0.0137338824063232,0.1246542400587399,0.1085051319734598,0.1164647310104883,-0.6999999999999993,3.080000000000002,0.1258352689895117,0.5699999999999998,0.1200000000000001,0.1,0.3783099562243595
2026-03-12,6672.62,27.29,4.27,3.76,3.17,-0.0153448545769461,-0.0234160349292252,0.15433945711718,0.126065268234409,0.126652270448264,3.0599999999999987,3.539999999999999,0.1462477295517359,0.5099999999999998,0.1399999999999996,0.1899999999999999,0.2927297266603742
2026-03-13,6632.19,27.19,4.28,3.73,3.28,-0.0060775200013083,-0.0161278258815756,0.1361048502362434,0.1266962722129735,0.1169277319937859,-0.0999999999999978,-2.299999999999997,0.1549722680062141,0.5500000000000003,0.1299999999999999,0.1699999999999999,0.367448574905984
2026-03-16,6699.38,23.51,4.23,3.68,3.27,0.010079918404358,-0.0143177475531604,0.1459842990302663,0.1435619786626628,0.1238310038906902,-3.68,-1.9899999999999984,0.1112689961093097,0.5500000000000003,0.1100000000000003,0.1200000000000001,0.3769557997290221
2026-03-17,6716.09,22.37,4.2,3.68,3.22,0.0024911551576874,-0.0096892272569203,0.1510451948831023,0.1402192858306584,0.1242580869206634,-1.1400000000000006,-2.5599999999999987,0.0994419130793366,0.52,0.0499999999999998,0.1100000000000003,0.3795718890720659
2026-03-18,6624.7,25.09,4.26,3.76,3.2,-0.0137010521312225,-0.0225523531474314,0.1713800950381662,0.1420480962757903,0.1296016166417972,2.719999999999999,0.8599999999999994,0.1212983833582027,0.5,0.0499999999999998,0.1199999999999996,0.3226922965987249
2026-03-19,6606.49,24.06,4.25,3.79,3.27,-0.0027525886179107,-0.0099600871883961,0.142030669835707,0.1416318751532524,0.1295949110419719,-1.0300000000000011,-3.2300000000000004,0.111005088958028,0.4599999999999999,-0.0199999999999995,0.0300000000000002,0.4241715254714297
2026-03-20,6506.48,26.78,4.39,3.88,3.24,-0.0152538958294773,-0.0191364630165651,0.1707057136379089,0.1456357677070369,0.1334366065760048,2.7200000000000024,-0.4100000000000001,0.1343633934239952,0.5099999999999998,0.1099999999999994,0.1499999999999999,0.43925686818242066
2026-03-23,6581.0,26.15,4.34,3.83,3.19,0.0113881060932591,-0.017828275327664,0.1775360286892057,0.1533450676947649,0.1396560032726504,-0.6300000000000026,2.639999999999997,0.1218439967273496,0.5099999999999998,0.1099999999999994,0.1499999999999999,0.40522083277047144
2026-03-24,6556.37,26.95,4.39,3.9,3.19,-0.0037496133331591,-0.0240690438185108,0.1694676576140246,0.1532414889539186,0.1351170865571176,0.8000000000000007,4.579999999999998,0.1343829134428824,0.4899999999999997,0.1899999999999995,0.2199999999999997,0.606998118248534
2026-03-25,6591.9,25.33,4.33,3.84,3.17,0.0054045264483707,-0.0049634652389173,0.1603813147863516,0.159223571214812,0.1326294130509593,-1.620000000000001,0.2399999999999984,0.1206705869490406,0.4900000000000002,0.0700000000000002,0.08,0.6115093109534021
2026-03-26,6477.16,27.44,4.42,3.96,3.21,-0.0175594798990191,-0.0197703565200256,0.2001385684816564,0.164430976386011,0.1426613199661784,2.110000000000003,3.3800000000000026,0.1317386800338215,0.4599999999999999,0.1699999999999999,0.1699999999999999,0.5445726507532055
2026-03-27,6368.85,31.05,4.44,3.88,3.42,-0.0168632231562443,-0.0213796838467925,0.2061002279374267,0.1784494282230536,0.1506593277147125,3.61,4.27,0.1598406722852874,0.5600000000000005,0.0500000000000007,0.0,0.47939027597040584
2026-03-30,6343.72,30.61,4.35,3.82,3.46,-0.0039535723670909,-0.0367213623071427,0.1551141655738599,0.160316662860003,0.1498206778804759,-0.4400000000000013,4.460000000000001,0.156279322119524,0.5299999999999998,0.0099999999999997,-0.0100000000000002,0.47541691977524214
2026-03-31,6528.52,25.25,4.3,3.79,3.28,0.0287149241852722,-0.0042568247887112,0.3031226812159822,0.233880832133635,0.1880006009154727,-5.359999999999999,-1.6999999999999993,0.0644993990845273,0.5099999999999998,-0.0899999999999998,-0.1099999999999998,0.41578394797919327
2026-04-01,6575.32,24.54,4.33,3.81,3.16,0.0071429747289302,-0.0025183765081518,0.3056239476394045,0.2301360252781626,0.1876049038706557,-0.7100000000000009,-0.7899999999999991,0.0577950961293442,0.52,0.0,-0.0299999999999998,0.4117684521495779
2026-04-02,6582.69,23.87,4.31,3.79,3.17,0.001120230303933,0.0161613336948004,0.26617450156144,0.2300127107154837,0.1874838276358169,-0.6699999999999982,-3.5700000000000003,0.051216172364183,0.5199999999999996,-0.1100000000000003,-0.1699999999999999,0.41178154409394324
2026-04-06,6611.83,24.17,4.34,3.84,3.05,0.0044169924144776,0.0374415492655222,0.1994748156286261,0.2150608307272969,0.1835815541720483,0.3000000000000007,-6.879999999999999,0.0581184458279517,0.5,-0.1000000000000005,-0.04,0.4364235204535007
2026-04-07,6616.85,25.78,4.33,3.81,3.12,0.0007589570903471,0.0421540787229604,0.1847039140207327,0.2080281519001375,0.1804828367226222,1.6099999999999994,-4.829999999999998,0.0773171632773778,0.52,-0.0199999999999995,-0.0099999999999997,0.47423565091720554
2026-04-08,6782.81,21.04,4.29,3.79,2.94,0.0247720444773398,0.038211199015028,0.1575495688638953,0.2385767844766805,0.2027946269476356,-4.740000000000002,-4.210000000000001,0.0076053730523643,0.5,-0.0099999999999997,0.0,0.29353363880158073
2026-04-09,6824.66,19.49,4.29,3.78,2.9,0.0061510526131663,0.037219276899264,0.1579045753859714,0.238782153825972,0.203921444723977,-1.5500000000000007,-5.050000000000001,-0.009021444723977,0.5100000000000002,-0.04,-0.0300000000000002,0.27989223343930997
2026-04-10,6816.89,19.23,4.31,3.81,2.94,-0.0011391668601091,0.0349598797352219,0.1642905225696962,0.2108886685613766,0.1954711270275807,-0.259999999999998,-4.640000000000001,-0.0031711270275807,0.4999999999999995,0.0,0.02,0.3378024146660525
2026-04-13,6886.24,19.12,4.3,3.78,2.95,0.01012186151436,0.0406647488351045,0.1636482130935098,0.1720935023839007,0.1960721580416868,-0.1099999999999994,-5.050000000000001,-0.0048721580416868,0.52,-0.04,-0.06,0.29952734011080656
2026-04-14,6967.38,18.36,4.26,3.76,2.84,0.0117140397708577,0.0516198315156152,0.1505018766606954,0.1596257201934,0.197061925826385,-0.7600000000000016,-7.420000000000002,-0.013461925826385,0.5,-0.0700000000000002,-0.0500000000000002,0.2556516272483464
2026-04-15,7022.95,18.17,4.29,3.76,2.85,0.0079441002815085,0.0347918873197838,0.0793001194437386,0.1177266763983356,0.1982037156908317,-0.1899999999999977,-2.869999999999997,-0.0165037156908317,0.5300000000000002,0.0,-0.0300000000000002,0.27702121135543345
2026-04-16,7041.28,17.94,4.32,3.78,2.86,0.0026066141379231,0.0312474488445406,0.0853360242677776,0.1200754710202251,0.1890565927013955,-0.2300000000000004,-1.5499999999999972,-0.0096565927013955,0.5400000000000005,0.0300000000000002,0.0,0.28169260064698937
2026-04-17,7126.06,17.48,4.26,3.71,2.83,0.0119685151942459,0.0443551308988957,0.0611445795767863,0.1179192588318055,0.1902823068003828,-0.4600000000000008,-1.75,-0.0154823068003827,0.5499999999999998,-0.0499999999999998,-0.1,0.2432037345735505
2026-04-20,7109.14,18.87,4.26,3.72,2.87,-0.0023772069191958,0.0318560624653398,0.0981965735117052,0.1280835496735052,0.1783067917757196,1.3900000000000006,-0.25,0.0103932082242804,0.5399999999999996,-0.04,-0.0599999999999996,0.24105232593765416
2026-04-21,7064.01,19.5,4.3,3.78,2.85,-0.0063684011707009,0.0137736215237809,0.1181061354891868,0.1423978596379109,0.1802449232676064,0.629999999999999,1.1400000000000006,0.0147550767323935,0.52,0.04,0.02,0.23227498166450847
2026-04-22,7137.9,18.92,4.3,3.79,2.84,0.0104057365141601,0.0162352577564326,0.1259525092864149,0.1039699509881355,0.1796532239964378,-0.5799999999999983,0.75,0.0095467760035621,0.5099999999999998,0.0099999999999997,0.0300000000000002,0.16341802412243245
2026-04-23,7108.4,19.31,4.34,3.83,2.86,-0.0041414321141621,0.0094872115043474,0.1367610683637757,0.113468403455512,0.1820188941874004,0.389999999999997,1.3699999999999974,0.0110811058125995,0.5099999999999998,0.0199999999999995,0.0500000000000002,0.22029683110502013
2026-04-24,7165.08,18.71,4.31,3.78,2.86,0.0079420432759079,0.0054607395860092,0.1200470166210766,0.1109162245771751,0.163997661089381,-0.5999999999999979,1.2300000000000004,0.0231023389106189,0.5299999999999998,0.0499999999999998,0.0699999999999998,0.18652097420911445
2026-04-27,7173.91,18.02,4.35,3.78,2.84,0.0012316071238145,0.0090695536290197,0.1161469768948604,0.1083283172098702,0.1431927409385852,-0.6900000000000013,-0.8500000000000014,0.0370072590614147,0.5699999999999998,0.0899999999999998,0.0599999999999996,0.1964258037414128
2026-04-28,7138.8,17.83,4.36,3.84,2.85,-0.0049061387291933,0.0105318160705272,0.1099560616339346,0.1077148567831752,0.1441037078643756,-0.1900000000000012,-1.6700000000000017,0.0341962921356243,0.5200000000000005,0.0600000000000005,0.06,0.2213569610635106
2026-04-29,7135.95,18.81,4.42,3.92,2.82,-0.0003993064730196,-0.0002732269166526,0.0817032559013169,0.1038297667391505,0.1175983598442665,0.9800000000000004,-0.1100000000000029,0.0705016401557334,0.5,0.1200000000000001,0.1299999999999999,0.3190881606221945
2026-04-30,7209.01,16.89,4.4,3.88,2.83,0.0101862440497209,0.0140544492472304,0.0982029856920229,0.1125044830328674,0.1190109440881682,-1.9199999999999984,-2.419999999999998,0.0498890559118317,0.5200000000000005,0.0600000000000005,0.0499999999999998,0.2816531509725356
2026-05-01,7230.12,16.99,4.39,3.88,2.77,0.0029240009668849,0.0090364069382074,0.0875707979895907,0.0992426406145616,0.1184824124799305,0.0999999999999978,-1.7200000000000024,0.0514175875200694,0.5099999999999998,0.08,0.1,0.30808163988616
2026-05-04,7200.75,18.29,4.45,3.95,2.78,-0.0040704462796038,0.0037343535347891,0.0973142440765925,0.1014111714431237,0.122504470675379,1.3000000000000007,0.2699999999999996,0.0603955293246209,0.5,0.1000000000000005,0.1700000000000003,0.3027012144756746
2026-05-05,7259.22,17.38,4.43,3.93,2.77,0.0080871977845929,0.0167276900485753,0.0934026194058156,0.0967384436608542,0.1224835511705653,-0.91,-0.4499999999999993,0.0513164488294346,0.4999999999999995,0.0699999999999994,0.0900000000000003,0.2753085628071896
2026-05-06,7365.12,17.39,4.36,3.87,2.75,0.0144829580125832,0.0316099545341784,0.113421908461677,0.1073812234328442,0.1041126613185682,0.0100000000000015,-1.4199999999999982,0.0697873386814317,0.4900000000000002,-0.0599999999999996,-0.0499999999999998,0.1775047747015137
2026-05-07,7337.11,17.08,4.41,3.92,2.79,-0.0038103109376631,0.0176133995467942,0.1261871749976719,0.1067641765435483,0.1074828801266777,-0.3100000000000023,0.1899999999999977,0.0633171198733222,0.4900000000000002,0.0099999999999997,0.04,0.2061702639437938
2026-05-08,7398.93,17.19,4.38,3.9,2.81,0.0083903630375044,0.0230797616174137,0.1304487033862255,0.1073477598643264,0.1072088161267618,0.1100000000000029,0.2000000000000028,0.0646911838732381,0.48,-0.0099999999999997,0.02,0.2525191842739239
2026-05-11,7412.84,18.38,4.42,3.95,2.79,0.0018782365766246,0.0290284444736421,0.1108585084484509,0.1070625041222353,0.1050353812656302,1.1899999999999975,0.0899999999999998,0.0787646187343697,0.4699999999999997,-0.0300000000000002,0.0,0.25102472896184064
2026-05-12,7400.96,17.99,4.46,4.0,2.82,-0.0016039102116678,0.0193373364773814,0.119319531741637,0.1011140270962686,0.1021302727346412,-0.3900000000000005,0.6099999999999994,0.0777697272653587,0.4599999999999999,0.0300000000000002,0.0699999999999998,0.27144037488842526
2026-05-13,7444.25,17.87,4.46,3.98,2.82,0.0058322007849638,0.0106865792497621,0.0802373277351964,0.0990187864799558,0.1010487743108023,-0.1199999999999974,0.4800000000000004,0.0776512256891976,0.48,0.0999999999999996,0.1099999999999998,0.30682927122595155
2026-05-14,7501.24,17.26,4.47,4.0,2.76,0.0076264178989046,0.02212330808633,0.0667801680820177,0.0954775864696949,0.1024088236929157,-0.6099999999999994,0.1800000000000032,0.0701911763070843,0.4699999999999997,0.0599999999999996,0.08,0.2832446278282091
2026-05-15,7408.5,18.43,4.59,4.09,2.8,-0.0124403505428965,0.0012925945059288,0.1261761963271111,0.1263641736048992,0.1108773157515913,1.1699999999999982,1.2399999999999984,0.0734226842484086,0.5,0.2099999999999999,0.1899999999999999,0.21145868638305
2026-05-18,7403.05,17.82,4.61,4.07,2.83,-0.000735912209858,-0.0013215542805538,0.1254246692862491,0.1226087323962277,0.1101798980518078,-0.6099999999999994,-0.5599999999999987,0.0680201019481921,0.54,0.1900000000000004,0.1200000000000001,0.23221447534320352
2026-05-19,7353.61,18.06,4.67,4.13,2.86,-0.0067007283473191,-0.006418372416205,0.133794267154957,0.1270471527240977,0.1105214801511209,0.2399999999999984,0.0700000000000002,0.070078519848879,0.54,0.2099999999999999,0.1299999999999999,0.2064356443831984
2026-05-20,7432.97,17.44,4.57,4.04,2.8,0.010734160570108,-0.0015164126310609,0.1533201768479635,0.117157552721091,0.1108580564040144,-0.6199999999999974,-0.4299999999999997,0.0635419435959855,0.5300000000000002,0.1100000000000003,0.06,0.1479001280771165
2026-05-21,7445.72,16.76,4.57,4.08,2.78,0.0017138609811618,-0.0074289695488038,0.1391455747861469,0.1141599377991744,0.1084604676361932,-0.6799999999999997,-0.5,0.0591395323638068,0.4900000000000002,0.1000000000000005,0.08,0.14940132727579022
2026-05-22,7473.47,16.7,4.56,4.13,2.74,0.003720045391482,0.0087314263855749,0.101084606379782,0.1084991517649477,0.1065759084528396,-0.0600000000000022,-1.7300000000000004,0.0604240915471603,0.4299999999999997,-0.0300000000000002,0.04,0.14340743444106116
2026-05-26,7519.12,17.01,4.5,4.01,2.72,0.0060896937854017,0.0155570323808347,0.1021343370657075,0.1114700888745754,0.1074382908486702,0.3100000000000023,-0.8099999999999987,0.0626617091513297,0.4900000000000002,-0.1100000000000003,-0.0600000000000005,0.10789168379315282
2026-05-27,7520.36,16.29,4.48,4.0,2.71,0.0001648993187011,0.022422660046855,0.0657186823126371,0.1104741771651501,0.1043596946675012,-0.7200000000000024,-1.7699999999999996,0.0585403053324987,0.4800000000000004,-0.1899999999999995,-0.1299999999999999,0.159471147571681
2026-05-28,7563.63,15.74,4.45,3.99,2.72,0.0057372245259546,0.0174257240027016,0.0405283625733463,0.1103732926736564,0.1042911036443795,-0.5499999999999989,-1.700000000000001,0.0531088963556204,0.4599999999999999,-0.1200000000000001,-0.0499999999999998,0.1458188423944359
2026-05-29,7580.06,15.32,4.45,3.98,2.72,0.0021698815079501,0.0178817445294896,0.0393859572243279,0.1053011085013049,0.1006933203484686,-0.4199999999999999,-1.4400000000000013,0.0525066796515313,0.4700000000000002,-0.1200000000000001,-0.1,0.4484321523688403
2026-06-01,7599.96,16.05,4.47,4.05,2.72,0.0026218689303053,0.0167835680683131,0.0399017829643723,0.0736922216322514,0.1006825344026737,0.7300000000000004,-0.6499999999999986,0.0598174655973262,0.4199999999999999,-0.0899999999999998,-0.08,0.44898503956141644
2026-06-02,7609.78,15.77,4.46,4.05,2.71,0.0012912780053423,0.0119851522882536,0.0331698813419025,0.071839454646162,0.0978034060177159,-0.2800000000000011,-1.240000000000002,0.059896593982284,0.4100000000000001,-0.04,0.04,0.45038252005440443
2026-06-03,7553.68,16.06,4.49,4.08,2.75,-0.0073994003955932,0.0044208525739593,0.0781761351993134,0.0744522614388122,0.1019804203861284,0.2899999999999991,-0.2300000000000004,0.0586195796138715,0.4100000000000001,0.0099999999999997,0.08,0.5062265485338545
2026-06-04,7584.31,15.4,4.47,4.05,2.74,0.0040467779144759,0.0027304059624807,0.0722623638462143,0.060460813193448,0.0911774817383089,-0.6599999999999984,-0.3399999999999998,0.0628225182616911,0.4199999999999999,0.0199999999999995,0.0599999999999996,0.5728412650762756
2026-06-05,7383.74,21.51,4.55,4.17,2.76,-0.0268013543317511,-0.0262408298772205,0.2039527550591277,0.1569328657993907,0.1348761892962686,6.110000000000001,6.190000000000001,0.0802238107037313,0.3799999999999999,0.0999999999999996,0.1899999999999999,0.3917459748691551
2026-06-08,7405.73,18.92,4.56,4.15,2.75,0.0029737395870207,-0.0258889592205053,0.2048216052996559,0.1563699220411757,0.1319137157348671,-2.59,2.870000000000001,0.0572862842651328,0.4099999999999992,0.0899999999999998,0.1000000000000005,0.4679303103865875
2026-06-09,7386.65,19.87,4.53,4.13,2.78,-0.0025797080092966,-0.0297599452351442,0.1988764915811195,0.1514827674621035,0.1320414946476268,0.9499999999999992,4.100000000000001,0.0666585053523732,0.4000000000000003,0.0700000000000002,0.08,0.474837216860515
2026-06-10,7266.99,22.22,4.55,4.13,2.8,-0.0163321413408521,-0.0386926861804031,0.2126089548103526,0.1673643693541754,0.1439640410085061,2.349999999999998,6.16,0.0782359589914938,0.4199999999999999,0.0599999999999996,0.0499999999999998,0.4426052789437426
2026-06-11,7394.3,19.44,4.45,4.05,2.78,0.0173672575793971,-0.025372206515482,0.2718925211621279,0.1933596077657556,0.1564167487606914,-2.7799999999999976,4.040000000000001,0.0379832512393085,0.4000000000000003,-0.0199999999999995,0.0,0.38628717559674763
2026-06-12,7431.46,17.68,4.48,4.09,2.71,0.0050129069696037,0.0064420547858726,0.1945336123302554,0.1956976461640568,0.1549200130868856,-1.7600000000000016,-3.830000000000002,0.0218799869131143,0.3900000000000005,-0.0699999999999994,-0.08,0.3825668212647296
2026-06-15,7554.29,16.2,4.47,4.07,2.66,0.0163932737113088,0.0198615889101606,0.2230901424262539,0.2159297327754865,0.1591162664935836,-1.4800000000000004,-2.7200000000000024,0.0028837335064163,0.3999999999999994,-0.0899999999999998,-0.08,0.36245903165166493
2026-06-16,7511.35,16.41,4.43,4.05,2.71,-0.0057004038695285,0.0167408930499288,0.2298615912404361,0.2170620763098289,0.1607910323378265,0.2100000000000008,-3.460000000000001,0.0033089676621734,0.3799999999999999,-0.1000000000000005,-0.08,0.35132838926974175
2026-06-17,7420.1,18.44,4.49,4.2,2.63,-0.0122226757632442,0.0208503586275366,0.2085597427729448,0.2221466896110357,0.1653052367715699,2.030000000000001,-3.7799999999999976,0.01909476322843,0.29,-0.0599999999999996,0.0700000000000002,0.29289397283668395
2026-06-18,7500.58,16.4,4.46,4.19,2.66,0.0107878167081071,0.0142709177562469,0.1863822441333908,0.2295549520217531,0.1653496142637804,-2.0400000000000027,-3.0400000000000027,-0.0013496142637804,0.2699999999999996,0.0099999999999997,0.1400000000000005,0.2377308512263869
2026-06-22,7472.79,17.28,4.51,4.24,2.65,-0.0037119274964131,0.0055460832902299,0.190267651693312,0.1814143973536188,0.1659214289529537,0.8800000000000026,-0.3999999999999986,0.0068785710470463,0.2699999999999996,0.0299999999999993,0.1500000000000003,0.2956878635006946
2026-06-23,7365.46,19.49,4.5,4.16,2.71,-0.0144669178553301,-0.0253141082764089,0.1573848977056307,0.1970860302352153,0.1731774614981813,2.2099999999999973,3.289999999999999,0.0217225385018186,0.3399999999999998,0.0300000000000002,0.0899999999999998,0.22444045052759587
2026-06-24,7358.22,18.63,4.41,4.11,2.76,-0.0009834498689903,-0.0205971542758706,0.1597261733310863,0.1967873292856813,0.1712940650747269,-0.8599999999999994,2.219999999999999,0.015005934925273,0.2999999999999998,-0.0199999999999995,0.0600000000000005,0.22649082086476546
2026-06-25,7357.49,18.89,4.4,4.09,2.78,-9.92136975516599e-05,-0.008473692210178,0.1433247928278191,0.175697381599551,0.1712711390654332,0.2600000000000015,0.4499999999999993,0.0176288609345667,0.3100000000000005,-0.0899999999999998,-0.1100000000000003,0.22648534579491858
2026-06-26,7354.02,18.41,4.38,4.07,2.83,-0.000471739483486,-0.0197332484017714,0.0960340337634672,0.1509164028497963,0.1693939627687371,-0.4800000000000004,2.0100000000000016,0.0147060372312629,0.3099999999999996,-0.08,-0.1200000000000001,0.2536912196285232
2026-06-29,7440.43,17.65,4.38,4.1,2.8,0.0116815403900595,-0.0043397805152986,0.1470391906921351,0.1611596913903561,0.1753176697373255,-0.7600000000000016,0.3699999999999974,0.0011823302626744,0.2800000000000002,-0.1299999999999999,-0.1400000000000005,0.18707156257022822
2026-06-30,7499.36,16.45,4.44,4.14,2.75,0.007889040694017,0.0180161780340486,0.0922151685148983,0.1415815112129856,0.1777134157759877,-1.1999999999999993,-3.039999999999999,-0.0132134157759877,0.3000000000000007,-0.0599999999999996,-0.0200000000000004,0.14600602832147808
2026-07-01,7483.23,16.59,4.48,4.17,2.74,-0.0021531666062711,0.0168464612967679,0.0961696518158587,0.1391941980981646,0.1776307671137576,0.1400000000000005,-2.039999999999999,-0.0117307671137576,0.3100000000000005,0.0700000000000002,0.0599999999999996,0.19163298586572305
2026-07-02,7483.24,16.15,4.49,4.14,2.75,1.3363204549235743e-06,0.0169470113147744,0.0959435664305988,0.1225983520554314,0.1759397677660761,-0.4400000000000013,-2.740000000000002,-0.0144397677660761,0.3500000000000005,0.0899999999999998,0.0499999999999998,0.20290023226133036
2026-07-06,7537.43,15.57,4.48,4.13,2.72,0.007215421829322,0.0246341726275825,0.0918890293777168,0.1155998424994615,0.1773719981148377,-0.5799999999999983,-2.84,-0.0216719981148376,0.3500000000000005,0.1000000000000005,0.0599999999999996,0.20978605560843294
2026-07-07,7503.85,16.13,4.55,4.19,2.67,-0.0044650529462263,0.0084875792912967,0.0885508382375301,0.1164252432679372,0.1484957417661415,0.5599999999999987,-1.5199999999999996,0.0128042582338584,0.3599999999999994,0.1699999999999999,0.0900000000000007,0.20623661606700708
2026-07-08,7482.71,16.9,4.56,4.21,2.7,-0.002821196328092,-0.0022226577308124,0.0725754329195538,0.0852483346160658,0.148798557533829,0.7699999999999996,0.4499999999999993,0.0202014424661709,0.3499999999999996,0.1199999999999992,0.0700000000000002,0.21021291618379248
2026-07-09,7543.64,15.84,4.54,4.16,2.7,0.0081097983130782,0.008040307188537,0.0914672286554575,0.0896992764851627,0.1506740219047536,-1.0599999999999987,-0.75,0.0077259780952463,0.3799999999999999,0.0599999999999996,-0.0099999999999997,0.18495272747807825
2026-07-10,7575.39,15.03,4.56,4.21,2.69,0.0042000110685318,0.0122389819366137,0.0916773598522679,0.088818289294857,0.136185728333413,-0.8100000000000005,-1.1199999999999992,0.0141142716665869,0.3499999999999996,0.0699999999999994,0.0700000000000002,0.23605760138167942
2026-07-13,7515.34,17.16,4.62,4.26,2.69,-0.0079585701894838,-0.002935010082192,0.1043743613213351,0.1035502625856646,0.1278941516196854,2.130000000000001,1.59,0.0437058483803146,0.3600000000000003,0.1399999999999996,0.1299999999999999,0.20175349717146104
2026-07-14,7543.59,16.5,4.58,4.18,2.72,0.0037519309990238,0.005281973863058,0.101399481893543,0.0899082102039273,0.127422239609966,-0.6600000000000001,0.370000000000001,0.037577760390034,0.4000000000000003,0.0300000000000002,-0.0100000000000006,0.23822019680463663
2026-07-15,7572.4,15.67,4.55,4.13,2.71,0.003811862125445,0.0119150323165949,0.0962214674295446,0.0837588395891643,0.1140602462027487,-0.8300000000000001,-1.2299999999999986,0.0426397537972512,0.4199999999999999,-0.0099999999999997,-0.08,0.2314227298113633
2026-07-16,7533.77,16.73,4.57,4.16,2.71,-0.0051144776215999,-0.0013092436180832,0.0923595146850992,0.088058674132839,0.1136820406231428,1.0600000000000005,0.8900000000000006,0.0536179593768571,0.4100000000000001,0.0300000000000002,0.0,0.29025396592025726
2026-07-17,7457.69,18.77,4.55,4.18,2.73,-0.0101498657427962,-0.0156591204294113,0.1041209696913713,0.1036001513670967,0.1108940818062908,2.039999999999999,3.74,0.0768059181937091,0.3700000000000001,-0.0099999999999997,-0.0300000000000002,0.2415544076478833
2026-07-20,7443.28,18.65,4.6,4.21,2.69,-0.0019341028794798,-0.0096346531194074,0.0949026026619661,0.0947119332133099,0.1038340920755321,-0.120000000000001,1.4899999999999984,0.0826659079244678,0.3899999999999997,-0.0200000000000004,-0.0499999999999998,0.2396089858924684
2026-07-21,7509.2,17.05,4.63,4.26,2.69,0.0088173235583282,-0.0045692605601028,0.1180006396227485,0.105023597017294,0.1079502362050607,-1.599999999999998,0.5500000000000007,0.0625497637949393,0.3700000000000001,0.0499999999999998,0.08,0.19731769490256076
2026-07-22,7498.96,16.64,4.67,4.31,2.68,-0.0013645912075829,-0.0097457138931308,0.1104191348151372,0.1041512576628594,0.0932940075631148,-0.4100000000000001,0.9700000000000006,0.0731059924368851,0.3600000000000003,0.1200000000000001,0.1799999999999997,0.31190007184778484
2026-07-23,7408.3,18.7,4.71,4.37,2.77,-0.0121633509763212,-0.016794587247852,0.1323174529557849,0.1106524132864603,0.104099260698925,2.0599999999999987,1.9699999999999989,0.0829007393010749,0.3399999999999998,0.1399999999999996,0.2099999999999999,0.3582460968430266
2026-07-24,7411.98,18.58,4.69,4.33,2.79,0.0004966168082696,-0.006148104696786,0.1187891541865731,0.1065039046326673,0.104087467463354,-0.120000000000001,-0.1900000000000012,0.081712532536646,0.3600000000000003,0.1400000000000005,0.1500000000000003,0.37490360811131596
2026-07-27,7413.18,18.67,4.65,4.31,2.81,0.0001618869546933,-0.0040521148626127,0.1189379213323971,0.101869351935013,0.1040438832279882,0.0900000000000034,0.0200000000000031,0.0826561167720117,0.3400000000000007,0.0500000000000007,0.0999999999999996,
2026-07-28,7428.78,18.21,4.61,4.26,2.84,0.0021021490079125,-0.0107672894130284,0.0909548965805932,0.0998642683330893,0.0954715463759125,-0.4600000000000008,1.16,0.0866284536240874,0.3500000000000005,-0.0199999999999995,0.0,
2026-07-29,7316.15,20.66,4.67,4.22,2.87,-0.0152774127294983,-0.0246801109349438,0.1290180393203751,0.1159370863067313,0.1047898639788744,2.4499999999999997,4.02,0.1018101360211255,0.4500000000000002,0.0,-0.0899999999999998,
2026-07-30,7437.63,17.09,4.68,4.23,2.84,0.0164680163850457,0.0039512564264233,0.1785730939734203,0.1521807630351599,0.1220542609470222,-3.5700000000000003,-1.6099999999999994,0.0488457390529778,0.4499999999999993,-0.0300000000000002,-0.1399999999999996,
2026-07-31,7489.72,15.99,4.75,4.28,2.85,0.0069791639422006,0.010433803560354,0.183756603170736,0.1484880816082663,0.1247699995142331,-1.0999999999999996,-2.589999999999998,0.0351300004857668,0.4699999999999997,0.0599999999999996,-0.0499999999999998,
